sg_uf,nm_ue,ds_cargo,ds_sit_tot_turno,ds_genero,ds_cor_raca,ds_grau_instrucao,nr_cpf,ds_ocupacao,sg_partido
MA,São Luís,VEREADOR,#NULO,MASCULINO,PARDA,SUPERIOR COMPLETO,-4,ADMINISTRADOR,NOVO
MA,São Luís,VEREADOR,#NULO,MASCULINO,PARDA,SUPERIOR COMPLETO,-4,OUTROS,PSDB
MA,São Luís,VEREADOR,#NULO,FEMININO,BRANCA,SUPERIOR COMPLETO,-4,PUBLICITÁRIO,PP
MA,São Luís,VEREADOR,#NULO,FEMININO,PRETA,SUPERIOR COMPLETO,-4,ASSISTENTE SOCIAL,PT
MA,São Luís,VEREADOR,#NULO,MASCULINO,PRETA,LÊ E ESCREVE,-4,EMPRESÁRIO,PT
MA,São Luís,VEREADOR,#NULO,MASCULINO,PARDA,SUPERIOR COMPLETO,-4,OUTROS,AVANTE
MA,São Luís,PREFEITO,NÃO ELEITO,MASCULINO,BRANCA,SUPERIOR COMPLETO,-4,MÉDICO,PRTB
MA,São Luís,PREFEITO,NÃO ELEITO,FEMININO,PARDA,SUPERIOR COMPLETO,-4,ADVOGADO,SOLIDARIEDADE
MA,São Luís,VEREADOR,NÃO ELEITO,MASCULINO,PARDA,SUPERIOR COMPLETO,-4,ENFERMEIRO,MOBILIZA
MA,São Luís,VEREADOR,NÃO ELEITO,FEMININO,BRANCA,ENSINO MÉDIO COMPLETO,-4,VENDEDOR DE COMÉRCIO VAREJISTA E ATACADISTA,MOBILIZA
MA,São Luís,VEREADOR,NÃO ELEITO,MASCULINO,BRANCA,SUPERIOR COMPLETO,-4,PROFESSOR DE ENSINO SUPERIOR,MOBILIZA
MA,São Luís,VEREADOR,NÃO ELEITO,FEMININO,PARDA,ENSINO MÉDIO COMPLETO,-4,OUTROS,PSOL
MA,São Luís,VEREADOR,NÃO ELEITO,FEMININO,PARDA,SUPERIOR INCOMPLETO,-4,OUTROS,PSOL
MA,São Luís,VEREADOR,NÃO ELEITO,MASCULINO,PRETA,ENSINO MÉDIO COMPLETO,-4,OUTROS,PSOL
MA,São Luís,VEREADOR,SUPLENTE,MASCULINO,BRANCA,ENSINO MÉDIO COMPLETO,-4,MOTORISTA DE VEÍCULOS DE TRANSPORTE DE CARGA,UNIÃO
MA,São Luís,VEREADOR,SUPLENTE,FEMININO,PARDA,SUPERIOR COMPLETO,-4,ADMINISTRADOR,UNIÃO
MA,São Luís,VEREADOR,NÃO ELEITO,FEMININO,PRETA,SUPERIOR COMPLETO,-4,PROFESSOR DE ENSINO FUNDAMENTAL,PSTU
MA,São Luís,VEREADOR,NÃO ELEITO,MASCULINO,BRANCA,ENSINO MÉDIO COMPLETO,-4,MOTORISTA DE VEÍCULOS DE TRANSPORTE COLETIVO DE PASSAGEIROS,PMB
MA,São Luís,VEREADOR,NÃO ELEITO,FEMININO,PARDA,SUPERIOR COMPLETO,-4,PEDAGOGO,PMB
MA,São Luís,VEREADOR,SUPLENTE,FEMININO,PRETA,SUPERIOR COMPLETO,-4,OUTROS,PDT
MA,São Luís,VEREADOR,SUPLENTE,MASCULINO,PARDA,ENSINO MÉDIO COMPLETO,-4,OUTROS,PDT
MA,São Luís,VEREADOR,NÃO ELEITO,MASCULINO,BRANCA,SUPERIOR COMPLETO,-4,SERVIDOR PÚBLICO CIVIL APOSENTADO,NOVO
MA,São Luís,VEREADOR,NÃO ELEITO,MASCULINO,BRANCA,ENSINO MÉDIO COMPLETO,-4,OUTROS,NOVO
MA,São Luís,VEREADOR,NÃO ELEITO,MASCULINO,PARDA,ENSINO MÉDIO COMPLETO,-4,VIGILANTE,NOVO
MA,São Luís,VEREADOR,NÃO ELEITO,MASCULINO,BRANCA,SUPERIOR COMPLETO,-4,MÉDICO,NOVO
MA,São Luís,VEREADOR,NÃO ELEITO,MASCULINO,PARDA,SUPERIOR COMPLETO,-4,ADVOGADO,NOVO
MA,São Luís,VEREADOR,SUPLENTE,FEMININO,PARDA,ENSINO MÉDIO COMPLETO,-4,PRODUTOR DE ESPETÁCULOS PÚBLICOS,PSB
MA,São Luís,VEREADOR,ELEITO POR QP,MASCULINO,BRANCA,SUPERIOR COMPLETO,-4,VEREADOR,PSB
MA,São Luís,VEREADOR,SUPLENTE,FEMININO,PRETA,ENSINO MÉDIO COMPLETO,-4,CABELEIREIRO E BARBEIRO,PSB
MA,São Luís,VEREADOR,ELEITO POR QP,MASCULINO,PARDA,SUPERIOR COMPLETO,-4,EMPRESÁRIO,PSB
MA,São Luís,VEREADOR,SUPLENTE,MASCULINO,PARDA,SUPERIOR COMPLETO,-4,LOCUTOR E COMENTARISTA DE RÁDIO E TELEVISÃO E RADIALISTA,PSB
MA,São Luís,VEREADOR,NÃO ELEITO,MASCULINO,BRANCA,ENSINO MÉDIO COMPLETO,-4,COMERCIANTE,PSDB
MA,São Luís,VEREADOR,NÃO ELEITO,MASCULINO,PARDA,ENSINO MÉDIO COMPLETO,-4,TRABALHADOR DE CONSTRUÇÃO CIVIL,CIDADANIA
MA,São Luís,VEREADOR,NÃO ELEITO,MASCULINO,BRANCA,SUPERIOR COMPLETO,-4,ENGENHEIRO,PSDB
MA,São Luís,VEREADOR,NÃO ELEITO,FEMININO,PARDA,ENSINO MÉDIO COMPLETO,-4,OUTROS,PSDB
MA,São Luís,VEREADOR,NÃO ELEITO,FEMININO,BRANCA,ENSINO MÉDIO COMPLETO,-4,AGENTE DE VIAGEM,PSDB
MA,São Luís,VEREADOR,NÃO ELEITO,MASCULINO,PARDA,ENSINO FUNDAMENTAL COMPLETO,-4,OUTROS,PSDB
MA,São Luís,VEREADOR,NÃO ELEITO,FEMININO,BRANCA,ENSINO MÉDIO COMPLETO,-4,OUTROS,CIDADANIA
MA,São Luís,VEREADOR,NÃO ELEITO,MASCULINO,PARDA,ENSINO MÉDIO COMPLETO,-4,JORNALISTA E REDATOR,PSDB
MA,São Luís,VEREADOR,NÃO ELEITO,FEMININO,BRANCA,SUPERIOR COMPLETO,-4,FARMACÊUTICO,PSDB
MA,São Luís,VEREADOR,NÃO ELEITO,MASCULINO,PARDA,ENSINO MÉDIO COMPLETO,-4,OUTROS,DC
MA,São Luís,VEREADOR,NÃO ELEITO,FEMININO,PARDA,SUPERIOR COMPLETO,-4,PEDAGOGO,DC
MA,São Luís,VEREADOR,SUPLENTE,MASCULINO,PARDA,ENSINO MÉDIO COMPLETO,-4,EMPRESÁRIO,PRD
MA,São Luís,VEREADOR,SUPLENTE,MASCULINO,PRETA,SUPERIOR COMPLETO,-4,ADVOGADO,PRD
MA,São Luís,VEREADOR,SUPLENTE,MASCULINO,BRANCA,SUPERIOR COMPLETO,-4,ENGENHEIRO,PRD
MA,São Luís,VEREADOR,SUPLENTE,MASCULINO,PARDA,SUPERIOR COMPLETO,-4,ADMINISTRADOR,PRD
MA,São Luís,VEREADOR,SUPLENTE,FEMININO,PARDA,SUPERIOR COMPLETO,-4,ENFERMEIRO,PP
MA,São Luís,VEREADOR,ELEITO POR QP,MASCULINO,PARDA,SUPERIOR COMPLETO,-4,VEREADOR,PP
MA,São Luís,VEREADOR,SUPLENTE,MASCULINO,BRANCA,ENSINO FUNDAMENTAL COMPLETO,-4,COMERCIANTE,PP
MA,São Luís,VEREADOR,SUPLENTE,MASCULINO,PARDA,SUPERIOR COMPLETO,-4,ADVOGADO,PODE
MA,São Luís,VEREADOR,SUPLENTE,MASCULINO,PRETA,SUPERIOR COMPLETO,-4,ADVOGADO,PODE
MA,São Luís,VEREADOR,SUPLENTE,FEMININO,PARDA,ENSINO MÉDIO COMPLETO,-4,"ESTUDANTE, BOLSISTA, ESTAGIÁRIO E ASSEMELHADOS",PODE
MA,São Luís,VEREADOR,SUPLENTE,FEMININO,PRETA,ENSINO FUNDAMENTAL COMPLETO,-4,AUXILIAR DE ESCRITÓRIO E ASSEMELHADOS,PODE
MA,São Luís,VEREADOR,SUPLENTE,MASCULINO,BRANCA,ENSINO MÉDIO COMPLETO,-4,"SUPERVISOR, INSPETOR E AGENTE DE COMPRAS E VENDAS",PODE
MA,São Luís,VEREADOR,SUPLENTE,MASCULINO,PARDA,ENSINO MÉDIO COMPLETO,-4,TAXISTA,PODE
MA,São Luís,VEREADOR,ELEITO POR MÉDIA,MASCULINO,BRANCA,SUPERIOR INCOMPLETO,-4,EMPRESÁRIO,PODE
MA,São Luís,VEREADOR,SUPLENTE,FEMININO,BRANCA,SUPERIOR COMPLETO,-4,PROFESSOR DE ENSINO SUPERIOR,PT
MA,São Luís,VEREADOR,SUPLENTE,MASCULINO,PARDA,ENSINO MÉDIO COMPLETO,-4,OUTROS,AVANTE
MA,São Luís,VEREADOR,SUPLENTE,MASCULINO,PRETA,ENSINO MÉDIO COMPLETO,-4,APOSENTADO (EXCETO SERVIDOR PÚBLICO),AVANTE
MA,São Luís,VEREADOR,SUPLENTE,MASCULINO,PARDA,SUPERIOR COMPLETO,-4,EMPRESÁRIO,PL
MA,São Luís,VEREADOR,SUPLENTE,MASCULINO,BRANCA,SUPERIOR COMPLETO,-4,OUTROS,PL
MA,São Luís,VEREADOR,SUPLENTE,FEMININO,BRANCA,SUPERIOR COMPLETO,-4,OUTROS,PL
MA,São Luís,VEREADOR,SUPLENTE,FEMININO,PRETA,ENSINO FUNDAMENTAL INCOMPLETO,-4,DONA DE CASA,PL
MA,São Luís,VEREADOR,SUPLENTE,FEMININO,PARDA,SUPERIOR COMPLETO,-4,ENGENHEIRO,PL
MA,São Luís,VEREADOR,SUPLENTE,FEMININO,PRETA,SUPERIOR COMPLETO,-4,APOSENTADO (EXCETO SERVIDOR PÚBLICO),PL
MA,São Luís,VEREADOR,SUPLENTE,MASCULINO,PARDA,ENSINO MÉDIO COMPLETO,-4,MECÂNICO DE MANUTENÇÃO,REPUBLICANOS
MA,São Luís,VEREADOR,SUPLENTE,MASCULINO,BRANCA,SUPERIOR COMPLETO,-4,MÉDICO,REPUBLICANOS
MA,São Luís,VEREADOR,SUPLENTE,MASCULINO,PARDA,SUPERIOR COMPLETO,-4,OUTROS,REPUBLICANOS
MA,São Luís,VEREADOR,SUPLENTE,MASCULINO,PRETA,SUPERIOR COMPLETO,-4,PROFESSOR E INSTRUTOR DE FORMAÇÃO PROFISSIONAL,REPUBLICANOS
MA,São Luís,VEREADOR,SUPLENTE,MASCULINO,PARDA,SUPERIOR COMPLETO,-4,MÉDICO,MDB
MA,São Luís,VEREADOR,SUPLENTE,MASCULINO,PARDA,ENSINO MÉDIO COMPLETO,-4,OUTROS,MDB
MA,São Luís,VEREADOR,SUPLENTE,MASCULINO,PARDA,ENSINO MÉDIO COMPLETO,-4,TÉCNICO DE ENFERMAGEM E ASSEMELHADOS (EXCETO ENFERMEIRO),MDB
MA,São Luís,VEREADOR,SUPLENTE,FEMININO,BRANCA,SUPERIOR COMPLETO,-4,VEREADOR,PSD
MA,São Luís,VEREADOR,SUPLENTE,FEMININO,PARDA,ENSINO MÉDIO COMPLETO,-4,OUTROS,PSD
MA,São Luís,VEREADOR,ELEITO POR QP,MASCULINO,BRANCA,SUPERIOR COMPLETO,-4,MÉDICO,PSD
MA,São Luís,VEREADOR,SUPLENTE,MASCULINO,PARDA,ENSINO MÉDIO COMPLETO,-4,OUTROS,PSD
MA,São Luís,VEREADOR,SUPLENTE,MASCULINO,PARDA,SUPERIOR COMPLETO,-4,ADMINISTRADOR,PSD
MA,São Luís,VEREADOR,ELEITO POR MÉDIA,MASCULINO,PRETA,SUPERIOR COMPLETO,-4,VEREADOR,PSD
MA,São Luís,VICE-PREFEITO,NÃO ELEITO,FEMININO,PRETA,SUPERIOR INCOMPLETO,-4,SECRETÁRIO E DATILÓGRAFO,PSOL
MA,São Luís,VEREADOR,#NULO,MASCULINO,PARDA,ENSINO MÉDIO COMPLETO,-4,OUTROS,MOBILIZA
MA,São Luís,VEREADOR,#NULO,MASCULINO,PRETA,SUPERIOR COMPLETO,-4,OUTROS,PDT
MA,São Luís,VEREADOR,#NULO,MASCULINO,PARDA,ENSINO MÉDIO COMPLETO,-4,CABELEIREIRO E BARBEIRO,PT
MA,São Luís,PREFEITO,NÃO ELEITO,MASCULINO,PRETA,SUPERIOR INCOMPLETO,-4,EMPRESÁRIO,PDT
MA,São Luís,VEREADOR,NÃO ELEITO,FEMININO,PARDA,ENSINO MÉDIO COMPLETO,-4,OUTROS,MOBILIZA
MA,São Luís,VEREADOR,NÃO ELEITO,MASCULINO,BRANCA,SUPERIOR COMPLETO,-4,MOTOBOY,MOBILIZA
MA,São Luís,VEREADOR,NÃO ELEITO,MASCULINO,PRETA,SUPERIOR COMPLETO,-4,SERVIDOR PÚBLICO ESTADUAL,PSOL
MA,São Luís,VEREADOR,NÃO ELEITO,FEMININO,PRETA,ENSINO MÉDIO COMPLETO,-4,DONA DE CASA,PSOL
MA,São Luís,VEREADOR,NÃO ELEITO,MASCULINO,PARDA,SUPERIOR COMPLETO,-4,JORNALISTA E REDATOR,PSOL
MA,São Luís,VEREADOR,NÃO ELEITO,MASCULINO,BRANCA,ENSINO MÉDIO COMPLETO,-4,MOTORISTA PARTICULAR,PSOL
MA,São Luís,VEREADOR,SUPLENTE,FEMININO,PARDA,SUPERIOR COMPLETO,-4,ADVOGADO,UNIÃO
MA,São Luís,VEREADOR,SUPLENTE,FEMININO,PARDA,SUPERIOR COMPLETO,-4,SERVIDOR PÚBLICO MUNICIPAL,UNIÃO
MA,São Luís,VEREADOR,SUPLENTE,FEMININO,BRANCA,SUPERIOR COMPLETO,-4,ADVOGADO,UNIÃO
MA,São Luís,VEREADOR,SUPLENTE,MASCULINO,PARDA,SUPERIOR COMPLETO,-4,ADVOGADO,UNIÃO
MA,São Luís,VEREADOR,SUPLENTE,MASCULINO,PRETA,SUPERIOR COMPLETO,-4,ADVOGADO,UNIÃO
MA,São Luís,VEREADOR,SUPLENTE,FEMININO,PRETA,ENSINO MÉDIO COMPLETO,-4,DONA DE CASA,UNIÃO
MA,São Luís,VEREADOR,SUPLENTE,FEMININO,BRANCA,SUPERIOR COMPLETO,-4,SERVENTUÁRIO DE JUSTIÇA,UNIÃO
MA,São Luís,VEREADOR,SUPLENTE,MASCULINO,PRETA,ENSINO MÉDIO COMPLETO,-4,SACERDOTE OU MEMBRO DE ORDEM OU SEITA RELIGIOSA,UNIÃO
MA,São Luís,VEREADOR,SUPLENTE,MASCULINO,BRANCA,ENSINO MÉDIO COMPLETO,-4,"PILOTO DE AVIAÇÃO COMERCIAL, NAVEGADOR, MECÂNICO DE VÔO E ASSEMELHADOS",UNIÃO
MA,São Luís,VEREADOR,NÃO ELEITO,FEMININO,BRANCA,ENSINO FUNDAMENTAL COMPLETO,-4,OUTROS,PMB
MA,São Luís,VEREADOR,SUPLENTE,FEMININO,PARDA,ENSINO MÉDIO COMPLETO,-4,OUTROS,PDT
MA,São Luís,VEREADOR,SUPLENTE,FEMININO,BRANCA,SUPERIOR COMPLETO,-4,EMPRESÁRIO,PDT
MA,São Luís,VEREADOR,SUPLENTE,MASCULINO,PARDA,SUPERIOR COMPLETO,-4,ENFERMEIRO,PDT
MA,São Luís,VEREADOR,SUPLENTE,MASCULINO,PRETA,SUPERIOR COMPLETO,-4,VEREADOR,PDT
MA,São Luís,VEREADOR,SUPLENTE,MASCULINO,BRANCA,SUPERIOR COMPLETO,-4,OUTROS,PDT
MA,São Luís,VEREADOR,NÃO ELEITO,MASCULINO,PARDA,SUPERIOR COMPLETO,-4,MILITAR REFORMADO,NOVO
MA,São Luís,VEREADOR,NÃO ELEITO,MASCULINO,PARDA,ENSINO MÉDIO COMPLETO,-4,FISCAL,NOVO
MA,São Luís,VEREADOR,SUPLENTE,MASCULINO,PARDA,SUPERIOR COMPLETO,-4,VEREADOR,PSB
MA,São Luís,VEREADOR,SUPLENTE,MASCULINO,PARDA,SUPERIOR COMPLETO,-4,OUTROS,PSB
MA,São Luís,VEREADOR,NÃO ELEITO,FEMININO,PARDA,SUPERIOR COMPLETO,-4,OUTROS,PSDB
MA,São Luís,VEREADOR,NÃO ELEITO,MASCULINO,PARDA,SUPERIOR COMPLETO,-4,OUTROS,PSDB
MA,São Luís,VEREADOR,NÃO ELEITO,MASCULINO,BRANCA,ENSINO MÉDIO COMPLETO,-4,OUTROS,PSDB
MA,São Luís,VEREADOR,NÃO ELEITO,FEMININO,PARDA,ENSINO MÉDIO COMPLETO,-4,MECÂNICO DE MANUTENÇÃO,PSDB
MA,São Luís,VEREADOR,NÃO ELEITO,FEMININO,PARDA,ENSINO MÉDIO COMPLETO,-4,OUTROS,CIDADANIA
MA,São Luís,VEREADOR,NÃO ELEITO,FEMININO,PARDA,SUPERIOR COMPLETO,-4,ENFERMEIRO,DC
MA,São Luís,VEREADOR,NÃO ELEITO,MASCULINO,BRANCA,ENSINO MÉDIO COMPLETO,-4,REPRESENTANTE COMERCIAL,DC
MA,São Luís,VEREADOR,NÃO ELEITO,MASCULINO,PARDA,ENSINO FUNDAMENTAL INCOMPLETO,-4,OUTROS,DC
MA,São Luís,VEREADOR,SUPLENTE,MASCULINO,BRANCA,ENSINO MÉDIO COMPLETO,-4,APOSENTADO (EXCETO SERVIDOR PÚBLICO),PRD
MA,São Luís,VEREADOR,SUPLENTE,MASCULINO,PARDA,SUPERIOR COMPLETO,-4,ADVOGADO,PRD
MA,São Luís,VEREADOR,SUPLENTE,MASCULINO,PARDA,SUPERIOR COMPLETO,-4,FISIOTERAPEUTA E TERAPEUTA OCUPACIONAL,PRD
MA,São Luís,VEREADOR,SUPLENTE,FEMININO,PARDA,SUPERIOR COMPLETO,-4,TÉCNICO DE LABORATÓRIO E RAIOS X,PRD
MA,São Luís,VEREADOR,SUPLENTE,FEMININO,PARDA,SUPERIOR COMPLETO,-4,SERVIDOR PÚBLICO MUNICIPAL,PP
MA,São Luís,VEREADOR,SUPLENTE,MASCULINO,PRETA,SUPERIOR COMPLETO,-4,CONTADOR,PP
MA,São Luís,VEREADOR,SUPLENTE,MASCULINO,PARDA,SUPERIOR COMPLETO,-4,JORNALISTA E REDATOR,PP
MA,São Luís,VEREADOR,SUPLENTE,MASCULINO,BRANCA,SUPERIOR INCOMPLETO,-4,EMPRESÁRIO,PODE
MA,São Luís,VEREADOR,SUPLENTE,MASCULINO,PRETA,SUPERIOR COMPLETO,-4,PROFESSOR DE ENSINO FUNDAMENTAL,PODE
MA,São Luís,VEREADOR,SUPLENTE,MASCULINO,BRANCA,SUPERIOR COMPLETO,-4,ADVOGADO,PODE
MA,São Luís,VEREADOR,SUPLENTE,MASCULINO,PARDA,SUPERIOR COMPLETO,-4,ANALISTA DE SISTEMAS,PT
MA,São Luís,VEREADOR,SUPLENTE,MASCULINO,PRETA,SUPERIOR COMPLETO,-4,PROFESSOR DE ENSINO SUPERIOR,PT
MA,São Luís,VEREADOR,SUPLENTE,MASCULINO,PARDA,ENSINO MÉDIO COMPLETO,-4,APOSENTADO (EXCETO SERVIDOR PÚBLICO),AVANTE
MA,São Luís,VEREADOR,SUPLENTE,MASCULINO,PRETA,ENSINO MÉDIO COMPLETO,-4,CABELEIREIRO E BARBEIRO,AVANTE
MA,São Luís,VEREADOR,SUPLENTE,FEMININO,NÃO INFORMADO,SUPERIOR COMPLETO,-4,ADMINISTRADOR,AVANTE
MA,São Luís,VEREADOR,SUPLENTE,MASCULINO,BRANCA,ENSINO MÉDIO COMPLETO,-4,EMPRESÁRIO,AVANTE
MA,São Luís,VEREADOR,SUPLENTE,MASCULINO,PRETA,ENSINO MÉDIO COMPLETO,-4,OUTROS,AVANTE
MA,São Luís,VEREADOR,ELEITO POR QP,MASCULINO,PARDA,SUPERIOR COMPLETO,-4,VEREADOR,AVANTE
MA,São Luís,VEREADOR,SUPLENTE,FEMININO,PARDA,SUPERIOR COMPLETO,-4,EMPRESÁRIO,AVANTE
MA,São Luís,VEREADOR,SUPLENTE,FEMININO,PARDA,SUPERIOR COMPLETO,-4,JORNALISTA E REDATOR,AVANTE
MA,São Luís,VEREADOR,SUPLENTE,MASCULINO,PARDA,ENSINO MÉDIO COMPLETO,-4,JARDINEIRO,PL
MA,São Luís,VEREADOR,SUPLENTE,MASCULINO,BRANCA,ENSINO MÉDIO COMPLETO,-4,OUTROS,PL
MA,São Luís,VEREADOR,SUPLENTE,FEMININO,BRANCA,SUPERIOR COMPLETO,-4,FISIOTERAPEUTA E TERAPEUTA OCUPACIONAL,PL
MA,São Luís,VEREADOR,SUPLENTE,FEMININO,PARDA,SUPERIOR COMPLETO,-4,ASSISTENTE SOCIAL,PL
MA,São Luís,VEREADOR,SUPLENTE,FEMININO,PARDA,SUPERIOR COMPLETO,-4,ADVOGADO,REPUBLICANOS
MA,São Luís,VEREADOR,SUPLENTE,MASCULINO,PARDA,SUPERIOR COMPLETO,-4,EMPRESÁRIO,REPUBLICANOS
MA,São Luís,VEREADOR,SUPLENTE,MASCULINO,PARDA,SUPERIOR INCOMPLETO,-4,SERVIDOR PÚBLICO MUNICIPAL,REPUBLICANOS
MA,São Luís,VEREADOR,SUPLENTE,FEMININO,PRETA,SUPERIOR COMPLETO,-4,ADMINISTRADOR,MDB
MA,São Luís,VEREADOR,SUPLENTE,FEMININO,PARDA,ENSINO FUNDAMENTAL INCOMPLETO,-4,OUTROS,MDB
MA,São Luís,VEREADOR,SUPLENTE,FEMININO,PARDA,ENSINO MÉDIO COMPLETO,-4,OUTROS,MDB
MA,São Luís,VEREADOR,SUPLENTE,MASCULINO,PARDA,ENSINO MÉDIO INCOMPLETO,-4,VEREADOR,PSD
MA,São Luís,VEREADOR,ELEITO POR QP,MASCULINO,PARDA,SUPERIOR COMPLETO,-4,JORNALISTA E REDATOR,PSD
MA,São Luís,VEREADOR,SUPLENTE,FEMININO,BRANCA,SUPERIOR COMPLETO,-4,MÚSICO,PSD
MA,São Luís,VEREADOR,#NULO,MASCULINO,PARDA,ENSINO MÉDIO COMPLETO,-4,OUTROS,PMB
MA,São Luís,VEREADOR,#NULO,FEMININO,PRETA,ENSINO MÉDIO COMPLETO,-4,OUTROS,PDT
MA,São Luís,PREFEITO,NÃO ELEITO,MASCULINO,PARDA,SUPERIOR COMPLETO,-4,DEPUTADO,NOVO
MA,São Luís,VEREADOR,NÃO ELEITO,MASCULINO,PARDA,ENSINO MÉDIO COMPLETO,-4,OUTROS,MOBILIZA
MA,São Luís,VEREADOR,NÃO ELEITO,MASCULINO,PRETA,ENSINO MÉDIO COMPLETO,-4,"CORRETOR DE IMÓVEIS, SEGUROS, TÍTULOS E VALORES",PSOL
MA,São Luís,VEREADOR,NÃO ELEITO,FEMININO,BRANCA,ENSINO MÉDIO COMPLETO,-4,SERVIDOR PÚBLICO FEDERAL,PSOL
MA,São Luís,VEREADOR,SUPLENTE,FEMININO,PARDA,SUPERIOR COMPLETO,-4,PEDAGOGO,UNIÃO
MA,São Luís,VEREADOR,NÃO ELEITO,MASCULINO,BRANCA,SUPERIOR COMPLETO,-4,PROFESSOR DE ENSINO DE PRIMEIRO E SEGUNDO GRAUS,PMB
MA,São Luís,VEREADOR,NÃO ELEITO,MASCULINO,BRANCA,ENSINO MÉDIO COMPLETO,-4,OUTROS,PMB
MA,São Luís,VEREADOR,SUPLENTE,MASCULINO,PRETA,ENSINO MÉDIO COMPLETO,-4,EMPRESÁRIO,PDT
MA,São Luís,VEREADOR,SUPLENTE,FEMININO,BRANCA,SUPERIOR COMPLETO,-4,PROFESSOR DE ENSINO MÉDIO,PDT
MA,São Luís,VEREADOR,SUPLENTE,MASCULINO,PARDA,SUPERIOR COMPLETO,-4,OUTROS,PDT
MA,São Luís,VEREADOR,SUPLENTE,MASCULINO,PRETA,SUPERIOR COMPLETO,-4,PROFESSOR DE ENSINO MÉDIO,PDT
MA,São Luís,VEREADOR,ELEITO POR QP,MASCULINO,PARDA,SUPERIOR COMPLETO,-4,ADVOGADO,PDT
MA,São Luís,VEREADOR,NÃO ELEITO,MASCULINO,PARDA,SUPERIOR COMPLETO,-4,MÉDICO,NOVO
MA,São Luís,VEREADOR,NÃO ELEITO,MASCULINO,PRETA,SUPERIOR COMPLETO,-4,CONTADOR,NOVO
MA,São Luís,VEREADOR,NÃO ELEITO,MASCULINO,BRANCA,SUPERIOR COMPLETO,-4,GUIA DE TURISMO,NOVO
MA,São Luís,VEREADOR,NÃO ELEITO,FEMININO,BRANCA,SUPERIOR COMPLETO,-4,ESTETICISTA,NOVO
MA,São Luís,VEREADOR,NÃO ELEITO,FEMININO,PARDA,SUPERIOR COMPLETO,-4,ADVOGADO,NOVO
MA,São Luís,VEREADOR,SUPLENTE,MASCULINO,PARDA,ENSINO FUNDAMENTAL COMPLETO,-4,OUTROS,PSB
MA,São Luís,VEREADOR,SUPLENTE,FEMININO,PARDA,ENSINO MÉDIO COMPLETO,-4,OUTROS,PSB
MA,São Luís,VEREADOR,NÃO ELEITO,MASCULINO,BRANCA,SUPERIOR COMPLETO,-4,VEREADOR,PSDB
MA,São Luís,VEREADOR,NÃO ELEITO,MASCULINO,PARDA,ENSINO MÉDIO COMPLETO,-4,OUTROS,CIDADANIA
MA,São Luís,VEREADOR,NÃO ELEITO,MASCULINO,BRANCA,SUPERIOR COMPLETO,-4,SERVIDOR PÚBLICO ESTADUAL,PSDB
MA,São Luís,VEREADOR,NÃO ELEITO,FEMININO,BRANCA,ENSINO FUNDAMENTAL COMPLETO,-4,OUTROS,DC
MA,São Luís,VEREADOR,NÃO ELEITO,MASCULINO,PARDA,SUPERIOR COMPLETO,-4,ADVOGADO,DC
MA,São Luís,VEREADOR,NÃO ELEITO,MASCULINO,PARDA,SUPERIOR COMPLETO,-4,PROFESSOR DE ENSINO MÉDIO,DC
MA,São Luís,VEREADOR,NÃO ELEITO,FEMININO,PARDA,SUPERIOR COMPLETO,-4,NUTRICIONISTA E ASSEMELHADOS,DC
MA,São Luís,VEREADOR,SUPLENTE,MASCULINO,PARDA,SUPERIOR COMPLETO,-4,EMPRESÁRIO,PRD
MA,São Luís,VEREADOR,SUPLENTE,MASCULINO,BRANCA,ENSINO MÉDIO COMPLETO,-4,EMPRESÁRIO,PRD
MA,São Luís,VEREADOR,SUPLENTE,MASCULINO,PARDA,SUPERIOR COMPLETO,-4,SERVIDOR PÚBLICO ESTADUAL,PP
MA,São Luís,VEREADOR,SUPLENTE,MASCULINO,PARDA,SUPERIOR COMPLETO,-4,PROFESSOR DE ENSINO SUPERIOR,PP
MA,São Luís,VEREADOR,SUPLENTE,MASCULINO,PARDA,SUPERIOR COMPLETO,-4,EMPRESÁRIO,PP
MA,São Luís,VEREADOR,SUPLENTE,FEMININO,PARDA,SUPERIOR COMPLETO,-4,OUTROS,PODE
MA,São Luís,VEREADOR,SUPLENTE,FEMININO,PARDA,SUPERIOR COMPLETO,-4,PUBLICITÁRIO,PODE
MA,São Luís,VEREADOR,SUPLENTE,MASCULINO,BRANCA,ENSINO MÉDIO COMPLETO,-4,"CORRETOR DE IMÓVEIS, SEGUROS, TÍTULOS E VALORES",PODE
MA,São Luís,VEREADOR,SUPLENTE,FEMININO,INDÍGENA,ENSINO FUNDAMENTAL COMPLETO,-4,PESCADOR,PV
MA,São Luís,VEREADOR,SUPLENTE,MASCULINO,PRETA,SUPERIOR COMPLETO,-4,"ESTUDANTE, BOLSISTA, ESTAGIÁRIO E ASSEMELHADOS",AVANTE
MA,São Luís,VEREADOR,SUPLENTE,FEMININO,BRANCA,ENSINO MÉDIO COMPLETO,-4,ADMINISTRADOR,AVANTE
MA,São Luís,VEREADOR,SUPLENTE,MASCULINO,PRETA,ENSINO MÉDIO COMPLETO,-4,"ESTUDANTE, BOLSISTA, ESTAGIÁRIO E ASSEMELHADOS",AVANTE
MA,São Luís,VEREADOR,SUPLENTE,FEMININO,PARDA,SUPERIOR COMPLETO,-4,ADMINISTRADOR,AVANTE
MA,São Luís,VEREADOR,SUPLENTE,MASCULINO,PARDA,ENSINO FUNDAMENTAL COMPLETO,-4,OUTROS,PL
MA,São Luís,VEREADOR,SUPLENTE,MASCULINO,PARDA,SUPERIOR COMPLETO,-4,OUTROS,PL
MA,São Luís,VEREADOR,SUPLENTE,MASCULINO,PRETA,SUPERIOR COMPLETO,-4,ADVOGADO,PL
MA,São Luís,VEREADOR,SUPLENTE,MASCULINO,PARDA,ENSINO MÉDIO COMPLETO,-4,POLICIAL MILITAR,REPUBLICANOS
MA,São Luís,VEREADOR,SUPLENTE,MASCULINO,PARDA,SUPERIOR COMPLETO,-4,SERVIDOR PÚBLICO MUNICIPAL,REPUBLICANOS
MA,São Luís,VEREADOR,SUPLENTE,MASCULINO,PARDA,ENSINO MÉDIO COMPLETO,-4,ADMINISTRADOR,MDB
MA,São Luís,VEREADOR,SUPLENTE,MASCULINO,PRETA,SUPERIOR COMPLETO,-4,APOSENTADO (EXCETO SERVIDOR PÚBLICO),MDB
MA,São Luís,VEREADOR,SUPLENTE,FEMININO,BRANCA,SUPERIOR INCOMPLETO,-4,OUTROS,MDB
MA,São Luís,VEREADOR,SUPLENTE,FEMININO,PARDA,SUPERIOR COMPLETO,-4,SERVIDOR PÚBLICO MUNICIPAL,PSD
MA,São Luís,VICE-PREFEITO,NÃO ELEITO,FEMININO,PARDA,SUPERIOR COMPLETO,-4,SERVIDOR PÚBLICO ESTADUAL,PSTU
MA,São Luís,VEREADOR,NÃO ELEITO,MASCULINO,PRETA,SUPERIOR COMPLETO,-4,OUTROS,PDT
MA,São Luís,VEREADOR,#NULO,FEMININO,PRETA,ENSINO MÉDIO COMPLETO,-4,OUTROS,MOBILIZA
MA,São Luís,PREFEITO,ELEITO,MASCULINO,BRANCA,SUPERIOR COMPLETO,-4,PREFEITO,PSD
MA,São Luís,PREFEITO,NÃO ELEITO,MASCULINO,PARDA,SUPERIOR COMPLETO,-4,ADVOGADO,PSB
MA,São Luís,VEREADOR,NÃO ELEITO,MASCULINO,PARDA,SUPERIOR INCOMPLETO,-4,SERVIDOR PÚBLICO ESTADUAL,REDE
MA,São Luís,VEREADOR,NÃO ELEITO,MASCULINO,PRETA,SUPERIOR COMPLETO,-4,OUTROS,PSOL
MA,São Luís,VEREADOR,NÃO ELEITO,FEMININO,BRANCA,ENSINO MÉDIO COMPLETO,-4,COZINHEIRO,REDE
MA,São Luís,VEREADOR,NÃO ELEITO,MASCULINO,PARDA,SUPERIOR COMPLETO,-4,ADVOGADO,REDE
MA,São Luís,VEREADOR,SUPLENTE,MASCULINO,PRETA,SUPERIOR COMPLETO,-4,"ESTIVADOR, CARREGADOR E ASSEMELHADOS",UNIÃO
MA,São Luís,VEREADOR,NÃO ELEITO,FEMININO,PARDA,ENSINO FUNDAMENTAL COMPLETO,-4,OUTROS,PMB
MA,São Luís,VEREADOR,NÃO ELEITO,MASCULINO,PARDA,ENSINO MÉDIO COMPLETO,-4,ADMINISTRADOR,PMB
MA,São Luís,VEREADOR,SUPLENTE,FEMININO,PARDA,SUPERIOR COMPLETO,-4,OUTROS,PDT
MA,São Luís,VEREADOR,SUPLENTE,MASCULINO,PRETA,SUPERIOR COMPLETO,-4,TÉCNICO EM AGRONOMIA E AGRIMENSURA,PDT
MA,São Luís,VEREADOR,NÃO ELEITO,FEMININO,BRANCA,ENSINO FUNDAMENTAL COMPLETO,-4,"CORRETOR DE IMÓVEIS, SEGUROS, TÍTULOS E VALORES",NOVO
MA,São Luís,VEREADOR,NÃO ELEITO,FEMININO,BRANCA,SUPERIOR COMPLETO,-4,EMPRESÁRIO,NOVO
MA,São Luís,VEREADOR,NÃO ELEITO,MASCULINO,PARDA,ENSINO MÉDIO COMPLETO,-4,EMPRESÁRIO,NOVO
MA,São Luís,VEREADOR,NÃO ELEITO,MASCULINO,PRETA,ENSINO FUNDAMENTAL INCOMPLETO,-4,MOTORISTA PARTICULAR,NOVO
MA,São Luís,VEREADOR,NÃO ELEITO,FEMININO,BRANCA,SUPERIOR COMPLETO,-4,APOSENTADO (EXCETO SERVIDOR PÚBLICO),NOVO
MA,São Luís,VEREADOR,NÃO ELEITO,FEMININO,PARDA,SUPERIOR COMPLETO,-4,OUTROS,NOVO
MA,São Luís,VEREADOR,SUPLENTE,MASCULINO,PARDA,ENSINO MÉDIO INCOMPLETO,-4,PRODUTOR AGROPECUÁRIO,PSB
MA,São Luís,VEREADOR,SUPLENTE,FEMININO,PRETA,SUPERIOR COMPLETO,-4,PEDAGOGO,PSB
MA,São Luís,VEREADOR,SUPLENTE,MASCULINO,BRANCA,SUPERIOR INCOMPLETO,-4,PROFESSOR DE ENSINO MÉDIO,PSB
MA,São Luís,VEREADOR,NÃO ELEITO,FEMININO,PARDA,ENSINO MÉDIO COMPLETO,-4,OUTROS,DC
MA,São Luís,VEREADOR,NÃO ELEITO,MASCULINO,PARDA,ENSINO MÉDIO COMPLETO,-4,ENGENHEIRO,DC
MA,São Luís,VEREADOR,SUPLENTE,FEMININO,PRETA,SUPERIOR COMPLETO,-4,ASSISTENTE SOCIAL,PRD
MA,São Luís,VEREADOR,SUPLENTE,MASCULINO,PARDA,SUPERIOR INCOMPLETO,-4,PROFESSOR DE ENSINO MÉDIO,PRD
MA,São Luís,VEREADOR,SUPLENTE,MASCULINO,PARDA,ENSINO MÉDIO COMPLETO,-4,MILITAR REFORMADO,PRD
MA,São Luís,VEREADOR,SUPLENTE,FEMININO,PARDA,ENSINO MÉDIO COMPLETO,-4,COZINHEIRO,PRD
MA,São Luís,VEREADOR,SUPLENTE,FEMININO,PRETA,ENSINO MÉDIO COMPLETO,-4,PRODUTOR DE ESPETÁCULOS PÚBLICOS,PP
MA,São Luís,VEREADOR,SUPLENTE,FEMININO,PRETA,SUPERIOR COMPLETO,-4,BOMBEIRO MILITAR,PP
MA,São Luís,VEREADOR,SUPLENTE,MASCULINO,INDÍGENA,ENSINO MÉDIO COMPLETO,-4,OUTROS,PP
MA,São Luís,VEREADOR,SUPLENTE,MASCULINO,PARDA,ENSINO MÉDIO COMPLETO,-4,SERVIDOR PÚBLICO FEDERAL,PP
MA,São Luís,VEREADOR,ELEITO POR MÉDIA,MASCULINO,BRANCA,SUPERIOR COMPLETO,-4,SERVIDOR PÚBLICO ESTADUAL,PP
MA,São Luís,VEREADOR,SUPLENTE,MASCULINO,BRANCA,SUPERIOR COMPLETO,-4,SERVIDOR PÚBLICO MUNICIPAL,PP
MA,São Luís,VEREADOR,SUPLENTE,FEMININO,PRETA,SUPERIOR COMPLETO,-4,OUTROS,PP
MA,São Luís,VEREADOR,SUPLENTE,FEMININO,PRETA,SUPERIOR COMPLETO,-4,POLICIAL MILITAR,PODE
MA,São Luís,VEREADOR,ELEITO POR QP,MASCULINO,PARDA,SUPERIOR COMPLETO,-4,EMPRESÁRIO,PODE
MA,São Luís,VEREADOR,SUPLENTE,MASCULINO,PARDA,SUPERIOR COMPLETO,-4,SERVIDOR PÚBLICO FEDERAL,PODE
MA,São Luís,VEREADOR,SUPLENTE,MASCULINO,PRETA,ENSINO MÉDIO COMPLETO,-4,SERVIDOR PÚBLICO MUNICIPAL,PODE
MA,São Luís,VEREADOR,SUPLENTE,MASCULINO,BRANCA,SUPERIOR INCOMPLETO,-4,OUTROS,PODE
MA,São Luís,VEREADOR,SUPLENTE,FEMININO,BRANCA,SUPERIOR COMPLETO,-4,OUTROS,PODE
MA,São Luís,VEREADOR,ELEITO POR MÉDIA,MASCULINO,PARDA,ENSINO MÉDIO COMPLETO,-4,VEREADOR,PV
MA,São Luís,VEREADOR,SUPLENTE,MASCULINO,PARDA,SUPERIOR COMPLETO,-4,OUTROS,PC do B
MA,São Luís,VEREADOR,SUPLENTE,MASCULINO,BRANCA,SUPERIOR COMPLETO,-4,ADMINISTRADOR,AVANTE
MA,São Luís,VEREADOR,ELEITO POR QP,MASCULINO,BRANCA,SUPERIOR COMPLETO,-4,ENGENHEIRO,PL
MA,São Luís,VEREADOR,SUPLENTE,MASCULINO,PRETA,ENSINO MÉDIO COMPLETO,-4,MECÂNICO DE MANUTENÇÃO,PL
MA,São Luís,VEREADOR,ELEITO POR QP,FEMININO,BRANCA,ENSINO MÉDIO COMPLETO,-4,EMPRESÁRIO,PL
MA,São Luís,VEREADOR,SUPLENTE,FEMININO,PRETA,SUPERIOR INCOMPLETO,-4,SERVIDOR PÚBLICO ESTADUAL,PL
MA,São Luís,VEREADOR,SUPLENTE,MASCULINO,PARDA,SUPERIOR COMPLETO,-4,PROFESSOR E INSTRUTOR DE FORMAÇÃO PROFISSIONAL,REPUBLICANOS
MA,São Luís,VEREADOR,SUPLENTE,FEMININO,PRETA,ENSINO FUNDAMENTAL COMPLETO,-4,CABELEIREIRO E BARBEIRO,REPUBLICANOS
MA,São Luís,VEREADOR,SUPLENTE,MASCULINO,PRETA,ENSINO MÉDIO COMPLETO,-4,SERVIDOR PÚBLICO MUNICIPAL,REPUBLICANOS
MA,São Luís,VEREADOR,SUPLENTE,MASCULINO,PARDA,SUPERIOR COMPLETO,-4,OUTROS,MDB
MA,São Luís,VEREADOR,SUPLENTE,MASCULINO,BRANCA,ENSINO MÉDIO COMPLETO,-4,OUTROS,MDB
MA,São Luís,VEREADOR,SUPLENTE,MASCULINO,NÃO INFORMADO,SUPERIOR INCOMPLETO,-4,OUTROS,MDB
MA,São Luís,VEREADOR,SUPLENTE,FEMININO,BRANCA,SUPERIOR COMPLETO,-4,ENFERMEIRO,MDB
MA,São Luís,VEREADOR,SUPLENTE,MASCULINO,PARDA,ENSINO MÉDIO COMPLETO,-4,EMPRESÁRIO,MDB
MA,São Luís,VEREADOR,SUPLENTE,MASCULINO,PRETA,SUPERIOR INCOMPLETO,-4,"ESTUDANTE, BOLSISTA, ESTAGIÁRIO E ASSEMELHADOS",MDB
MA,São Luís,VEREADOR,SUPLENTE,FEMININO,BRANCA,SUPERIOR COMPLETO,-4,SERVIDOR PÚBLICO MUNICIPAL,PSD
MA,São Luís,VEREADOR,SUPLENTE,MASCULINO,PARDA,SUPERIOR COMPLETO,-4,EMPRESÁRIO,PSD
MA,São Luís,VEREADOR,SUPLENTE,FEMININO,BRANCA,SUPERIOR COMPLETO,-4,ADVOGADO,PSD
MA,São Luís,VEREADOR,SUPLENTE,FEMININO,PRETA,SUPERIOR COMPLETO,-4,ASSISTENTE SOCIAL,PSD
MA,São Luís,VEREADOR,SUPLENTE,MASCULINO,BRANCA,SUPERIOR INCOMPLETO,-4,OUTROS,PSD
MA,São Luís,VICE-PREFEITO,ELEITO,FEMININO,PRETA,SUPERIOR COMPLETO,-4,OUTROS,PSD
MA,São Luís,VICE-PREFEITO,NÃO ELEITO,FEMININO,PARDA,SUPERIOR COMPLETO,-4,POLICIAL MILITAR,NOVO
MA,São Luís,VEREADOR,#NULO,MASCULINO,BRANCA,SUPERIOR COMPLETO,-4,ADMINISTRADOR,UNIÃO
MA,São Luís,VEREADOR,#NULO,FEMININO,PARDA,SUPERIOR COMPLETO,-4,MÉDICO,PMB
MA,São Luís,VEREADOR,#NULO,MASCULINO,PARDA,SUPERIOR COMPLETO,-4,SERVIDOR PÚBLICO ESTADUAL,AVANTE
MA,São Luís,VEREADOR,NÃO ELEITO,MASCULINO,BRANCA,ENSINO MÉDIO COMPLETO,-4,EMPRESÁRIO,PSOL
MA,São Luís,VEREADOR,NÃO ELEITO,FEMININO,INDÍGENA,SUPERIOR INCOMPLETO,-4,"ESTUDANTE, BOLSISTA, ESTAGIÁRIO E ASSEMELHADOS",PSOL
MA,São Luís,VEREADOR,SUPLENTE,MASCULINO,PARDA,SUPERIOR COMPLETO,-4,ADMINISTRADOR,UNIÃO
MA,São Luís,VEREADOR,ELEITO POR MÉDIA,FEMININO,PARDA,SUPERIOR COMPLETO,-4,PROFESSOR DE ENSINO FUNDAMENTAL,UNIÃO
MA,São Luís,VEREADOR,SUPLENTE,MASCULINO,PARDA,SUPERIOR COMPLETO,-4,PROFESSOR DE ENSINO FUNDAMENTAL,UNIÃO
MA,São Luís,VEREADOR,SUPLENTE,MASCULINO,PARDA,ENSINO MÉDIO COMPLETO,-4,"TÉCNICO DE MINERAÇÃO, METALURGIA E GEOLOGIA",UNIÃO
MA,São Luís,VEREADOR,SUPLENTE,FEMININO,PARDA,SUPERIOR COMPLETO,-4,EMPRESÁRIO,UNIÃO
MA,São Luís,VEREADOR,NÃO ELEITO,MASCULINO,PRETA,ENSINO FUNDAMENTAL COMPLETO,-4,EMPRESÁRIO,PMB
MA,São Luís,VEREADOR,NÃO ELEITO,FEMININO,BRANCA,ENSINO MÉDIO COMPLETO,-4,EMPREGADO DOMÉSTICO,NOVO
MA,São Luís,VEREADOR,NÃO ELEITO,MASCULINO,PARDA,SUPERIOR COMPLETO,-4,OUTROS,NOVO
MA,São Luís,VEREADOR,NÃO ELEITO,MASCULINO,PARDA,ENSINO MÉDIO INCOMPLETO,-4,EMPRESÁRIO,NOVO
MA,São Luís,VEREADOR,NÃO ELEITO,MASCULINO,PARDA,SUPERIOR COMPLETO,-4,"CORRETOR DE IMÓVEIS, SEGUROS, TÍTULOS E VALORES",NOVO
MA,São Luís,VEREADOR,NÃO ELEITO,MASCULINO,PRETA,ENSINO MÉDIO COMPLETO,-4,EMPRESÁRIO,NOVO
MA,São Luís,VEREADOR,SUPLENTE,MASCULINO,BRANCA,SUPERIOR COMPLETO,-4,VEREADOR,PSB
MA,São Luís,VEREADOR,NÃO ELEITO,MASCULINO,PARDA,ENSINO MÉDIO COMPLETO,-4,MOTORISTA DE VEÍCULOS DE TRANSPORTE DE CARGA,PSDB
MA,São Luís,VEREADOR,NÃO ELEITO,FEMININO,PARDA,SUPERIOR COMPLETO,-4,ASSISTENTE SOCIAL,DC
MA,São Luís,VEREADOR,NÃO ELEITO,FEMININO,PARDA,ENSINO MÉDIO COMPLETO,-4,"CORRETOR DE IMÓVEIS, SEGUROS, TÍTULOS E VALORES",DC
MA,São Luís,VEREADOR,NÃO ELEITO,MASCULINO,PARDA,ENSINO MÉDIO COMPLETO,-4,EMPRESÁRIO,DC
MA,São Luís,VEREADOR,NÃO ELEITO,FEMININO,PRETA,SUPERIOR COMPLETO,-4,AGENTE ADMINISTRATIVO,DC
MA,São Luís,VEREADOR,SUPLENTE,FEMININO,PARDA,SUPERIOR COMPLETO,-4,"ESTUDANTE, BOLSISTA, ESTAGIÁRIO E ASSEMELHADOS",PRD
MA,São Luís,VEREADOR,SUPLENTE,FEMININO,PARDA,SUPERIOR COMPLETO,-4,ENFERMEIRO,PRD
MA,São Luís,VEREADOR,SUPLENTE,FEMININO,BRANCA,SUPERIOR COMPLETO,-4,ENFERMEIRO,PRD
MA,São Luís,VEREADOR,SUPLENTE,FEMININO,BRANCA,ENSINO MÉDIO COMPLETO,-4,EMPRESÁRIO,PRD
MA,São Luís,VEREADOR,SUPLENTE,MASCULINO,PRETA,SUPERIOR COMPLETO,-4,LOCUTOR E COMENTARISTA DE RÁDIO E TELEVISÃO E RADIALISTA,PRD
MA,São Luís,VEREADOR,SUPLENTE,FEMININO,PARDA,SUPERIOR COMPLETO,-4,SERVIDOR PÚBLICO ESTADUAL,PP
MA,São Luís,VEREADOR,SUPLENTE,MASCULINO,PARDA,SUPERIOR COMPLETO,-4,COMERCIANTE,PP
MA,São Luís,VEREADOR,ELEITO POR QP,MASCULINO,PARDA,ENSINO MÉDIO COMPLETO,-4,VEREADOR,PP
MA,São Luís,VEREADOR,SUPLENTE,MASCULINO,PARDA,ENSINO MÉDIO COMPLETO,-4,BOMBEIRO MILITAR,PP
MA,São Luís,VEREADOR,SUPLENTE,FEMININO,BRANCA,SUPERIOR COMPLETO,-4,LOCUTOR E COMENTARISTA DE RÁDIO E TELEVISÃO E RADIALISTA,PODE
MA,São Luís,VEREADOR,ELEITO POR QP,MASCULINO,PARDA,SUPERIOR COMPLETO,-4,ENGENHEIRO,PODE
MA,São Luís,VEREADOR,SUPLENTE,MASCULINO,PARDA,SUPERIOR INCOMPLETO,-4,EMPRESÁRIO,PODE
MA,São Luís,VEREADOR,SUPLENTE,MASCULINO,BRANCA,ENSINO MÉDIO COMPLETO,-4,MOTORISTA PARTICULAR,PV
MA,São Luís,VEREADOR,ELEITO POR QP,MASCULINO,PRETA,SUPERIOR COMPLETO,-4,VEREADOR,PT
MA,São Luís,VEREADOR,SUPLENTE,FEMININO,PRETA,ENSINO MÉDIO COMPLETO,-4,OUTROS,PC do B
MA,São Luís,VEREADOR,SUPLENTE,MASCULINO,BRANCA,SUPERIOR COMPLETO,-4,ADVOGADO,AVANTE
MA,São Luís,VEREADOR,SUPLENTE,MASCULINO,PARDA,SUPERIOR COMPLETO,-4,PROFESSOR DE ENSINO SUPERIOR,AVANTE
MA,São Luís,VEREADOR,SUPLENTE,FEMININO,PARDA,SUPERIOR INCOMPLETO,-4,ADMINISTRADOR,AVANTE
MA,São Luís,VEREADOR,SUPLENTE,MASCULINO,BRANCA,ENSINO MÉDIO COMPLETO,-4,PROFESSOR DE ENSINO FUNDAMENTAL,AVANTE
MA,São Luís,VEREADOR,SUPLENTE,MASCULINO,PARDA,ENSINO MÉDIO COMPLETO,-4,EMPRESÁRIO,PL
MA,São Luís,VEREADOR,SUPLENTE,FEMININO,PRETA,ENSINO MÉDIO COMPLETO,-4,NUTRICIONISTA E ASSEMELHADOS,PL
MA,São Luís,VEREADOR,SUPLENTE,FEMININO,BRANCA,SUPERIOR COMPLETO,-4,ADVOGADO,PL
MA,São Luís,VEREADOR,SUPLENTE,MASCULINO,BRANCA,SUPERIOR COMPLETO,-4,SERVIDOR PÚBLICO MUNICIPAL,REPUBLICANOS
MA,São Luís,VEREADOR,SUPLENTE,MASCULINO,PARDA,ENSINO MÉDIO COMPLETO,-4,MOTORISTA PARTICULAR,REPUBLICANOS
MA,São Luís,VEREADOR,SUPLENTE,MASCULINO,BRANCA,ENSINO MÉDIO COMPLETO,-4,COMERCIANTE,MDB
MA,São Luís,VEREADOR,SUPLENTE,FEMININO,PARDA,SUPERIOR COMPLETO,-4,SERVIDOR PÚBLICO FEDERAL,MDB
MA,São Luís,VEREADOR,SUPLENTE,MASCULINO,BRANCA,SUPERIOR COMPLETO,-4,PROFESSOR DE ENSINO MÉDIO,MDB
MA,São Luís,VEREADOR,SUPLENTE,MASCULINO,PRETA,SUPERIOR COMPLETO,-4,OUTROS,PSD
MA,São Luís,VICE-PREFEITO,NÃO ELEITO,MASCULINO,PARDA,SUPERIOR COMPLETO,-4,MILITAR REFORMADO,PRTB
MA,São Luís,VEREADOR,#NULO,MASCULINO,PARDA,ENSINO FUNDAMENTAL INCOMPLETO,-4,OUTROS,DC
MA,São Luís,VEREADOR,#NULO,MASCULINO,PRETA,SUPERIOR COMPLETO,-4,EMPRESÁRIO,PSD
MA,São Luís,VICE-PREFEITO,#NULO,FEMININO,BRANCA,SUPERIOR COMPLETO,-4,ADVOGADO,PT
MA,São Luís,PREFEITO,NÃO ELEITO,MASCULINO,PRETA,SUPERIOR COMPLETO,-4,PROFESSOR DE ENSINO SUPERIOR,PSOL
MA,São Luís,PREFEITO,NÃO ELEITO,MASCULINO,BRANCA,SUPERIOR COMPLETO,-4,SERVIDOR PÚBLICO FEDERAL,PSTU
MA,São Luís,VEREADOR,NÃO ELEITO,MASCULINO,PRETA,ENSINO MÉDIO COMPLETO,-4,OUTROS,MOBILIZA
MA,São Luís,VEREADOR,NÃO ELEITO,MASCULINO,PRETA,SUPERIOR INCOMPLETO,-4,OUTROS,PSOL
MA,São Luís,VEREADOR,NÃO ELEITO,FEMININO,PRETA,SUPERIOR COMPLETO,-4,OUTROS,PSOL
MA,São Luís,VEREADOR,SUPLENTE,MASCULINO,PRETA,ENSINO MÉDIO COMPLETO,-4,AGRICULTOR,UNIÃO
MA,São Luís,VEREADOR,SUPLENTE,MASCULINO,BRANCA,ENSINO MÉDIO COMPLETO,-4,EMPRESÁRIO,UNIÃO
MA,São Luís,VEREADOR,SUPLENTE,MASCULINO,PRETA,SUPERIOR COMPLETO,-4,SERVIDOR PÚBLICO FEDERAL,UNIÃO
MA,São Luís,VEREADOR,SUPLENTE,MASCULINO,PARDA,SUPERIOR INCOMPLETO,-4,OUTROS,PDT
MA,São Luís,VEREADOR,NÃO ELEITO,MASCULINO,PARDA,SUPERIOR COMPLETO,-4,ARTISTA PLÁSTICO E ASSEMELHADOS,NOVO
MA,São Luís,VEREADOR,NÃO ELEITO,MASCULINO,BRANCA,ENSINO MÉDIO COMPLETO,-4,MOTOBOY,NOVO
MA,São Luís,VEREADOR,NÃO ELEITO,FEMININO,PARDA,SUPERIOR INCOMPLETO,-4,COMERCIANTE,NOVO
MA,São Luís,VEREADOR,ELEITO POR QP,MASCULINO,PRETA,SUPERIOR COMPLETO,-4,VEREADOR,PSB
MA,São Luís,VEREADOR,ELEITO POR MÉDIA,MASCULINO,BRANCA,SUPERIOR COMPLETO,-4,SERVIDOR PÚBLICO ESTADUAL,PSB
MA,São Luís,VEREADOR,SUPLENTE,FEMININO,PRETA,ENSINO MÉDIO COMPLETO,-4,VEREADOR,PSB
MA,São Luís,VEREADOR,NÃO ELEITO,MASCULINO,BRANCA,ENSINO MÉDIO COMPLETO,-4,EMPRESÁRIO,PSDB
MA,São Luís,VEREADOR,NÃO ELEITO,MASCULINO,BRANCA,SUPERIOR COMPLETO,-4,OUTROS,PSDB
MA,São Luís,VEREADOR,NÃO ELEITO,FEMININO,BRANCA,SUPERIOR COMPLETO,-4,ADMINISTRADOR,CIDADANIA
MA,São Luís,VEREADOR,NÃO ELEITO,FEMININO,PRETA,ENSINO FUNDAMENTAL COMPLETO,-4,OUTROS,PSDB
MA,São Luís,VEREADOR,NÃO ELEITO,MASCULINO,BRANCA,ENSINO MÉDIO COMPLETO,-4,"TÉCNICO CONTABILIDADE, ESTATÍSTICA, ECONOMIA DOMÉSTICA E ADMINISTRAÇÃO",DC
MA,São Luís,VEREADOR,NÃO ELEITO,MASCULINO,BRANCA,ENSINO MÉDIO COMPLETO,-4,EMPRESÁRIO,DC
MA,São Luís,VEREADOR,SUPLENTE,MASCULINO,BRANCA,SUPERIOR COMPLETO,-4,"TÉCNICO CONTABILIDADE, ESTATÍSTICA, ECONOMIA DOMÉSTICA E ADMINISTRAÇÃO",PRD
MA,São Luís,VEREADOR,SUPLENTE,FEMININO,BRANCA,ENSINO MÉDIO COMPLETO,-4,REPRESENTANTE COMERCIAL,PP
MA,São Luís,VEREADOR,SUPLENTE,MASCULINO,NÃO INFORMADO,ENSINO MÉDIO COMPLETO,-4,"CORRETOR DE IMÓVEIS, SEGUROS, TÍTULOS E VALORES",PP
MA,São Luís,VEREADOR,SUPLENTE,FEMININO,PARDA,ENSINO MÉDIO COMPLETO,-4,OUTROS,PP
MA,São Luís,VEREADOR,SUPLENTE,MASCULINO,PARDA,SUPERIOR COMPLETO,-4,SERVIDOR PÚBLICO ESTADUAL,PODE
MA,São Luís,VEREADOR,SUPLENTE,MASCULINO,BRANCA,SUPERIOR COMPLETO,-4,MÉDICO,PODE
MA,São Luís,VEREADOR,SUPLENTE,MASCULINO,PARDA,SUPERIOR COMPLETO,-4,EMPRESÁRIO,PV
MA,São Luís,VEREADOR,SUPLENTE,MASCULINO,PARDA,SUPERIOR COMPLETO,-4,PROFESSOR DE ENSINO SUPERIOR,PT
MA,São Luís,VEREADOR,SUPLENTE,FEMININO,PRETA,SUPERIOR COMPLETO,-4,JORNALISTA E REDATOR,PT
MA,São Luís,VEREADOR,SUPLENTE,FEMININO,PARDA,ENSINO MÉDIO COMPLETO,-4,PESCADOR,AVANTE
MA,São Luís,VEREADOR,SUPLENTE,FEMININO,BRANCA,SUPERIOR COMPLETO,-4,PEDAGOGO,AVANTE
MA,São Luís,VEREADOR,SUPLENTE,FEMININO,BRANCA,ENSINO MÉDIO COMPLETO,-4,AGENTE ADMINISTRATIVO,AVANTE
MA,São Luís,VEREADOR,SUPLENTE,MASCULINO,PARDA,SUPERIOR COMPLETO,-4,OUTROS,AVANTE
MA,São Luís,VEREADOR,SUPLENTE,FEMININO,BRANCA,SUPERIOR COMPLETO,-4,MOTORISTA PARTICULAR,REPUBLICANOS
MA,São Luís,VEREADOR,SUPLENTE,FEMININO,PARDA,ENSINO FUNDAMENTAL COMPLETO,-4,FAXINEIRO,REPUBLICANOS
MA,São Luís,VEREADOR,SUPLENTE,MASCULINO,PARDA,ENSINO MÉDIO COMPLETO,-4,VIGILANTE,REPUBLICANOS
MA,São Luís,VEREADOR,SUPLENTE,FEMININO,BRANCA,SUPERIOR COMPLETO,-4,ADVOGADO,MDB
MA,São Luís,VEREADOR,SUPLENTE,MASCULINO,BRANCA,ENSINO MÉDIO COMPLETO,-4,MILITAR REFORMADO,MDB
MA,São Luís,VEREADOR,SUPLENTE,FEMININO,PARDA,SUPERIOR COMPLETO,-4,EMPRESÁRIO,MDB
MA,São Luís,VEREADOR,ELEITO POR QP,MASCULINO,PARDA,SUPERIOR INCOMPLETO,-4,OUTROS,MDB
MA,São Luís,VEREADOR,SUPLENTE,MASCULINO,BRANCA,ENSINO MÉDIO COMPLETO,-4,POLICIAL MILITAR,PSD
MA,São Luís,VICE-PREFEITO,NÃO ELEITO,MASCULINO,BRANCA,SUPERIOR COMPLETO,-4,NUTRICIONISTA E ASSEMELHADOS,SOLIDARIEDADE
MA,São Luís,VEREADOR,#NULO,MASCULINO,PARDA,SUPERIOR COMPLETO,-4,JORNALISTA E REDATOR,DC
MA,São Luís,VEREADOR,NÃO ELEITO,MASCULINO,PARDA,ENSINO FUNDAMENTAL COMPLETO,-4,OUTROS,MOBILIZA
MA,São Luís,VEREADOR,NÃO ELEITO,MASCULINO,PRETA,ENSINO MÉDIO COMPLETO,-4,TAXISTA,MOBILIZA
MA,São Luís,VEREADOR,NÃO ELEITO,FEMININO,BRANCA,ENSINO MÉDIO COMPLETO,-4,OUTROS,MOBILIZA
MA,São Luís,VEREADOR,NÃO ELEITO,MASCULINO,BRANCA,ENSINO MÉDIO COMPLETO,-4,OUTROS,MOBILIZA
MA,São Luís,VEREADOR,NÃO ELEITO,MASCULINO,BRANCA,ENSINO MÉDIO COMPLETO,-4,"VENDEDOR PRACISTA, REPRESENTANTE, CAIXEIRO-VIAJANTE E ASSEMELHADOS",PSOL
MA,São Luís,VEREADOR,NÃO ELEITO,FEMININO,PARDA,SUPERIOR COMPLETO,-4,SERVIDOR PÚBLICO ESTADUAL,REDE
MA,São Luís,VEREADOR,NÃO ELEITO,MASCULINO,PARDA,ENSINO MÉDIO COMPLETO,-4,OUTROS,PSOL
MA,São Luís,VEREADOR,NÃO ELEITO,MASCULINO,PRETA,SUPERIOR COMPLETO,-4,PROFESSOR DE ENSINO FUNDAMENTAL,PSOL
MA,São Luís,VEREADOR,NÃO ELEITO,MASCULINO,PRETA,ENSINO MÉDIO COMPLETO,-4,PUBLICITÁRIO,REDE
MA,São Luís,VEREADOR,NÃO ELEITO,FEMININO,BRANCA,ENSINO MÉDIO COMPLETO,-4,"CORRETOR DE IMÓVEIS, SEGUROS, TÍTULOS E VALORES",PSOL
MA,São Luís,VEREADOR,ELEITO POR QP,FEMININO,PARDA,SUPERIOR COMPLETO,-4,MÉDICO,UNIÃO
MA,São Luís,VEREADOR,ELEITO POR QP,MASCULINO,PARDA,ENSINO MÉDIO COMPLETO,-4,VEREADOR,UNIÃO
MA,São Luís,VEREADOR,SUPLENTE,MASCULINO,PRETA,ENSINO MÉDIO COMPLETO,-4,AUXILIAR DE ESCRITÓRIO E ASSEMELHADOS,UNIÃO
MA,São Luís,VEREADOR,NÃO ELEITO,MASCULINO,PARDA,SUPERIOR INCOMPLETO,-4,OUTROS,PSTU
MA,São Luís,VEREADOR,NÃO ELEITO,MASCULINO,PARDA,ENSINO MÉDIO COMPLETO,-4,"PORTEIRO DE EDIFÍCIO, ASCENSORISTA, GARAGISTA E ZELADOR",PMB
MA,São Luís,VEREADOR,SUPLENTE,MASCULINO,BRANCA,ENSINO MÉDIO INCOMPLETO,-4,OUTROS,PDT
MA,São Luís,VEREADOR,SUPLENTE,MASCULINO,PARDA,ENSINO MÉDIO INCOMPLETO,-4,OUTROS,PDT
MA,São Luís,VEREADOR,SUPLENTE,MASCULINO,PRETA,ENSINO MÉDIO COMPLETO,-4,POLICIAL MILITAR,PDT
MA,São Luís,VEREADOR,SUPLENTE,MASCULINO,PRETA,ENSINO MÉDIO COMPLETO,-4,EMPRESÁRIO,PSB
MA,São Luís,VEREADOR,SUPLENTE,MASCULINO,PARDA,SUPERIOR COMPLETO,-4,PROFESSOR DE ENSINO SUPERIOR,PSB
MA,São Luís,VEREADOR,SUPLENTE,FEMININO,PARDA,SUPERIOR COMPLETO,-4,SERVIDOR PÚBLICO ESTADUAL,PSB
MA,São Luís,VEREADOR,ELEITO POR MÉDIA,MASCULINO,PARDA,SUPERIOR INCOMPLETO,-4,VEREADOR,PSB
MA,São Luís,VEREADOR,ELEITO POR QP,FEMININO,PARDA,SUPERIOR COMPLETO,-4,EMPRESÁRIO,PSB
MA,São Luís,VEREADOR,NÃO ELEITO,MASCULINO,PARDA,ENSINO MÉDIO COMPLETO,-4,PESCADOR,PSDB
MA,São Luís,VEREADOR,NÃO ELEITO,MASCULINO,PARDA,ENSINO MÉDIO COMPLETO,-4,EMPRESÁRIO,CIDADANIA
MA,São Luís,VEREADOR,NÃO ELEITO,MASCULINO,BRANCA,SUPERIOR COMPLETO,-4,MÉDICO,DC
MA,São Luís,VEREADOR,SUPLENTE,FEMININO,PARDA,ENSINO FUNDAMENTAL INCOMPLETO,-4,TRABALHADOR RURAL,PRD
MA,São Luís,VEREADOR,SUPLENTE,MASCULINO,PARDA,ENSINO MÉDIO COMPLETO,-4,ATLETA PROFISSIONAL E TÉCNICO EM DESPORTOS,PRD
MA,São Luís,VEREADOR,SUPLENTE,FEMININO,PARDA,SUPERIOR COMPLETO,-4,DONA DE CASA,PRD
MA,São Luís,VEREADOR,SUPLENTE,MASCULINO,PARDA,SUPERIOR INCOMPLETO,-4,"MARINHEIRO CIVIL, CANOEIRO, EMBARCADO E ASSEMELHADOS",PRD
MA,São Luís,VEREADOR,SUPLENTE,FEMININO,BRANCA,SUPERIOR COMPLETO,-4,ENFERMEIRO,PP
MA,São Luís,VEREADOR,SUPLENTE,FEMININO,PARDA,ENSINO FUNDAMENTAL COMPLETO,-4,OUTROS,PP
MA,São Luís,VEREADOR,SUPLENTE,MASCULINO,BRANCA,SUPERIOR COMPLETO,-4,OUTROS,PP
MA,São Luís,VEREADOR,SUPLENTE,FEMININO,PRETA,SUPERIOR COMPLETO,-4,ENGENHEIRO,PP
MA,São Luís,VEREADOR,SUPLENTE,MASCULINO,PARDA,ENSINO MÉDIO COMPLETO,-4,MILITAR REFORMADO,PODE
MA,São Luís,VEREADOR,SUPLENTE,FEMININO,BRANCA,SUPERIOR COMPLETO,-4,MÉDICO,PODE
MA,São Luís,VEREADOR,SUPLENTE,MASCULINO,PRETA,SUPERIOR INCOMPLETO,-4,ARTISTA PLÁSTICO E ASSEMELHADOS,PT
MA,São Luís,VEREADOR,SUPLENTE,FEMININO,BRANCA,ENSINO FUNDAMENTAL COMPLETO,-4,VEREADOR,PC do B
MA,São Luís,VEREADOR,SUPLENTE,MASCULINO,PRETA,ENSINO MÉDIO COMPLETO,-4,COMERCIANTE,PC do B
MA,São Luís,VEREADOR,SUPLENTE,MASCULINO,BRANCA,SUPERIOR COMPLETO,-4,FARMACÊUTICO,AVANTE
MA,São Luís,VEREADOR,SUPLENTE,MASCULINO,BRANCA,SUPERIOR COMPLETO,-4,PROFESSOR DE ENSINO FUNDAMENTAL,AVANTE
MA,São Luís,VEREADOR,SUPLENTE,MASCULINO,PARDA,ENSINO MÉDIO COMPLETO,-4,MOTORISTA DE VEÍCULOS DE TRANSPORTE DE CARGA,AVANTE
MA,São Luís,VEREADOR,SUPLENTE,FEMININO,BRANCA,ENSINO MÉDIO COMPLETO,-4,EMPRESÁRIO,PL
MA,São Luís,VEREADOR,SUPLENTE,FEMININO,PARDA,SUPERIOR COMPLETO,-4,OUTROS,PL
MA,São Luís,VEREADOR,SUPLENTE,FEMININO,PARDA,SUPERIOR COMPLETO,-4,ADMINISTRADOR,PL
MA,São Luís,VEREADOR,SUPLENTE,MASCULINO,BRANCA,SUPERIOR COMPLETO,-4,ADMINISTRADOR,PL
MA,São Luís,VEREADOR,SUPLENTE,FEMININO,PARDA,SUPERIOR COMPLETO,-4,FARMACÊUTICO,PL
MA,São Luís,VEREADOR,ELEITO POR QP,FEMININO,BRANCA,ENSINO MÉDIO COMPLETO,-4,VEREADOR,REPUBLICANOS
MA,São Luís,VEREADOR,SUPLENTE,MASCULINO,BRANCA,SUPERIOR COMPLETO,-4,EMPRESÁRIO,REPUBLICANOS
MA,São Luís,VEREADOR,SUPLENTE,FEMININO,PRETA,ENSINO MÉDIO COMPLETO,-4,AGRICULTOR,REPUBLICANOS
MA,São Luís,VEREADOR,SUPLENTE,MASCULINO,BRANCA,SUPERIOR COMPLETO,-4,FARMACÊUTICO,MDB
MA,São Luís,VEREADOR,SUPLENTE,FEMININO,BRANCA,SUPERIOR COMPLETO,-4,OUTROS,MDB
MA,São Luís,VEREADOR,SUPLENTE,MASCULINO,PARDA,SUPERIOR COMPLETO,-4,JORNALISTA E REDATOR,MDB
MA,São Luís,VEREADOR,SUPLENTE,MASCULINO,PARDA,SUPERIOR COMPLETO,-4,FARMACÊUTICO,PSD
MA,São Luís,VEREADOR,SUPLENTE,MASCULINO,PRETA,ENSINO MÉDIO COMPLETO,-4,EMPRESÁRIO,PSD
MA,São Luís,VICE-PREFEITO,NÃO ELEITO,MASCULINO,BRANCA,SUPERIOR COMPLETO,-4,EMPRESÁRIO,PDT
MA,São Luís,VEREADOR,NÃO ELEITO,FEMININO,PARDA,ENSINO MÉDIO COMPLETO,-4,VENDEDOR DE COMÉRCIO VAREJISTA E ATACADISTA,NOVO
MA,São Luís,VEREADOR,#NULO,MASCULINO,PRETA,ENSINO MÉDIO COMPLETO,-4,OUTROS,MOBILIZA
MA,São Luís,VEREADOR,#NULO,FEMININO,PARDA,SUPERIOR COMPLETO,-4,ENFERMEIRO,AVANTE
MA,São Luís,VEREADOR,#NULO,MASCULINO,PARDA,ENSINO MÉDIO COMPLETO,-4,COMERCIANTE,MDB
MA,São Luís,VEREADOR,NÃO ELEITO,MASCULINO,PRETA,ENSINO FUNDAMENTAL COMPLETO,-4,OUTROS,MOBILIZA
MA,São Luís,VEREADOR,NÃO ELEITO,MASCULINO,PARDA,SUPERIOR COMPLETO,-4,OUTROS,MOBILIZA
MA,São Luís,VEREADOR,NÃO ELEITO,MASCULINO,PRETA,SUPERIOR COMPLETO,-4,JORNALISTA E REDATOR,PSOL
MA,São Luís,VEREADOR,NÃO ELEITO,MASCULINO,PARDA,SUPERIOR COMPLETO,-4,AGENTE DE SAÚDE E SANITARISTA,REDE
MA,São Luís,VEREADOR,SUPLENTE,MASCULINO,PARDA,SUPERIOR INCOMPLETO,-4,OUTROS,UNIÃO
MA,São Luís,VEREADOR,SUPLENTE,MASCULINO,BRANCA,SUPERIOR COMPLETO,-4,SERVIDOR PÚBLICO ESTADUAL,UNIÃO
MA,São Luís,VEREADOR,SUPLENTE,FEMININO,PARDA,SUPERIOR COMPLETO,-4,OUTROS,UNIÃO
MA,São Luís,VEREADOR,SUPLENTE,MASCULINO,PARDA,ENSINO MÉDIO COMPLETO,-4,"FEIRANTE, AMBULANTE E MASCATE",UNIÃO
MA,São Luís,VEREADOR,NÃO ELEITO,FEMININO,BRANCA,ENSINO MÉDIO COMPLETO,-4,OUTROS,PMB
MA,São Luís,VEREADOR,SUPLENTE,MASCULINO,PRETA,ENSINO MÉDIO COMPLETO,-4,OUTROS,PDT
MA,São Luís,VEREADOR,NÃO ELEITO,MASCULINO,PARDA,SUPERIOR COMPLETO,-4,PROFESSOR DE ENSINO MÉDIO,NOVO
MA,São Luís,VEREADOR,NÃO ELEITO,MASCULINO,BRANCA,SUPERIOR COMPLETO,-4,ADVOGADO,NOVO
MA,São Luís,VEREADOR,NÃO ELEITO,MASCULINO,PARDA,ENSINO MÉDIO COMPLETO,-4,MOTORISTA DE VEÍCULOS DE TRANSPORTE COLETIVO DE PASSAGEIROS,NOVO
MA,São Luís,VEREADOR,SUPLENTE,MASCULINO,PRETA,ENSINO MÉDIO COMPLETO,-4,OUTROS,PSB
MA,São Luís,VEREADOR,SUPLENTE,FEMININO,PRETA,ENSINO MÉDIO COMPLETO,-4,COBRADOR DE TRANSPORTE COLETIVO,PSB
MA,São Luís,VEREADOR,SUPLENTE,MASCULINO,PARDA,SUPERIOR COMPLETO,-4,ADMINISTRADOR,PSB
MA,São Luís,VEREADOR,SUPLENTE,MASCULINO,PARDA,SUPERIOR COMPLETO,-4,PROFESSOR DE ENSINO DE PRIMEIRO E SEGUNDO GRAUS,PSB
MA,São Luís,VEREADOR,NÃO ELEITO,MASCULINO,PARDA,ENSINO MÉDIO COMPLETO,-4,OUTROS,PSDB
MA,São Luís,VEREADOR,NÃO ELEITO,MASCULINO,PRETA,SUPERIOR COMPLETO,-4,OUTROS,PSDB
MA,São Luís,VEREADOR,NÃO ELEITO,MASCULINO,PARDA,ENSINO MÉDIO COMPLETO,-4,COZINHEIRO,DC
MA,São Luís,VEREADOR,NÃO ELEITO,MASCULINO,PARDA,ENSINO MÉDIO COMPLETO,-4,ANALISTA DE SISTEMAS,DC
MA,São Luís,VEREADOR,NÃO ELEITO,FEMININO,PARDA,ENSINO MÉDIO COMPLETO,-4,EMPRESÁRIO,DC
MA,São Luís,VEREADOR,NÃO ELEITO,MASCULINO,PARDA,ENSINO MÉDIO COMPLETO,-4,MOTORISTA PARTICULAR,DC
MA,São Luís,VEREADOR,ELEITO POR QP,MASCULINO,BRANCA,ENSINO MÉDIO COMPLETO,-4,EMPRESÁRIO,PRD
MA,São Luís,VEREADOR,SUPLENTE,MASCULINO,PARDA,ENSINO MÉDIO COMPLETO,-4,OUTROS,PRD
MA,São Luís,VEREADOR,ELEITO POR QP,MASCULINO,BRANCA,SUPERIOR COMPLETO,-4,ADMINISTRADOR,PRD
MA,São Luís,VEREADOR,SUPLENTE,MASCULINO,PARDA,SUPERIOR COMPLETO,-4,SERVIDOR PÚBLICO FEDERAL,PP
MA,São Luís,VEREADOR,SUPLENTE,MASCULINO,PARDA,SUPERIOR COMPLETO,-4,OUTROS,PP
MA,São Luís,VEREADOR,ELEITO POR QP,MASCULINO,PARDA,ENSINO MÉDIO COMPLETO,-4,VEREADOR,PC do B
MA,São Luís,VEREADOR,SUPLENTE,FEMININO,PARDA,ENSINO FUNDAMENTAL COMPLETO,-4,OUTROS,PV
MA,São Luís,VEREADOR,SUPLENTE,MASCULINO,PARDA,SUPERIOR COMPLETO,-4,SERVIDOR PÚBLICO MUNICIPAL,PV
MA,São Luís,VEREADOR,SUPLENTE,MASCULINO,PRETA,SUPERIOR COMPLETO,-4,EMPRESÁRIO,PC do B
MA,São Luís,VEREADOR,SUPLENTE,FEMININO,PARDA,ENSINO MÉDIO COMPLETO,-4,ADMINISTRADOR,AVANTE
MA,São Luís,VEREADOR,SUPLENTE,MASCULINO,PARDA,ENSINO MÉDIO COMPLETO,-4,"TÉCNICO DE ELETRICIDADE, ELETRÔNICA E TELECOMUNICAÇÕES",AVANTE
MA,São Luís,VEREADOR,SUPLENTE,MASCULINO,BRANCA,ENSINO MÉDIO COMPLETO,-4,ADMINISTRADOR,PL
MA,São Luís,VEREADOR,SUPLENTE,FEMININO,PARDA,ENSINO MÉDIO COMPLETO,-4,OUTROS,PL
MA,São Luís,VEREADOR,SUPLENTE,FEMININO,PARDA,ENSINO MÉDIO COMPLETO,-4,"VENDEDOR PRACISTA, REPRESENTANTE, CAIXEIRO-VIAJANTE E ASSEMELHADOS",REPUBLICANOS
MA,São Luís,VEREADOR,SUPLENTE,MASCULINO,BRANCA,SUPERIOR COMPLETO,-4,OUTROS,REPUBLICANOS
MA,São Luís,VEREADOR,SUPLENTE,MASCULINO,BRANCA,SUPERIOR COMPLETO,-4,ADVOGADO,REPUBLICANOS
MA,São Luís,VEREADOR,SUPLENTE,MASCULINO,PRETA,SUPERIOR INCOMPLETO,-4,JORNALISTA E REDATOR,REPUBLICANOS
MA,São Luís,VEREADOR,SUPLENTE,FEMININO,PARDA,SUPERIOR COMPLETO,-4,EMPRESÁRIO,REPUBLICANOS
MA,São Luís,VEREADOR,ELEITO POR QP,FEMININO,PARDA,SUPERIOR COMPLETO,-4,ADVOGADO,PSD
MA,São Luís,VEREADOR,SUPLENTE,MASCULINO,BRANCA,ENSINO MÉDIO COMPLETO,-4,EMPRESÁRIO,PSD
MA,São Luís,VEREADOR,ELEITO POR QP,MASCULINO,BRANCA,SUPERIOR COMPLETO,-4,VEREADOR,PSD
MA,São Luís,VICE-PREFEITO,NÃO ELEITO,FEMININO,PRETA,SUPERIOR COMPLETO,-4,ASSISTENTE SOCIAL,PT
PI,Teresina,VEREADOR,#NULO,MASCULINO,PRETA,ENSINO MÉDIO COMPLETO,-4,TRABALHADOR RURAL,PSDB
PI,Teresina,VEREADOR,#NULO,MASCULINO,PARDA,SUPERIOR COMPLETO,-4,PROFESSOR DE ENSINO MÉDIO,PSD
PI,Teresina,VEREADOR,NÃO ELEITO,MASCULINO,BRANCA,ENSINO MÉDIO COMPLETO,-4,OUTROS,DC
PI,Teresina,VEREADOR,NÃO ELEITO,MASCULINO,PARDA,ENSINO MÉDIO COMPLETO,-4,OUTROS,DC
PI,Teresina,VEREADOR,NÃO ELEITO,FEMININO,PRETA,ENSINO MÉDIO COMPLETO,-4,MILITAR REFORMADO,DC
PI,Teresina,VEREADOR,SUPLENTE,MASCULINO,BRANCA,SUPERIOR COMPLETO,-4,SERVIDOR PÚBLICO ESTADUAL,MDB
PI,Teresina,VEREADOR,SUPLENTE,FEMININO,PARDA,SUPERIOR COMPLETO,-4,CONTADOR,MDB
PI,Teresina,VEREADOR,SUPLENTE,FEMININO,PARDA,SUPERIOR COMPLETO,-4,PROFESSOR DE ENSINO FUNDAMENTAL,MDB
PI,Teresina,VEREADOR,SUPLENTE,MASCULINO,BRANCA,SUPERIOR COMPLETO,-4,ADVOGADO,PDT
PI,Teresina,VEREADOR,SUPLENTE,MASCULINO,PRETA,SUPERIOR COMPLETO,-4,SERVIDOR PÚBLICO MUNICIPAL,PDT
PI,Teresina,VEREADOR,SUPLENTE,MASCULINO,PRETA,ENSINO MÉDIO COMPLETO,-4,OUTROS,PDT
PI,Teresina,VEREADOR,SUPLENTE,MASCULINO,PARDA,ENSINO MÉDIO COMPLETO,-4,OUTROS,PDT
PI,Teresina,VEREADOR,SUPLENTE,MASCULINO,PARDA,SUPERIOR INCOMPLETO,-4,COMERCIANTE,PRD
PI,Teresina,VEREADOR,SUPLENTE,MASCULINO,PARDA,SUPERIOR COMPLETO,-4,EMPRESÁRIO,PRD
PI,Teresina,VEREADOR,SUPLENTE,MASCULINO,BRANCA,SUPERIOR COMPLETO,-4,APOSENTADO (EXCETO SERVIDOR PÚBLICO),PRD
PI,Teresina,VEREADOR,SUPLENTE,MASCULINO,PARDA,SUPERIOR INCOMPLETO,-4,PUBLICITÁRIO,PRD
PI,Teresina,VEREADOR,NÃO ELEITO,MASCULINO,PARDA,ENSINO FUNDAMENTAL INCOMPLETO,-4,SERVIDOR PÚBLICO CIVIL APOSENTADO,CIDADANIA
PI,Teresina,VEREADOR,NÃO ELEITO,MASCULINO,PARDA,SUPERIOR COMPLETO,-4,SERVIDOR PÚBLICO ESTADUAL,PSDB
PI,Teresina,VEREADOR,NÃO ELEITO,FEMININO,PARDA,SUPERIOR COMPLETO,-4,TÉCNICO DE ENFERMAGEM E ASSEMELHADOS (EXCETO ENFERMEIRO),CIDADANIA
PI,Teresina,VEREADOR,SUPLENTE,FEMININO,BRANCA,SUPERIOR INCOMPLETO,-4,OUTROS,SOLIDARIEDADE
PI,Teresina,VEREADOR,SUPLENTE,MASCULINO,PRETA,ENSINO MÉDIO COMPLETO,-4,OUTROS,SOLIDARIEDADE
PI,Teresina,VEREADOR,ELEITO POR QP,MASCULINO,BRANCA,SUPERIOR COMPLETO,-4,JORNALISTA E REDATOR,PP
PI,Teresina,VEREADOR,SUPLENTE,FEMININO,BRANCA,SUPERIOR COMPLETO,-4,JORNALISTA E REDATOR,PP
PI,Teresina,VEREADOR,SUPLENTE,MASCULINO,BRANCA,SUPERIOR COMPLETO,-4,PROFESSOR DE ENSINO MÉDIO,PC do B
PI,Teresina,VEREADOR,SUPLENTE,MASCULINO,PARDA,ENSINO MÉDIO COMPLETO,-4,AGENTE ADMINISTRATIVO,PT
PI,Teresina,VEREADOR,SUPLENTE,MASCULINO,PRETA,ENSINO MÉDIO COMPLETO,-4,APOSENTADO (EXCETO SERVIDOR PÚBLICO),PSB
PI,Teresina,VEREADOR,SUPLENTE,MASCULINO,PARDA,ENSINO MÉDIO COMPLETO,-4,APOSENTADO (EXCETO SERVIDOR PÚBLICO),PSB
PI,Teresina,VEREADOR,SUPLENTE,MASCULINO,PARDA,SUPERIOR INCOMPLETO,-4,PROFESSOR DE ENSINO MÉDIO,PSB
PI,Teresina,VEREADOR,SUPLENTE,FEMININO,BRANCA,SUPERIOR COMPLETO,-4,OUTROS,REPUBLICANOS
PI,Teresina,VEREADOR,SUPLENTE,FEMININO,PARDA,SUPERIOR INCOMPLETO,-4,OUTROS,REPUBLICANOS
PI,Teresina,VEREADOR,SUPLENTE,FEMININO,PRETA,SUPERIOR COMPLETO,-4,ADVOGADO,REPUBLICANOS
PI,Teresina,VEREADOR,SUPLENTE,MASCULINO,PRETA,ENSINO MÉDIO COMPLETO,-4,DIGITADOR,PSD
PI,Teresina,VEREADOR,SUPLENTE,MASCULINO,BRANCA,SUPERIOR COMPLETO,-4,ADMINISTRADOR,PSD
PI,Teresina,VEREADOR,SUPLENTE,MASCULINO,BRANCA,SUPERIOR COMPLETO,-4,SERVIDOR PÚBLICO FEDERAL,PSD
PI,Teresina,VEREADOR,SUPLENTE,MASCULINO,PARDA,ENSINO MÉDIO COMPLETO,-4,OUTROS,PL
PI,Teresina,VEREADOR,SUPLENTE,FEMININO,BRANCA,SUPERIOR COMPLETO,-4,OUTROS,PL
PI,Teresina,VEREADOR,SUPLENTE,FEMININO,PARDA,SUPERIOR COMPLETO,-4,ADVOGADO,PL
PI,Teresina,VEREADOR,SUPLENTE,MASCULINO,PARDA,SUPERIOR COMPLETO,-4,MÉDICO,PL
PI,Teresina,VEREADOR,SUPLENTE,FEMININO,PRETA,SUPERIOR COMPLETO,-4,OUTROS,UNIÃO
PI,Teresina,VEREADOR,SUPLENTE,MASCULINO,PARDA,SUPERIOR COMPLETO,-4,MÉDICO,UNIÃO
PI,Teresina,VEREADOR,SUPLENTE,MASCULINO,PARDA,SUPERIOR COMPLETO,-4,SERVIDOR PÚBLICO FEDERAL,UNIÃO
PI,Teresina,VEREADOR,SUPLENTE,MASCULINO,PARDA,SUPERIOR COMPLETO,-4,JORNALISTA E REDATOR,UNIÃO
PI,Teresina,VEREADOR,SUPLENTE,MASCULINO,PARDA,ENSINO MÉDIO COMPLETO,-4,EMPRESÁRIO,UNIÃO
PI,Teresina,VEREADOR,SUPLENTE,MASCULINO,BRANCA,ENSINO MÉDIO COMPLETO,-4,OUTROS,UNIÃO
PI,Teresina,VEREADOR,SUPLENTE,FEMININO,BRANCA,SUPERIOR COMPLETO,-4,JORNALISTA E REDATOR,AVANTE
PI,Teresina,VEREADOR,SUPLENTE,MASCULINO,PARDA,SUPERIOR COMPLETO,-4,APOSENTADO (EXCETO SERVIDOR PÚBLICO),AVANTE
PI,Teresina,VEREADOR,ELEITO POR QP,MASCULINO,BRANCA,SUPERIOR COMPLETO,-4,POLICIAL CIVIL,AVANTE
PI,Teresina,VEREADOR,SUPLENTE,MASCULINO,PARDA,ENSINO MÉDIO INCOMPLETO,-4,MOTORISTA DE VEÍCULOS DE TRANSPORTE COLETIVO DE PASSAGEIROS,AVANTE
PI,Teresina,VEREADOR,NÃO ELEITO,MASCULINO,PARDA,SUPERIOR COMPLETO,-4,EMPRESÁRIO,NOVO
PI,Teresina,VEREADOR,SUPLENTE,MASCULINO,PARDA,ENSINO FUNDAMENTAL COMPLETO,-4,"PADEIRO, CONFEITEIRO E ASSEMELHADOS",PODE
PI,Teresina,VEREADOR,SUPLENTE,MASCULINO,PARDA,SUPERIOR COMPLETO,-4,EMPRESÁRIO,PODE
PI,Teresina,VEREADOR,NÃO ELEITO,MASCULINO,PARDA,ENSINO MÉDIO COMPLETO,-4,OUTROS,AGIR
PI,Teresina,VEREADOR,NÃO ELEITO,MASCULINO,PARDA,ENSINO MÉDIO COMPLETO,-4,POLICIAL MILITAR,AGIR
PI,Teresina,VEREADOR,NÃO ELEITO,MASCULINO,PARDA,SUPERIOR COMPLETO,-4,OUTROS,AGIR
PI,Teresina,VEREADOR,NÃO ELEITO,FEMININO,BRANCA,ENSINO MÉDIO COMPLETO,-4,VENDEDOR DE COMÉRCIO VAREJISTA E ATACADISTA,AGIR
PI,Teresina,VEREADOR,NÃO ELEITO,FEMININO,PARDA,ENSINO MÉDIO COMPLETO,-4,DONA DE CASA,AGIR
PI,Teresina,VEREADOR,NÃO ELEITO,FEMININO,PARDA,SUPERIOR COMPLETO,-4,SERVIDOR PÚBLICO MUNICIPAL,AGIR
PI,Teresina,VEREADOR,NÃO ELEITO,MASCULINO,PARDA,ENSINO MÉDIO INCOMPLETO,-4,MOTORISTA PARTICULAR,PSOL
PI,Teresina,VEREADOR,NÃO ELEITO,FEMININO,PRETA,SUPERIOR INCOMPLETO,-4,"ESTUDANTE, BOLSISTA, ESTAGIÁRIO E ASSEMELHADOS",PSOL
PI,Teresina,VEREADOR,#NULO,MASCULINO,PARDA,SUPERIOR COMPLETO,-4,OUTROS,DC
PI,Teresina,VEREADOR,#NULO,MASCULINO,PARDA,ENSINO MÉDIO COMPLETO,-4,OUTROS,DC
PI,Teresina,VEREADOR,#NULO,MASCULINO,PRETA,ENSINO MÉDIO INCOMPLETO,-4,COBRADOR DE TRANSPORTE COLETIVO,REPUBLICANOS
PI,Teresina,PREFEITO,NÃO ELEITO,FEMININO,PARDA,SUPERIOR COMPLETO,-4,PROFESSOR DE ENSINO MÉDIO,PCO
PI,Teresina,VEREADOR,NÃO ELEITO,MASCULINO,PRETA,ENSINO FUNDAMENTAL INCOMPLETO,-4,POLICIAL MILITAR,DC
PI,Teresina,VEREADOR,NÃO ELEITO,MASCULINO,PARDA,ENSINO FUNDAMENTAL INCOMPLETO,-4,OUTROS,DC
PI,Teresina,VEREADOR,NÃO ELEITO,MASCULINO,PARDA,ENSINO FUNDAMENTAL COMPLETO,-4,OUTROS,DC
PI,Teresina,VEREADOR,SUPLENTE,MASCULINO,PARDA,SUPERIOR COMPLETO,-4,MÉDICO,MDB
PI,Teresina,VEREADOR,SUPLENTE,MASCULINO,PRETA,ENSINO MÉDIO COMPLETO,-4,EMPRESÁRIO,MDB
PI,Teresina,VEREADOR,SUPLENTE,MASCULINO,PARDA,ENSINO FUNDAMENTAL COMPLETO,-4,ADVOGADO,MDB
PI,Teresina,VEREADOR,SUPLENTE,FEMININO,BRANCA,SUPERIOR COMPLETO,-4,VEREADOR,MDB
PI,Teresina,VEREADOR,ELEITO POR QP,MASCULINO,PARDA,ENSINO MÉDIO COMPLETO,-4,AGENTE ADMINISTRATIVO,PDT
PI,Teresina,VEREADOR,SUPLENTE,MASCULINO,BRANCA,SUPERIOR COMPLETO,-4,PROFESSOR DE ENSINO SUPERIOR,PDT
PI,Teresina,VEREADOR,SUPLENTE,MASCULINO,PARDA,SUPERIOR COMPLETO,-4,FARMACÊUTICO,PDT
PI,Teresina,VEREADOR,SUPLENTE,MASCULINO,PARDA,SUPERIOR INCOMPLETO,-4,SERVIDOR PÚBLICO ESTADUAL,PDT
PI,Teresina,VEREADOR,SUPLENTE,FEMININO,PRETA,ENSINO MÉDIO COMPLETO,-4,EMPRESÁRIO,PDT
PI,Teresina,VEREADOR,SUPLENTE,MASCULINO,PARDA,ENSINO MÉDIO COMPLETO,-4,RECEPCIONISTA,PDT
PI,Teresina,VEREADOR,SUPLENTE,MASCULINO,PARDA,SUPERIOR COMPLETO,-4,ADVOGADO,PRD
PI,Teresina,VEREADOR,SUPLENTE,FEMININO,PARDA,SUPERIOR COMPLETO,-4,"TÉCNICO CONTABILIDADE, ESTATÍSTICA, ECONOMIA DOMÉSTICA E ADMINISTRAÇÃO",PRD
PI,Teresina,VEREADOR,NÃO ELEITO,MASCULINO,PRETA,ENSINO MÉDIO COMPLETO,-4,"ESTUDANTE, BOLSISTA, ESTAGIÁRIO E ASSEMELHADOS",UP
PI,Teresina,VEREADOR,NÃO ELEITO,FEMININO,PARDA,ENSINO MÉDIO COMPLETO,-4,OUTROS,PSDB
PI,Teresina,VEREADOR,SUPLENTE,MASCULINO,PRETA,SUPERIOR COMPLETO,-4,ADMINISTRADOR,SOLIDARIEDADE
PI,Teresina,VEREADOR,SUPLENTE,MASCULINO,PARDA,ENSINO MÉDIO COMPLETO,-4,OUTROS,SOLIDARIEDADE
PI,Teresina,VEREADOR,SUPLENTE,MASCULINO,PRETA,ENSINO MÉDIO COMPLETO,-4,OUTROS,PP
PI,Teresina,VEREADOR,SUPLENTE,FEMININO,PARDA,SUPERIOR INCOMPLETO,-4,OUTROS,PP
PI,Teresina,VEREADOR,SUPLENTE,FEMININO,BRANCA,SUPERIOR COMPLETO,-4,MÉDICO,PP
PI,Teresina,VEREADOR,SUPLENTE,MASCULINO,PRETA,SUPERIOR INCOMPLETO,-4,"ESTUDANTE, BOLSISTA, ESTAGIÁRIO E ASSEMELHADOS",PP
PI,Teresina,VEREADOR,SUPLENTE,MASCULINO,PRETA,SUPERIOR COMPLETO,-4,ADVOGADO,PP
PI,Teresina,VEREADOR,SUPLENTE,FEMININO,PARDA,ENSINO MÉDIO COMPLETO,-4,"ESTUDANTE, BOLSISTA, ESTAGIÁRIO E ASSEMELHADOS",PT
PI,Teresina,VEREADOR,SUPLENTE,MASCULINO,PARDA,ENSINO MÉDIO COMPLETO,-4,EMPRESÁRIO,PSB
PI,Teresina,VEREADOR,SUPLENTE,FEMININO,PARDA,ENSINO MÉDIO COMPLETO,-4,AUXILIAR DE ESCRITÓRIO E ASSEMELHADOS,PSB
PI,Teresina,VEREADOR,SUPLENTE,MASCULINO,PARDA,ENSINO MÉDIO COMPLETO,-4,AUXILIAR DE ESCRITÓRIO E ASSEMELHADOS,PSB
PI,Teresina,VEREADOR,SUPLENTE,FEMININO,PARDA,SUPERIOR INCOMPLETO,-4,POLICIAL MILITAR,PSB
PI,Teresina,VEREADOR,SUPLENTE,MASCULINO,PARDA,SUPERIOR COMPLETO,-4,ADVOGADO,PSB
PI,Teresina,VEREADOR,SUPLENTE,FEMININO,PRETA,SUPERIOR COMPLETO,-4,AGENTE DE SAÚDE E SANITARISTA,REPUBLICANOS
PI,Teresina,VEREADOR,SUPLENTE,MASCULINO,PARDA,ENSINO FUNDAMENTAL COMPLETO,-4,OUTROS,REPUBLICANOS
PI,Teresina,VEREADOR,SUPLENTE,MASCULINO,PARDA,ENSINO MÉDIO COMPLETO,-4,COMERCIANTE,REPUBLICANOS
PI,Teresina,VEREADOR,SUPLENTE,MASCULINO,PARDA,ENSINO MÉDIO COMPLETO,-4,OUTROS,REPUBLICANOS
PI,Teresina,VEREADOR,SUPLENTE,MASCULINO,PARDA,SUPERIOR COMPLETO,-4,SERVIDOR PÚBLICO FEDERAL,PSD
PI,Teresina,VEREADOR,SUPLENTE,MASCULINO,PRETA,SUPERIOR COMPLETO,-4,SERVIDOR PÚBLICO ESTADUAL,PSD
PI,Teresina,VEREADOR,SUPLENTE,FEMININO,PARDA,SUPERIOR COMPLETO,-4,ENFERMEIRO,PSD
PI,Teresina,VEREADOR,SUPLENTE,MASCULINO,BRANCA,SUPERIOR COMPLETO,-4,EMPRESÁRIO,PSD
PI,Teresina,VEREADOR,ELEITO POR QP,MASCULINO,PARDA,SUPERIOR COMPLETO,-4,VEREADOR,PL
PI,Teresina,VEREADOR,SUPLENTE,MASCULINO,BRANCA,SUPERIOR COMPLETO,-4,MÉDICO,PL
PI,Teresina,VEREADOR,SUPLENTE,FEMININO,PARDA,SUPERIOR COMPLETO,-4,OUTROS,PL
PI,Teresina,VEREADOR,SUPLENTE,MASCULINO,BRANCA,ENSINO MÉDIO COMPLETO,-4,OUTROS,PL
PI,Teresina,VEREADOR,SUPLENTE,MASCULINO,PRETA,SUPERIOR COMPLETO,-4,EMPRESÁRIO,UNIÃO
PI,Teresina,VEREADOR,SUPLENTE,FEMININO,BRANCA,SUPERIOR COMPLETO,-4,APOSENTADO (EXCETO SERVIDOR PÚBLICO),UNIÃO
PI,Teresina,VEREADOR,SUPLENTE,MASCULINO,BRANCA,ENSINO FUNDAMENTAL COMPLETO,-4,OUTROS,UNIÃO
PI,Teresina,VEREADOR,SUPLENTE,MASCULINO,BRANCA,SUPERIOR COMPLETO,-4,SERVIDOR PÚBLICO FEDERAL,UNIÃO
PI,Teresina,VEREADOR,SUPLENTE,MASCULINO,PARDA,SUPERIOR COMPLETO,-4,OUTROS,UNIÃO
PI,Teresina,VEREADOR,SUPLENTE,FEMININO,BRANCA,SUPERIOR COMPLETO,-4,PUBLICITÁRIO,AVANTE
PI,Teresina,VEREADOR,SUPLENTE,MASCULINO,PARDA,ENSINO MÉDIO COMPLETO,-4,PROFESSOR E INSTRUTOR DE FORMAÇÃO PROFISSIONAL,AVANTE
PI,Teresina,VEREADOR,NÃO ELEITO,MASCULINO,BRANCA,SUPERIOR COMPLETO,-4,ADVOGADO,NOVO
PI,Teresina,VEREADOR,NÃO ELEITO,MASCULINO,PARDA,ENSINO MÉDIO COMPLETO,-4,EMPRESÁRIO,NOVO
PI,Teresina,VEREADOR,NÃO ELEITO,FEMININO,PRETA,SUPERIOR INCOMPLETO,-4,GERENTE,NOVO
PI,Teresina,VEREADOR,SUPLENTE,FEMININO,PARDA,SUPERIOR COMPLETO,-4,SERVIDOR PÚBLICO FEDERAL,PODE
PI,Teresina,VEREADOR,SUPLENTE,MASCULINO,PARDA,SUPERIOR COMPLETO,-4,PEDAGOGO,PODE
PI,Teresina,VEREADOR,NÃO ELEITO,FEMININO,PARDA,ENSINO MÉDIO COMPLETO,-4,TÉCNICO DE ENFERMAGEM E ASSEMELHADOS (EXCETO ENFERMEIRO),AGIR
PI,Teresina,VEREADOR,NÃO ELEITO,MASCULINO,PARDA,SUPERIOR COMPLETO,-4,ADVOGADO,AGIR
PI,Teresina,VEREADOR,NÃO ELEITO,MASCULINO,PARDA,ENSINO FUNDAMENTAL INCOMPLETO,-4,OUTROS,AGIR
PI,Teresina,VEREADOR,NÃO ELEITO,MASCULINO,PARDA,ENSINO FUNDAMENTAL COMPLETO,-4,MOTORISTA PARTICULAR,PSOL
PI,Teresina,VEREADOR,NÃO ELEITO,MASCULINO,PRETA,SUPERIOR COMPLETO,-4,ADVOGADO,PSOL
PI,Teresina,VEREADOR,NÃO ELEITO,MASCULINO,PARDA,SUPERIOR INCOMPLETO,-4,EMPRESÁRIO,PSOL
PI,Teresina,VEREADOR,#NULO,MASCULINO,PRETA,SUPERIOR COMPLETO,-4,JORNALISTA E REDATOR,PRD
PI,Teresina,VEREADOR,NÃO ELEITO,FEMININO,BRANCA,ENSINO MÉDIO COMPLETO,-4,AGENTE DE SAÚDE E SANITARISTA,DC
PI,Teresina,VEREADOR,NÃO ELEITO,FEMININO,PARDA,SUPERIOR COMPLETO,-4,ENFERMEIRO,DC
PI,Teresina,VEREADOR,NÃO ELEITO,FEMININO,PARDA,ENSINO MÉDIO COMPLETO,-4,APOSENTADO (EXCETO SERVIDOR PÚBLICO),DC
PI,Teresina,VEREADOR,ELEITO POR MÉDIA,FEMININO,PARDA,SUPERIOR COMPLETO,-4,ADVOGADO,MDB
PI,Teresina,VEREADOR,SUPLENTE,MASCULINO,PARDA,ENSINO MÉDIO INCOMPLETO,-4,APOSENTADO (EXCETO SERVIDOR PÚBLICO),MDB
PI,Teresina,VEREADOR,SUPLENTE,FEMININO,PRETA,SUPERIOR COMPLETO,-4,FONOAUDIÓLOGO,MDB
PI,Teresina,VEREADOR,SUPLENTE,MASCULINO,PARDA,SUPERIOR COMPLETO,-4,PROFESSOR DE ENSINO MÉDIO,MDB
PI,Teresina,VEREADOR,SUPLENTE,MASCULINO,BRANCA,SUPERIOR INCOMPLETO,-4,EMPRESÁRIO,PDT
PI,Teresina,VEREADOR,ELEITO POR QP,MASCULINO,PRETA,SUPERIOR COMPLETO,-4,ADVOGADO,PDT
PI,Teresina,VEREADOR,SUPLENTE,FEMININO,PARDA,SUPERIOR COMPLETO,-4,ADVOGADO,PDT
PI,Teresina,VEREADOR,SUPLENTE,FEMININO,BRANCA,SUPERIOR COMPLETO,-4,ADMINISTRADOR,PDT
PI,Teresina,VEREADOR,SUPLENTE,FEMININO,PARDA,SUPERIOR COMPLETO,-4,ADVOGADO,PRD
PI,Teresina,VEREADOR,SUPLENTE,FEMININO,BRANCA,SUPERIOR COMPLETO,-4,ADVOGADO,PRD
PI,Teresina,VEREADOR,ELEITO POR QP,MASCULINO,BRANCA,ENSINO MÉDIO COMPLETO,-4,AGRICULTOR,PRD
PI,Teresina,VEREADOR,SUPLENTE,MASCULINO,BRANCA,SUPERIOR COMPLETO,-4,EMPRESÁRIO,PRD
PI,Teresina,VEREADOR,ELEITO POR QP,MASCULINO,PARDA,SUPERIOR COMPLETO,-4,ARQUITETO,PRD
PI,Teresina,VEREADOR,ELEITO POR MÉDIA,MASCULINO,PRETA,ENSINO MÉDIO COMPLETO,-4,SERVIDOR PÚBLICO MUNICIPAL,PRD
PI,Teresina,VEREADOR,NÃO ELEITO,MASCULINO,PARDA,ENSINO MÉDIO COMPLETO,-4,MOTORISTA PARTICULAR,CIDADANIA
PI,Teresina,VEREADOR,NÃO ELEITO,MASCULINO,PARDA,SUPERIOR COMPLETO,-4,VENDEDOR DE COMÉRCIO VAREJISTA E ATACADISTA,CIDADANIA
PI,Teresina,VEREADOR,NÃO ELEITO,MASCULINO,PARDA,SUPERIOR COMPLETO,-4,"ESTUDANTE, BOLSISTA, ESTAGIÁRIO E ASSEMELHADOS",PSDB
PI,Teresina,VEREADOR,SUPLENTE,MASCULINO,PRETA,SUPERIOR INCOMPLETO,-4,VIGILANTE,SOLIDARIEDADE
PI,Teresina,VEREADOR,SUPLENTE,MASCULINO,PRETA,SUPERIOR COMPLETO,-4,OUTROS,SOLIDARIEDADE
PI,Teresina,VEREADOR,SUPLENTE,MASCULINO,BRANCA,SUPERIOR COMPLETO,-4,JORNALISTA E REDATOR,SOLIDARIEDADE
PI,Teresina,VEREADOR,SUPLENTE,FEMININO,PARDA,SUPERIOR INCOMPLETO,-4,OUTROS,SOLIDARIEDADE
PI,Teresina,VEREADOR,SUPLENTE,MASCULINO,PRETA,ENSINO FUNDAMENTAL COMPLETO,-4,OUTROS,PP
PI,Teresina,VEREADOR,SUPLENTE,MASCULINO,AMARELA,SUPERIOR COMPLETO,-4,ENGENHEIRO,PP
PI,Teresina,VEREADOR,SUPLENTE,MASCULINO,PRETA,ENSINO FUNDAMENTAL COMPLETO,-4,MOTORISTA PARTICULAR,PP
PI,Teresina,VEREADOR,SUPLENTE,FEMININO,PARDA,SUPERIOR COMPLETO,-4,PEDAGOGO,PP
PI,Teresina,VEREADOR,NÃO ELEITO,FEMININO,PARDA,SUPERIOR COMPLETO,-4,SERVIDOR PÚBLICO ESTADUAL,PSTU
PI,Teresina,VEREADOR,SUPLENTE,MASCULINO,PARDA,SUPERIOR COMPLETO,-4,ADMINISTRADOR,PT
PI,Teresina,VEREADOR,SUPLENTE,MASCULINO,BRANCA,SUPERIOR COMPLETO,-4,ADVOGADO,PT
PI,Teresina,VEREADOR,ELEITO POR MÉDIA,MASCULINO,PARDA,SUPERIOR COMPLETO,-4,VEREADOR,PT
PI,Teresina,VEREADOR,SUPLENTE,MASCULINO,BRANCA,SUPERIOR COMPLETO,-4,ADVOGADO,PSB
PI,Teresina,VEREADOR,SUPLENTE,MASCULINO,PRETA,ENSINO MÉDIO COMPLETO,-4,COMERCIANTE,PSB
PI,Teresina,VEREADOR,SUPLENTE,FEMININO,PARDA,ENSINO MÉDIO COMPLETO,-4,APOSENTADO (EXCETO SERVIDOR PÚBLICO),PSB
PI,Teresina,VEREADOR,SUPLENTE,MASCULINO,PARDA,SUPERIOR COMPLETO,-4,SERVIDOR PÚBLICO MUNICIPAL,PSB
PI,Teresina,VEREADOR,SUPLENTE,FEMININO,PRETA,ENSINO MÉDIO COMPLETO,-4,DONA DE CASA,PSB
PI,Teresina,VEREADOR,SUPLENTE,MASCULINO,PARDA,ENSINO FUNDAMENTAL INCOMPLETO,-4,OUTROS,REPUBLICANOS
PI,Teresina,VEREADOR,SUPLENTE,FEMININO,PARDA,ENSINO MÉDIO COMPLETO,-4,OUTROS,REPUBLICANOS
PI,Teresina,VEREADOR,SUPLENTE,MASCULINO,PARDA,SUPERIOR COMPLETO,-4,ADVOGADO,REPUBLICANOS
PI,Teresina,VEREADOR,SUPLENTE,MASCULINO,PRETA,SUPERIOR INCOMPLETO,-4,EMPRESÁRIO,PSD
PI,Teresina,VEREADOR,SUPLENTE,MASCULINO,PARDA,SUPERIOR COMPLETO,-4,CIENTISTA POLÍTICO,PL
PI,Teresina,VEREADOR,SUPLENTE,MASCULINO,PARDA,ENSINO MÉDIO COMPLETO,-4,OUTROS,UNIÃO
PI,Teresina,VEREADOR,SUPLENTE,MASCULINO,PRETA,SUPERIOR COMPLETO,-4,OUTROS,UNIÃO
PI,Teresina,VEREADOR,SUPLENTE,MASCULINO,BRANCA,SUPERIOR COMPLETO,-4,MÉDICO,UNIÃO
PI,Teresina,VEREADOR,SUPLENTE,MASCULINO,PARDA,ENSINO MÉDIO COMPLETO,-4,AUXILIAR DE ESCRITÓRIO E ASSEMELHADOS,AVANTE
PI,Teresina,VEREADOR,SUPLENTE,MASCULINO,PARDA,SUPERIOR COMPLETO,-4,GERENTE,AVANTE
PI,Teresina,VEREADOR,SUPLENTE,FEMININO,PRETA,ENSINO MÉDIO COMPLETO,-4,DONA DE CASA,AVANTE
PI,Teresina,VEREADOR,SUPLENTE,FEMININO,PARDA,SUPERIOR COMPLETO,-4,AGENTE ADMINISTRATIVO,AVANTE
PI,Teresina,VEREADOR,NÃO ELEITO,MASCULINO,PARDA,SUPERIOR COMPLETO,-4,AGENTE ADMINISTRATIVO,NOVO
PI,Teresina,VEREADOR,SUPLENTE,MASCULINO,PARDA,SUPERIOR COMPLETO,-4,POLICIAL MILITAR,PODE
PI,Teresina,VEREADOR,SUPLENTE,MASCULINO,PARDA,SUPERIOR COMPLETO,-4,OUTROS,PODE
PI,Teresina,VEREADOR,NÃO ELEITO,MASCULINO,BRANCA,SUPERIOR COMPLETO,-4,OUTROS,AGIR
PI,Teresina,VICE-PREFEITO,ELEITO,MASCULINO,PARDA,SUPERIOR COMPLETO,-4,ADVOGADO,REPUBLICANOS
PI,Teresina,VICE-PREFEITO,NÃO ELEITO,MASCULINO,PARDA,SUPERIOR COMPLETO,-4,MÉDICO,MDB
PI,Teresina,VEREADOR,#NULO,FEMININO,PARDA,ENSINO FUNDAMENTAL COMPLETO,-4,AUXILIAR DE ESCRITÓRIO E ASSEMELHADOS,DC
PI,Teresina,VEREADOR,#NULO,MASCULINO,PRETA,SUPERIOR COMPLETO,-4,PROFESSOR DE ENSINO DE PRIMEIRO E SEGUNDO GRAUS,DC
PI,Teresina,VEREADOR,#NULO,FEMININO,PARDA,SUPERIOR COMPLETO,-4,OUTROS,PSDB
PI,Teresina,VEREADOR,#NULO,FEMININO,PARDA,ENSINO MÉDIO COMPLETO,-4,AGENTE ADMINISTRATIVO,AVANTE
PI,Teresina,VEREADOR,#NULO,FEMININO,PARDA,SUPERIOR COMPLETO,-4,ADVOGADO,PODE
PI,Teresina,VEREADOR,#NULO,MASCULINO,PRETA,ENSINO FUNDAMENTAL INCOMPLETO,-4,ATLETA PROFISSIONAL E TÉCNICO EM DESPORTOS,AGIR
PI,Teresina,VEREADOR,#NULO,MASCULINO,PARDA,ENSINO MÉDIO COMPLETO,-4,TRABALHADOR METALÚRGICO E SIDERÚRGICO,PSOL
PI,Teresina,PREFEITO,NÃO ELEITO,MASCULINO,PARDA,SUPERIOR COMPLETO,-4,MÉDICO,PRD
PI,Teresina,VEREADOR,NÃO ELEITO,MASCULINO,PARDA,SUPERIOR COMPLETO,-4,OUTROS,DC
PI,Teresina,VEREADOR,NÃO ELEITO,MASCULINO,PARDA,SUPERIOR COMPLETO,-4,FONOAUDIÓLOGO,DC
PI,Teresina,VEREADOR,SUPLENTE,MASCULINO,PARDA,ENSINO FUNDAMENTAL COMPLETO,-4,MOTORISTA PARTICULAR,MDB
PI,Teresina,VEREADOR,ELEITO POR QP,MASCULINO,PARDA,ENSINO MÉDIO COMPLETO,-4,EMPRESÁRIO,MDB
PI,Teresina,VEREADOR,SUPLENTE,MASCULINO,BRANCA,SUPERIOR COMPLETO,-4,MILITAR REFORMADO,MDB
PI,Teresina,VEREADOR,SUPLENTE,FEMININO,PARDA,SUPERIOR COMPLETO,-4,SERVIDOR PÚBLICO CIVIL APOSENTADO,MDB
PI,Teresina,VEREADOR,SUPLENTE,MASCULINO,PARDA,SUPERIOR COMPLETO,-4,ADVOGADO,PDT
PI,Teresina,VEREADOR,SUPLENTE,MASCULINO,PARDA,SUPERIOR COMPLETO,-4,SERVIDOR PÚBLICO FEDERAL,PDT
PI,Teresina,VEREADOR,SUPLENTE,MASCULINO,PARDA,SUPERIOR COMPLETO,-4,SERVIDOR PÚBLICO FEDERAL,PRD
PI,Teresina,VEREADOR,SUPLENTE,FEMININO,PRETA,ENSINO FUNDAMENTAL COMPLETO,-4,COMERCIANTE,PRD
PI,Teresina,VEREADOR,SUPLENTE,FEMININO,PARDA,SUPERIOR COMPLETO,-4,EMPRESÁRIO,PRD
PI,Teresina,VEREADOR,NÃO ELEITO,FEMININO,PRETA,SUPERIOR COMPLETO,-4,PROFESSOR DE ENSINO MÉDIO,CIDADANIA
PI,Teresina,VEREADOR,NÃO ELEITO,MASCULINO,PRETA,SUPERIOR COMPLETO,-4,"ESTUDANTE, BOLSISTA, ESTAGIÁRIO E ASSEMELHADOS",CIDADANIA
PI,Teresina,VEREADOR,NÃO ELEITO,MASCULINO,PARDA,ENSINO FUNDAMENTAL COMPLETO,-4,MOTORISTA DE VEÍCULOS DE TRANSPORTE COLETIVO DE PASSAGEIROS,PSDB
PI,Teresina,VEREADOR,SUPLENTE,MASCULINO,PARDA,SUPERIOR COMPLETO,-4,PROFESSOR DE ENSINO MÉDIO,SOLIDARIEDADE
PI,Teresina,VEREADOR,SUPLENTE,MASCULINO,BRANCA,SUPERIOR COMPLETO,-4,ADMINISTRADOR,SOLIDARIEDADE
PI,Teresina,VEREADOR,SUPLENTE,MASCULINO,PRETA,ENSINO MÉDIO COMPLETO,-4,POLICIAL MILITAR,PP
PI,Teresina,VEREADOR,SUPLENTE,MASCULINO,PARDA,SUPERIOR COMPLETO,-4,ADVOGADO,PP
PI,Teresina,VEREADOR,SUPLENTE,FEMININO,PRETA,ENSINO FUNDAMENTAL INCOMPLETO,-4,TRABALHADOR RURAL,PT
PI,Teresina,VEREADOR,SUPLENTE,MASCULINO,PARDA,ENSINO MÉDIO COMPLETO,-4,COMERCIÁRIO,PT
PI,Teresina,VEREADOR,SUPLENTE,MASCULINO,PRETA,ENSINO MÉDIO COMPLETO,-4,AGENTE ADMINISTRATIVO,PC do B
PI,Teresina,VEREADOR,SUPLENTE,MASCULINO,PRETA,SUPERIOR COMPLETO,-4,SERVIDOR PÚBLICO FEDERAL,REPUBLICANOS
PI,Teresina,VEREADOR,SUPLENTE,MASCULINO,PARDA,ENSINO FUNDAMENTAL COMPLETO,-4,COMERCIANTE,REPUBLICANOS
PI,Teresina,VEREADOR,SUPLENTE,FEMININO,PARDA,SUPERIOR COMPLETO,-4,NUTRICIONISTA E ASSEMELHADOS,PSD
PI,Teresina,VEREADOR,SUPLENTE,MASCULINO,PRETA,ENSINO MÉDIO COMPLETO,-4,OUTROS,PSD
PI,Teresina,VEREADOR,SUPLENTE,MASCULINO,BRANCA,SUPERIOR COMPLETO,-4,INDUSTRIAL,PSD
PI,Teresina,VEREADOR,SUPLENTE,FEMININO,PARDA,SUPERIOR COMPLETO,-4,"ESTUDANTE, BOLSISTA, ESTAGIÁRIO E ASSEMELHADOS",PSD
PI,Teresina,VEREADOR,SUPLENTE,FEMININO,PRETA,SUPERIOR COMPLETO,-4,ENFERMEIRO,PL
PI,Teresina,VEREADOR,SUPLENTE,FEMININO,PARDA,ENSINO MÉDIO COMPLETO,-4,OUTROS,UNIÃO
PI,Teresina,VEREADOR,ELEITO POR QP,MASCULINO,PARDA,SUPERIOR INCOMPLETO,-4,"ESTUDANTE, BOLSISTA, ESTAGIÁRIO E ASSEMELHADOS",UNIÃO
PI,Teresina,VEREADOR,SUPLENTE,MASCULINO,PARDA,SUPERIOR COMPLETO,-4,ADMINISTRADOR,UNIÃO
PI,Teresina,VEREADOR,SUPLENTE,FEMININO,PARDA,SUPERIOR INCOMPLETO,-4,"CORRETOR DE IMÓVEIS, SEGUROS, TÍTULOS E VALORES",AVANTE
PI,Teresina,VEREADOR,SUPLENTE,MASCULINO,PARDA,SUPERIOR INCOMPLETO,-4,AUXILIAR DE ESCRITÓRIO E ASSEMELHADOS,AVANTE
PI,Teresina,VEREADOR,SUPLENTE,MASCULINO,BRANCA,ENSINO FUNDAMENTAL COMPLETO,-4,AUXILIAR DE ESCRITÓRIO E ASSEMELHADOS,AVANTE
PI,Teresina,VEREADOR,SUPLENTE,MASCULINO,PARDA,ENSINO MÉDIO COMPLETO,-4,EMPRESÁRIO,AVANTE
PI,Teresina,VEREADOR,NÃO ELEITO,MASCULINO,BRANCA,SUPERIOR COMPLETO,-4,CONTADOR,NOVO
PI,Teresina,VEREADOR,SUPLENTE,FEMININO,PRETA,ENSINO MÉDIO COMPLETO,-4,"ESTUDANTE, BOLSISTA, ESTAGIÁRIO E ASSEMELHADOS",PODE
PI,Teresina,VEREADOR,SUPLENTE,MASCULINO,PARDA,ENSINO MÉDIO COMPLETO,-4,TÉCNICO EM AGRONOMIA E AGRIMENSURA,PODE
PI,Teresina,VEREADOR,ELEITO POR QP,MASCULINO,PARDA,ENSINO MÉDIO COMPLETO,-4,"VENDEDOR PRACISTA, REPRESENTANTE, CAIXEIRO-VIAJANTE E ASSEMELHADOS",PODE
PI,Teresina,VEREADOR,SUPLENTE,MASCULINO,PRETA,SUPERIOR COMPLETO,-4,COMERCIANTE,PODE
PI,Teresina,VEREADOR,SUPLENTE,FEMININO,BRANCA,ENSINO FUNDAMENTAL COMPLETO,-4,"VENDEDOR PRACISTA, REPRESENTANTE, CAIXEIRO-VIAJANTE E ASSEMELHADOS",PODE
PI,Teresina,VEREADOR,SUPLENTE,FEMININO,PARDA,SUPERIOR COMPLETO,-4,TERAPEUTA,PODE
PI,Teresina,VEREADOR,NÃO ELEITO,FEMININO,PARDA,ENSINO MÉDIO COMPLETO,-4,OUTROS,AGIR
PI,Teresina,VEREADOR,NÃO ELEITO,FEMININO,PARDA,SUPERIOR COMPLETO,-4,PROFESSOR DE ENSINO MÉDIO,PSOL
PI,Teresina,VICE-PREFEITO,NÃO ELEITO,FEMININO,PRETA,ENSINO MÉDIO COMPLETO,-4,"ESTUDANTE, BOLSISTA, ESTAGIÁRIO E ASSEMELHADOS",UP
PI,Teresina,VICE-PREFEITO,NÃO ELEITO,MASCULINO,PRETA,SUPERIOR COMPLETO,-4,SERVIDOR PÚBLICO MUNICIPAL,PSTU
PI,Teresina,VICE-PREFEITO,NÃO ELEITO,FEMININO,BRANCA,ENSINO MÉDIO COMPLETO,-4,APOSENTADO (EXCETO SERVIDOR PÚBLICO),PCO
PI,Teresina,VEREADOR,SUPLENTE,MASCULINO,BRANCA,SUPERIOR INCOMPLETO,-4,LOCUTOR E COMENTARISTA DE RÁDIO E TELEVISÃO E RADIALISTA,AVANTE
PI,Teresina,VEREADOR,#NULO,MASCULINO,PARDA,SUPERIOR INCOMPLETO,-4,"ESTUDANTE, BOLSISTA, ESTAGIÁRIO E ASSEMELHADOS",CIDADANIA
PI,Teresina,VEREADOR,#NULO,MASCULINO,PRETA,ENSINO MÉDIO COMPLETO,-4,EMPRESÁRIO,PSD
PI,Teresina,PREFEITO,ELEITO,MASCULINO,BRANCA,SUPERIOR COMPLETO,-4,MÉDICO,UNIÃO
PI,Teresina,PREFEITO,NÃO ELEITO,MASCULINO,BRANCA,SUPERIOR COMPLETO,-4,PROFESSOR DE ENSINO SUPERIOR,NOVO
PI,Teresina,PREFEITO,NÃO ELEITO,MASCULINO,PRETA,SUPERIOR COMPLETO,-4,SERVIDOR PÚBLICO FEDERAL,PSTU
PI,Teresina,VEREADOR,NÃO ELEITO,MASCULINO,PARDA,ENSINO FUNDAMENTAL COMPLETO,-4,MILITAR REFORMADO,DC
PI,Teresina,VEREADOR,NÃO ELEITO,MASCULINO,BRANCA,SUPERIOR INCOMPLETO,-4,OUTROS,DC
PI,Teresina,VEREADOR,SUPLENTE,FEMININO,PARDA,ENSINO FUNDAMENTAL COMPLETO,-4,APOSENTADO (EXCETO SERVIDOR PÚBLICO),MDB
PI,Teresina,VEREADOR,SUPLENTE,FEMININO,PRETA,SUPERIOR COMPLETO,-4,ASSISTENTE SOCIAL,PRD
PI,Teresina,VEREADOR,SUPLENTE,FEMININO,PARDA,SUPERIOR COMPLETO,-4,GERENTE,PRD
PI,Teresina,VEREADOR,ELEITO POR QP,MASCULINO,PARDA,SUPERIOR INCOMPLETO,-4,"ESTUDANTE, BOLSISTA, ESTAGIÁRIO E ASSEMELHADOS",PRD
PI,Teresina,VEREADOR,SUPLENTE,MASCULINO,BRANCA,SUPERIOR COMPLETO,-4,POLICIAL MILITAR,PRD
PI,Teresina,VEREADOR,SUPLENTE,MASCULINO,PARDA,ENSINO FUNDAMENTAL INCOMPLETO,-4,MOTORISTA PARTICULAR,SOLIDARIEDADE
PI,Teresina,VEREADOR,SUPLENTE,FEMININO,PARDA,SUPERIOR COMPLETO,-4,CONTADOR,PP
PI,Teresina,VEREADOR,SUPLENTE,FEMININO,PARDA,SUPERIOR COMPLETO,-4,OUTROS,PP
PI,Teresina,VEREADOR,SUPLENTE,MASCULINO,BRANCA,SUPERIOR INCOMPLETO,-4,OUTROS,PP
PI,Teresina,VEREADOR,ELEITO POR QP,FEMININO,PARDA,SUPERIOR COMPLETO,-4,VEREADOR,PT
PI,Teresina,VEREADOR,SUPLENTE,FEMININO,PARDA,SUPERIOR COMPLETO,-4,ADVOGADO,PT
PI,Teresina,VEREADOR,SUPLENTE,MASCULINO,PARDA,SUPERIOR COMPLETO,-4,ENGENHEIRO,PV
PI,Teresina,VEREADOR,SUPLENTE,FEMININO,BRANCA,SUPERIOR INCOMPLETO,-4,TERAPEUTA,PV
PI,Teresina,VEREADOR,SUPLENTE,MASCULINO,BRANCA,SUPERIOR COMPLETO,-4,POLICIAL MILITAR,PSB
PI,Teresina,VEREADOR,SUPLENTE,MASCULINO,PRETA,ENSINO FUNDAMENTAL INCOMPLETO,-4,OUTROS,REPUBLICANOS
PI,Teresina,VEREADOR,SUPLENTE,FEMININO,PARDA,ENSINO MÉDIO COMPLETO,-4,EMPREGADO DOMÉSTICO,REPUBLICANOS
PI,Teresina,VEREADOR,SUPLENTE,MASCULINO,PRETA,ENSINO MÉDIO COMPLETO,-4,OUTROS,REPUBLICANOS
PI,Teresina,VEREADOR,SUPLENTE,MASCULINO,BRANCA,SUPERIOR COMPLETO,-4,POLICIAL MILITAR,REPUBLICANOS
PI,Teresina,VEREADOR,SUPLENTE,MASCULINO,PARDA,SUPERIOR INCOMPLETO,-4,EMPRESÁRIO,PSD
PI,Teresina,VEREADOR,SUPLENTE,FEMININO,PRETA,ENSINO FUNDAMENTAL INCOMPLETO,-4,FAXINEIRO,PSD
PI,Teresina,VEREADOR,SUPLENTE,FEMININO,PRETA,SUPERIOR INCOMPLETO,-4,DONA DE CASA,PSD
PI,Teresina,VEREADOR,SUPLENTE,FEMININO,BRANCA,SUPERIOR COMPLETO,-4,EMPRESÁRIO,PSD
PI,Teresina,VEREADOR,SUPLENTE,MASCULINO,PARDA,SUPERIOR INCOMPLETO,-4,"ESTUDANTE, BOLSISTA, ESTAGIÁRIO E ASSEMELHADOS",PSD
PI,Teresina,VEREADOR,SUPLENTE,MASCULINO,PARDA,SUPERIOR COMPLETO,-4,GERENTE,PL
PI,Teresina,VEREADOR,SUPLENTE,MASCULINO,PARDA,SUPERIOR COMPLETO,-4,OUTROS,PL
PI,Teresina,VEREADOR,SUPLENTE,MASCULINO,PRETA,ENSINO MÉDIO COMPLETO,-4,OUTROS,PL
PI,Teresina,VEREADOR,SUPLENTE,MASCULINO,BRANCA,SUPERIOR COMPLETO,-4,OUTROS,PL
PI,Teresina,VEREADOR,SUPLENTE,MASCULINO,PARDA,ENSINO FUNDAMENTAL COMPLETO,-4,OUTROS,PL
PI,Teresina,VEREADOR,SUPLENTE,FEMININO,PARDA,SUPERIOR COMPLETO,-4,ENFERMEIRO,UNIÃO
PI,Teresina,VEREADOR,SUPLENTE,MASCULINO,PRETA,ENSINO MÉDIO COMPLETO,-4,OUTROS,UNIÃO
PI,Teresina,VEREADOR,SUPLENTE,MASCULINO,PARDA,SUPERIOR COMPLETO,-4,PROFESSOR DE ENSINO SUPERIOR,UNIÃO
PI,Teresina,VEREADOR,SUPLENTE,MASCULINO,PARDA,SUPERIOR INCOMPLETO,-4,OUTROS,UNIÃO
PI,Teresina,VEREADOR,SUPLENTE,FEMININO,PRETA,SUPERIOR COMPLETO,-4,POLICIAL CIVIL,UNIÃO
PI,Teresina,VEREADOR,SUPLENTE,FEMININO,PARDA,SUPERIOR COMPLETO,-4,ADVOGADO,AVANTE
PI,Teresina,VEREADOR,SUPLENTE,FEMININO,BRANCA,SUPERIOR COMPLETO,-4,SERVIDOR PÚBLICO MUNICIPAL,AVANTE
PI,Teresina,VEREADOR,SUPLENTE,FEMININO,PARDA,SUPERIOR COMPLETO,-4,AUXILIAR DE ESCRITÓRIO E ASSEMELHADOS,AVANTE
PI,Teresina,VEREADOR,NÃO ELEITO,MASCULINO,PARDA,ENSINO MÉDIO COMPLETO,-4,TRABALHADOR DE CONSTRUÇÃO CIVIL,NOVO
PI,Teresina,VEREADOR,NÃO ELEITO,MASCULINO,PARDA,SUPERIOR INCOMPLETO,-4,EMPRESÁRIO,NOVO
PI,Teresina,VEREADOR,NÃO ELEITO,MASCULINO,PARDA,SUPERIOR INCOMPLETO,-4,MASSAGISTA,NOVO
PI,Teresina,VEREADOR,NÃO ELEITO,FEMININO,BRANCA,SUPERIOR COMPLETO,-4,PROFESSOR DE ENSINO FUNDAMENTAL,NOVO
PI,Teresina,VEREADOR,SUPLENTE,MASCULINO,PARDA,SUPERIOR COMPLETO,-4,PROFESSOR DE ENSINO MÉDIO,PODE
PI,Teresina,VEREADOR,SUPLENTE,FEMININO,PRETA,SUPERIOR COMPLETO,-4,EMPRESÁRIO,PODE
PI,Teresina,VEREADOR,SUPLENTE,FEMININO,BRANCA,SUPERIOR COMPLETO,-4,OUTROS,PODE
PI,Teresina,VEREADOR,SUPLENTE,MASCULINO,BRANCA,ENSINO MÉDIO COMPLETO,-4,EMPRESÁRIO,PODE
PI,Teresina,VEREADOR,SUPLENTE,MASCULINO,BRANCA,SUPERIOR COMPLETO,-4,OUTROS,PODE
PI,Teresina,VEREADOR,NÃO ELEITO,MASCULINO,PARDA,SUPERIOR INCOMPLETO,-4,OUTROS,AGIR
PI,Teresina,VEREADOR,NÃO ELEITO,MASCULINO,BRANCA,ENSINO MÉDIO INCOMPLETO,-4,OUTROS,AGIR
PI,Teresina,VEREADOR,NÃO ELEITO,MASCULINO,PARDA,SUPERIOR COMPLETO,-4,EMPRESÁRIO,AGIR
PI,Teresina,VEREADOR,NÃO ELEITO,MASCULINO,PARDA,SUPERIOR COMPLETO,-4,PROFESSOR DE ENSINO FUNDAMENTAL,AGIR
PI,Teresina,VEREADOR,#NULO,FEMININO,PARDA,ENSINO FUNDAMENTAL COMPLETO,-4,OUTROS,DC
PI,Teresina,PREFEITO,NÃO ELEITO,MASCULINO,BRANCA,SUPERIOR COMPLETO,-4,DEPUTADO,PT
PI,Teresina,VEREADOR,NÃO ELEITO,MASCULINO,PARDA,ENSINO MÉDIO COMPLETO,-4,MILITAR REFORMADO,DC
PI,Teresina,VEREADOR,NÃO ELEITO,MASCULINO,PARDA,ENSINO MÉDIO COMPLETO,-4,EMPRESÁRIO,DC
PI,Teresina,VEREADOR,NÃO ELEITO,FEMININO,PRETA,SUPERIOR COMPLETO,-4,MILITAR REFORMADO,DC
PI,Teresina,VEREADOR,SUPLENTE,MASCULINO,BRANCA,ENSINO MÉDIO COMPLETO,-4,EMPRESÁRIO,MDB
PI,Teresina,VEREADOR,SUPLENTE,MASCULINO,BRANCA,ENSINO MÉDIO INCOMPLETO,-4,APOSENTADO (EXCETO SERVIDOR PÚBLICO),MDB
PI,Teresina,VEREADOR,SUPLENTE,MASCULINO,PRETA,SUPERIOR COMPLETO,-4,ENFERMEIRO,PDT
PI,Teresina,VEREADOR,SUPLENTE,FEMININO,BRANCA,ENSINO MÉDIO COMPLETO,-4,ARTESÃO,PDT
PI,Teresina,VEREADOR,SUPLENTE,FEMININO,PRETA,ENSINO MÉDIO COMPLETO,-4,TÉCNICO DE ENFERMAGEM E ASSEMELHADOS (EXCETO ENFERMEIRO),PDT
PI,Teresina,VEREADOR,SUPLENTE,MASCULINO,AMARELA,ENSINO MÉDIO COMPLETO,-4,COMERCIÁRIO,PRD
PI,Teresina,VEREADOR,NÃO ELEITO,FEMININO,PARDA,SUPERIOR COMPLETO,-4,PROFESSOR DE ENSINO FUNDAMENTAL,CIDADANIA
PI,Teresina,VEREADOR,ELEITO POR QP,FEMININO,PARDA,SUPERIOR COMPLETO,-4,VEREADOR,SOLIDARIEDADE
PI,Teresina,VEREADOR,SUPLENTE,MASCULINO,BRANCA,SUPERIOR COMPLETO,-4,ADVOGADO,SOLIDARIEDADE
PI,Teresina,VEREADOR,SUPLENTE,FEMININO,PARDA,ENSINO FUNDAMENTAL COMPLETO,-4,DONA DE CASA,SOLIDARIEDADE
PI,Teresina,VEREADOR,SUPLENTE,MASCULINO,PARDA,SUPERIOR COMPLETO,-4,OUTROS,SOLIDARIEDADE
PI,Teresina,VEREADOR,SUPLENTE,MASCULINO,BRANCA,SUPERIOR COMPLETO,-4,OUTROS,SOLIDARIEDADE
PI,Teresina,VEREADOR,SUPLENTE,MASCULINO,PARDA,ENSINO FUNDAMENTAL COMPLETO,-4,COMERCIANTE,PP
PI,Teresina,VEREADOR,SUPLENTE,MASCULINO,PRETA,SUPERIOR COMPLETO,-4,JORNALISTA E REDATOR,PP
PI,Teresina,VEREADOR,SUPLENTE,FEMININO,BRANCA,SUPERIOR COMPLETO,-4,PROFESSOR DE ENSINO DE PRIMEIRO E SEGUNDO GRAUS,PP
PI,Teresina,VEREADOR,ELEITO POR QP,MASCULINO,PARDA,ENSINO MÉDIO COMPLETO,-4,VEREADOR,PT
PI,Teresina,VEREADOR,SUPLENTE,MASCULINO,PARDA,ENSINO MÉDIO COMPLETO,-4,VEREADOR,PV
PI,Teresina,VEREADOR,SUPLENTE,FEMININO,PARDA,SUPERIOR INCOMPLETO,-4,APOSENTADO (EXCETO SERVIDOR PÚBLICO),PSB
PI,Teresina,VEREADOR,SUPLENTE,FEMININO,PRETA,SUPERIOR COMPLETO,-4,ARTISTA PLÁSTICO E ASSEMELHADOS,PSB
PI,Teresina,VEREADOR,SUPLENTE,MASCULINO,PRETA,SUPERIOR COMPLETO,-4,ENFERMEIRO,PSB
PI,Teresina,VEREADOR,SUPLENTE,MASCULINO,PRETA,SUPERIOR COMPLETO,-4,PROFESSOR E INSTRUTOR DE FORMAÇÃO PROFISSIONAL,PSB
PI,Teresina,VEREADOR,SUPLENTE,MASCULINO,PARDA,ENSINO MÉDIO COMPLETO,-4,POLICIAL MILITAR,PSB
PI,Teresina,VEREADOR,SUPLENTE,MASCULINO,BRANCA,SUPERIOR COMPLETO,-4,EMPRESÁRIO,PSB
PI,Teresina,VEREADOR,SUPLENTE,FEMININO,BRANCA,SUPERIOR COMPLETO,-4,ADMINISTRADOR,REPUBLICANOS
PI,Teresina,VEREADOR,SUPLENTE,MASCULINO,BRANCA,SUPERIOR COMPLETO,-4,ADVOGADO,REPUBLICANOS
PI,Teresina,VEREADOR,ELEITO POR QP,MASCULINO,PARDA,SUPERIOR INCOMPLETO,-4,EMPRESÁRIO,PSD
PI,Teresina,VEREADOR,SUPLENTE,MASCULINO,PARDA,ENSINO MÉDIO INCOMPLETO,-4,OUTROS,PSD
PI,Teresina,VEREADOR,SUPLENTE,FEMININO,PRETA,SUPERIOR COMPLETO,-4,DONA DE CASA,PSD
PI,Teresina,VEREADOR,SUPLENTE,MASCULINO,PRETA,SUPERIOR COMPLETO,-4,OUTROS,PL
PI,Teresina,VEREADOR,SUPLENTE,FEMININO,PARDA,ENSINO MÉDIO COMPLETO,-4,OUTROS,PL
PI,Teresina,VEREADOR,SUPLENTE,FEMININO,PARDA,SUPERIOR COMPLETO,-4,FARMACÊUTICO,UNIÃO
PI,Teresina,VEREADOR,SUPLENTE,FEMININO,PARDA,SUPERIOR COMPLETO,-4,OUTROS,UNIÃO
PI,Teresina,VEREADOR,SUPLENTE,FEMININO,PRETA,ENSINO MÉDIO COMPLETO,-4,OUTROS,UNIÃO
PI,Teresina,VEREADOR,SUPLENTE,MASCULINO,PARDA,SUPERIOR INCOMPLETO,-4,EMPRESÁRIO,AVANTE
PI,Teresina,VEREADOR,SUPLENTE,MASCULINO,PARDA,SUPERIOR COMPLETO,-4,ADVOGADO,AVANTE
PI,Teresina,VEREADOR,SUPLENTE,MASCULINO,PARDA,ENSINO MÉDIO COMPLETO,-4,APOSENTADO (EXCETO SERVIDOR PÚBLICO),AVANTE
PI,Teresina,VEREADOR,NÃO ELEITO,FEMININO,PARDA,ENSINO MÉDIO COMPLETO,-4,"CORRETOR DE IMÓVEIS, SEGUROS, TÍTULOS E VALORES",NOVO
PI,Teresina,VEREADOR,NÃO ELEITO,MASCULINO,BRANCA,SUPERIOR COMPLETO,-4,POLICIAL CIVIL,NOVO
PI,Teresina,VEREADOR,SUPLENTE,MASCULINO,BRANCA,SUPERIOR COMPLETO,-4,ADVOGADO,PODE
PI,Teresina,VEREADOR,SUPLENTE,MASCULINO,PRETA,SUPERIOR COMPLETO,-4,"ESTUDANTE, BOLSISTA, ESTAGIÁRIO E ASSEMELHADOS",PODE
PI,Teresina,VEREADOR,SUPLENTE,MASCULINO,PRETA,ENSINO FUNDAMENTAL COMPLETO,-4,TAXISTA,PODE
PI,Teresina,VEREADOR,SUPLENTE,MASCULINO,PRETA,ENSINO MÉDIO COMPLETO,-4,OUTROS,PODE
PI,Teresina,VEREADOR,NÃO ELEITO,MASCULINO,PRETA,SUPERIOR COMPLETO,-4,OUTROS,AGIR
PI,Teresina,VICE-PREFEITO,NÃO ELEITO,FEMININO,BRANCA,SUPERIOR COMPLETO,-4,ADVOGADO,MOBILIZA
PI,Teresina,VICE-PREFEITO,NÃO ELEITO,MASCULINO,BRANCA,SUPERIOR COMPLETO,-4,ADMINISTRADOR,AVANTE
PI,Teresina,VEREADOR,NÃO ELEITO,MASCULINO,BRANCA,SUPERIOR COMPLETO,-4,OUTROS,PL
PI,Teresina,VEREADOR,NÃO ELEITO,MASCULINO,PRETA,ENSINO MÉDIO COMPLETO,-4,OUTROS,AGIR
PI,Teresina,VEREADOR,#NULO,MASCULINO,PARDA,ENSINO MÉDIO COMPLETO,-4,AGENTE DE SAÚDE E SANITARISTA,DC
PI,Teresina,PREFEITO,NÃO ELEITO,MASCULINO,PARDA,SUPERIOR COMPLETO,-4,ADVOGADO,MOBILIZA
PI,Teresina,VEREADOR,SUPLENTE,MASCULINO,PARDA,SUPERIOR COMPLETO,-4,ADVOGADO,MDB
PI,Teresina,VEREADOR,SUPLENTE,FEMININO,PARDA,ENSINO FUNDAMENTAL INCOMPLETO,-4,OUTROS,MDB
PI,Teresina,VEREADOR,SUPLENTE,MASCULINO,BRANCA,SUPERIOR COMPLETO,-4,JORNALISTA E REDATOR,MDB
PI,Teresina,VEREADOR,SUPLENTE,FEMININO,PRETA,ENSINO MÉDIO COMPLETO,-4,OUTROS,MDB
PI,Teresina,VEREADOR,SUPLENTE,MASCULINO,PARDA,SUPERIOR INCOMPLETO,-4,"ESTUDANTE, BOLSISTA, ESTAGIÁRIO E ASSEMELHADOS",MDB
PI,Teresina,VEREADOR,SUPLENTE,MASCULINO,PARDA,SUPERIOR INCOMPLETO,-4,COMERCIANTE,MDB
PI,Teresina,VEREADOR,SUPLENTE,MASCULINO,BRANCA,SUPERIOR INCOMPLETO,-4,POLICIAL MILITAR,MDB
PI,Teresina,VEREADOR,SUPLENTE,FEMININO,PARDA,ENSINO MÉDIO COMPLETO,-4,EMPRESÁRIO,MDB
PI,Teresina,VEREADOR,SUPLENTE,FEMININO,PRETA,SUPERIOR COMPLETO,-4,SERVIDOR PÚBLICO MUNICIPAL,PDT
PI,Teresina,VEREADOR,SUPLENTE,MASCULINO,PARDA,ENSINO MÉDIO COMPLETO,-4,EMPRESÁRIO,PDT
PI,Teresina,VEREADOR,SUPLENTE,FEMININO,PRETA,SUPERIOR COMPLETO,-4,ADVOGADO,PDT
PI,Teresina,VEREADOR,ELEITO POR MÉDIA,MASCULINO,PRETA,SUPERIOR COMPLETO,-4,ADVOGADO,PDT
PI,Teresina,VEREADOR,SUPLENTE,MASCULINO,PARDA,SUPERIOR COMPLETO,-4,"ESCULTOR, PINTOR, ARTISTA PLÁSTICO E ASSEMELHADOS",PDT
PI,Teresina,VEREADOR,SUPLENTE,FEMININO,BRANCA,SUPERIOR COMPLETO,-4,SERVIDOR PÚBLICO FEDERAL,PDT
PI,Teresina,VEREADOR,SUPLENTE,MASCULINO,PARDA,SUPERIOR COMPLETO,-4,POLICIAL CIVIL,PDT
PI,Teresina,VEREADOR,SUPLENTE,MASCULINO,PARDA,SUPERIOR COMPLETO,-4,AGRÔNOMO,PRD
PI,Teresina,VEREADOR,NÃO ELEITO,FEMININO,PRETA,SUPERIOR INCOMPLETO,-4,"ESTUDANTE, BOLSISTA, ESTAGIÁRIO E ASSEMELHADOS",UP
PI,Teresina,VEREADOR,NÃO ELEITO,MASCULINO,PARDA,ENSINO MÉDIO COMPLETO,-4,OUTROS,PSDB
PI,Teresina,VEREADOR,SUPLENTE,MASCULINO,PARDA,SUPERIOR COMPLETO,-4,EMPRESÁRIO,SOLIDARIEDADE
PI,Teresina,VEREADOR,SUPLENTE,MASCULINO,PRETA,SUPERIOR COMPLETO,-4,MILITAR REFORMADO,SOLIDARIEDADE
PI,Teresina,VEREADOR,SUPLENTE,FEMININO,PARDA,ENSINO MÉDIO COMPLETO,-4,TÉCNICO DE ENFERMAGEM E ASSEMELHADOS (EXCETO ENFERMEIRO),SOLIDARIEDADE
PI,Teresina,VEREADOR,SUPLENTE,MASCULINO,BRANCA,SUPERIOR COMPLETO,-4,PROFESSOR E INSTRUTOR DE FORMAÇÃO PROFISSIONAL,PP
PI,Teresina,VEREADOR,SUPLENTE,FEMININO,PRETA,ENSINO FUNDAMENTAL COMPLETO,-4,ARTESÃO,PP
PI,Teresina,VEREADOR,NÃO ELEITO,MASCULINO,PARDA,SUPERIOR COMPLETO,-4,SERVIDOR PÚBLICO ESTADUAL,PSTU
PI,Teresina,VEREADOR,SUPLENTE,MASCULINO,PRETA,SUPERIOR COMPLETO,-4,PROFESSOR DE ENSINO MÉDIO,PT
PI,Teresina,VEREADOR,ELEITO POR QP,MASCULINO,BRANCA,SUPERIOR COMPLETO,-4,ADMINISTRADOR,PT
PI,Teresina,VEREADOR,SUPLENTE,MASCULINO,PARDA,SUPERIOR COMPLETO,-4,FARMACÊUTICO,PT
PI,Teresina,VEREADOR,SUPLENTE,FEMININO,PRETA,SUPERIOR COMPLETO,-4,GERENTE,PT
PI,Teresina,VEREADOR,SUPLENTE,FEMININO,BRANCA,SUPERIOR COMPLETO,-4,PROFESSOR DE ENSINO MÉDIO,PT
PI,Teresina,VEREADOR,SUPLENTE,MASCULINO,PARDA,SUPERIOR COMPLETO,-4,ATLETA PROFISSIONAL E TÉCNICO EM DESPORTOS,PV
PI,Teresina,VEREADOR,SUPLENTE,MASCULINO,BRANCA,SUPERIOR COMPLETO,-4,SERVIDOR PÚBLICO ESTADUAL,PSB
PI,Teresina,VEREADOR,SUPLENTE,MASCULINO,PARDA,SUPERIOR COMPLETO,-4,ADMINISTRADOR,PSB
PI,Teresina,VEREADOR,SUPLENTE,MASCULINO,BRANCA,ENSINO FUNDAMENTAL INCOMPLETO,-4,MOTORISTA DE VEÍCULOS DE TRANSPORTE COLETIVO DE PASSAGEIROS,PSB
PI,Teresina,VEREADOR,SUPLENTE,MASCULINO,PRETA,SUPERIOR COMPLETO,-4,SERVIDOR PÚBLICO MUNICIPAL,PSB
PI,Teresina,VEREADOR,SUPLENTE,FEMININO,BRANCA,SUPERIOR COMPLETO,-4,CONTADOR,PSB
PI,Teresina,VEREADOR,SUPLENTE,MASCULINO,BRANCA,SUPERIOR COMPLETO,-4,SERVIDOR PÚBLICO ESTADUAL,REPUBLICANOS
PI,Teresina,VEREADOR,ELEITO POR MÉDIA,FEMININO,PARDA,ENSINO MÉDIO COMPLETO,-4,DONA DE CASA,REPUBLICANOS
PI,Teresina,VEREADOR,SUPLENTE,MASCULINO,PARDA,SUPERIOR COMPLETO,-4,SERVIDOR PÚBLICO ESTADUAL,REPUBLICANOS
PI,Teresina,VEREADOR,ELEITO POR MÉDIA,MASCULINO,BRANCA,SUPERIOR COMPLETO,-4,EMPRESÁRIO,PSD
PI,Teresina,VEREADOR,SUPLENTE,MASCULINO,BRANCA,SUPERIOR COMPLETO,-4,PROFESSOR DE ENSINO DE PRIMEIRO E SEGUNDO GRAUS,PSD
PI,Teresina,VEREADOR,SUPLENTE,FEMININO,PARDA,ENSINO FUNDAMENTAL COMPLETO,-4,OUTROS,PL
PI,Teresina,VEREADOR,SUPLENTE,FEMININO,PARDA,SUPERIOR COMPLETO,-4,ENFERMEIRO,PL
PI,Teresina,VEREADOR,SUPLENTE,MASCULINO,PARDA,SUPERIOR INCOMPLETO,-4,EMPRESÁRIO,UNIÃO
PI,Teresina,VEREADOR,SUPLENTE,FEMININO,BRANCA,SUPERIOR COMPLETO,-4,ODONTÓLOGO,AVANTE
PI,Teresina,VEREADOR,SUPLENTE,MASCULINO,PARDA,SUPERIOR INCOMPLETO,-4,COMERCIANTE,AVANTE
PI,Teresina,VEREADOR,SUPLENTE,MASCULINO,PARDA,ENSINO FUNDAMENTAL COMPLETO,-4,POLICIAL MILITAR,AVANTE
PI,Teresina,VEREADOR,NÃO ELEITO,FEMININO,PARDA,SUPERIOR COMPLETO,-4,ADMINISTRADOR,NOVO
PI,Teresina,VEREADOR,NÃO ELEITO,MASCULINO,PARDA,SUPERIOR COMPLETO,-4,ALMOXARIFE,NOVO
PI,Teresina,VEREADOR,NÃO ELEITO,FEMININO,BRANCA,SUPERIOR COMPLETO,-4,ADVOGADO,NOVO
PI,Teresina,VEREADOR,SUPLENTE,FEMININO,PRETA,ENSINO FUNDAMENTAL INCOMPLETO,-4,OUTROS,PODE
PI,Teresina,VEREADOR,SUPLENTE,MASCULINO,BRANCA,SUPERIOR COMPLETO,-4,POLICIAL MILITAR,PODE
PI,Teresina,VEREADOR,NÃO ELEITO,MASCULINO,PRETA,ENSINO FUNDAMENTAL INCOMPLETO,-4,OUTROS,AGIR
PI,Teresina,VEREADOR,NÃO ELEITO,FEMININO,PRETA,SUPERIOR COMPLETO,-4,DONA DE CASA,AGIR
PI,Teresina,VEREADOR,NÃO ELEITO,MASCULINO,PARDA,ENSINO MÉDIO COMPLETO,-4,MOTOBOY,PSOL
PI,Teresina,VICE-PREFEITO,NÃO ELEITO,MASCULINO,PARDA,SUPERIOR COMPLETO,-4,MÉDICO,NOVO
PI,Teresina,VEREADOR,NÃO ELEITO,MASCULINO,PRETA,SUPERIOR COMPLETO,-4,LOCUTOR E COMENTARISTA DE RÁDIO E TELEVISÃO E RADIALISTA,PRD
PI,Teresina,VEREADOR,NÃO ELEITO,FEMININO,PARDA,ENSINO MÉDIO INCOMPLETO,-4,OUTROS,SOLIDARIEDADE
PI,Teresina,PREFEITO,NÃO ELEITO,MASCULINO,PRETA,ENSINO MÉDIO COMPLETO,-4,OUTROS,PSOL
PI,Teresina,PREFEITO,NÃO ELEITO,MASCULINO,PRETA,SUPERIOR INCOMPLETO,-4,"ESTUDANTE, BOLSISTA, ESTAGIÁRIO E ASSEMELHADOS",UP
PI,Teresina,VEREADOR,NÃO ELEITO,FEMININO,PARDA,SUPERIOR COMPLETO,-4,APOSENTADO (EXCETO SERVIDOR PÚBLICO),DC
PI,Teresina,VEREADOR,NÃO ELEITO,FEMININO,PARDA,ENSINO MÉDIO COMPLETO,-4,MILITAR REFORMADO,DC
PI,Teresina,VEREADOR,ELEITO POR QP,MASCULINO,BRANCA,SUPERIOR COMPLETO,-4,EMPRESÁRIO,MDB
PI,Teresina,VEREADOR,SUPLENTE,MASCULINO,PARDA,SUPERIOR COMPLETO,-4,EMPRESÁRIO,MDB
PI,Teresina,VEREADOR,SUPLENTE,MASCULINO,BRANCA,SUPERIOR INCOMPLETO,-4,EMPRESÁRIO,MDB
PI,Teresina,VEREADOR,SUPLENTE,MASCULINO,PRETA,ENSINO MÉDIO COMPLETO,-4,SERVIDOR PÚBLICO ESTADUAL,PDT
PI,Teresina,VEREADOR,SUPLENTE,MASCULINO,BRANCA,SUPERIOR COMPLETO,-4,FISIOTERAPEUTA E TERAPEUTA OCUPACIONAL,PDT
PI,Teresina,VEREADOR,SUPLENTE,FEMININO,PARDA,SUPERIOR COMPLETO,-4,SERVIDOR PÚBLICO FEDERAL,PDT
PI,Teresina,VEREADOR,SUPLENTE,FEMININO,PRETA,SUPERIOR COMPLETO,-4,APOSENTADO (EXCETO SERVIDOR PÚBLICO),PRD
PI,Teresina,VEREADOR,SUPLENTE,MASCULINO,BRANCA,SUPERIOR COMPLETO,-4,COMERCIANTE,PRD
PI,Teresina,VEREADOR,SUPLENTE,FEMININO,BRANCA,SUPERIOR COMPLETO,-4,APOSENTADO (EXCETO SERVIDOR PÚBLICO),PRD
PI,Teresina,VEREADOR,NÃO ELEITO,MASCULINO,PARDA,SUPERIOR COMPLETO,-4,ODONTÓLOGO,PSDB
PI,Teresina,VEREADOR,NÃO ELEITO,MASCULINO,PARDA,ENSINO FUNDAMENTAL INCOMPLETO,-4,EMPRESÁRIO,CIDADANIA
PI,Teresina,VEREADOR,SUPLENTE,FEMININO,PARDA,SUPERIOR INCOMPLETO,-4,SERVIDOR PÚBLICO MUNICIPAL,SOLIDARIEDADE
PI,Teresina,VEREADOR,SUPLENTE,MASCULINO,PARDA,ENSINO MÉDIO COMPLETO,-4,COMERCIANTE,SOLIDARIEDADE
PI,Teresina,VEREADOR,SUPLENTE,FEMININO,BRANCA,SUPERIOR COMPLETO,-4,ADMINISTRADOR,SOLIDARIEDADE
PI,Teresina,VEREADOR,ELEITO POR QP,MASCULINO,PRETA,SUPERIOR COMPLETO,-4,ADVOGADO,PP
PI,Teresina,VEREADOR,SUPLENTE,MASCULINO,PARDA,SUPERIOR COMPLETO,-4,APOSENTADO (EXCETO SERVIDOR PÚBLICO),PP
PI,Teresina,VEREADOR,SUPLENTE,FEMININO,PARDA,ENSINO MÉDIO COMPLETO,-4,COZINHEIRO,PP
PI,Teresina,VEREADOR,ELEITO POR MÉDIA,MASCULINO,BRANCA,SUPERIOR COMPLETO,-4,OUTROS,PP
PI,Teresina,VEREADOR,SUPLENTE,MASCULINO,BRANCA,ENSINO FUNDAMENTAL COMPLETO,-4,OUTROS,PP
PI,Teresina,VEREADOR,SUPLENTE,FEMININO,PARDA,SUPERIOR COMPLETO,-4,PROFESSOR DE ENSINO MÉDIO,PT
PI,Teresina,VEREADOR,SUPLENTE,FEMININO,PARDA,SUPERIOR COMPLETO,-4,VEREADOR,PT
PI,Teresina,VEREADOR,ELEITO POR MÉDIA,MASCULINO,PARDA,ENSINO MÉDIO COMPLETO,-4,GERENTE,PT
PI,Teresina,VEREADOR,ELEITO POR QP,MASCULINO,BRANCA,SUPERIOR COMPLETO,-4,VEREADOR,PT
PI,Teresina,VEREADOR,SUPLENTE,MASCULINO,BRANCA,SUPERIOR COMPLETO,-4,ADMINISTRADOR,PV
PI,Teresina,VEREADOR,SUPLENTE,FEMININO,PRETA,SUPERIOR COMPLETO,-4,PEDAGOGO,PV
PI,Teresina,VEREADOR,ELEITO POR QP,MASCULINO,PARDA,SUPERIOR COMPLETO,-4,VEREADOR,PT
PI,Teresina,VEREADOR,SUPLENTE,MASCULINO,PARDA,ENSINO MÉDIO COMPLETO,-4,AGENTE DE SAÚDE E SANITARISTA,PSB
PI,Teresina,VEREADOR,ELEITO POR QP,FEMININO,PARDA,SUPERIOR COMPLETO,-4,ADVOGADO,PSB
PI,Teresina,VEREADOR,SUPLENTE,FEMININO,PARDA,ENSINO MÉDIO COMPLETO,-4,VEREADOR,REPUBLICANOS
PI,Teresina,VEREADOR,SUPLENTE,FEMININO,PARDA,SUPERIOR COMPLETO,-4,APOSENTADO (EXCETO SERVIDOR PÚBLICO),REPUBLICANOS
PI,Teresina,VEREADOR,SUPLENTE,MASCULINO,PARDA,ENSINO MÉDIO COMPLETO,-4,MECÂNICO DE MANUTENÇÃO,REPUBLICANOS
PI,Teresina,VEREADOR,SUPLENTE,MASCULINO,PARDA,ENSINO MÉDIO COMPLETO,-4,APOSENTADO (EXCETO SERVIDOR PÚBLICO),REPUBLICANOS
PI,Teresina,VEREADOR,SUPLENTE,MASCULINO,PRETA,SUPERIOR COMPLETO,-4,PROFESSOR E INSTRUTOR DE FORMAÇÃO PROFISSIONAL,REPUBLICANOS
PI,Teresina,VEREADOR,SUPLENTE,FEMININO,PRETA,SUPERIOR COMPLETO,-4,"ESTUDANTE, BOLSISTA, ESTAGIÁRIO E ASSEMELHADOS",PSD
PI,Teresina,VEREADOR,SUPLENTE,MASCULINO,PRETA,SUPERIOR COMPLETO,-4,POLICIAL CIVIL,PSD
PI,Teresina,VEREADOR,SUPLENTE,FEMININO,PARDA,SUPERIOR COMPLETO,-4,BIOMÉDICO,PL
PI,Teresina,VEREADOR,SUPLENTE,MASCULINO,BRANCA,SUPERIOR INCOMPLETO,-4,OUTROS,UNIÃO
PI,Teresina,VEREADOR,SUPLENTE,MASCULINO,PRETA,SUPERIOR INCOMPLETO,-4,VIGILANTE,UNIÃO
PI,Teresina,VEREADOR,SUPLENTE,MASCULINO,PARDA,SUPERIOR COMPLETO,-4,MOTORISTA DE VEÍCULOS DE TRANSPORTE COLETIVO DE PASSAGEIROS,AVANTE
PI,Teresina,VEREADOR,SUPLENTE,MASCULINO,PARDA,ENSINO FUNDAMENTAL COMPLETO,-4,MECÂNICO DE MANUTENÇÃO,AVANTE
PI,Teresina,VEREADOR,SUPLENTE,MASCULINO,PARDA,ENSINO FUNDAMENTAL COMPLETO,-4,CABELEIREIRO E BARBEIRO,AVANTE
PI,Teresina,VEREADOR,SUPLENTE,MASCULINO,BRANCA,SUPERIOR INCOMPLETO,-4,EMPRESÁRIO,AVANTE
PI,Teresina,VEREADOR,NÃO ELEITO,FEMININO,PARDA,SUPERIOR COMPLETO,-4,VEREADOR,NOVO
PI,Teresina,VEREADOR,NÃO ELEITO,MASCULINO,PARDA,SUPERIOR COMPLETO,-4,VENDEDOR DE COMÉRCIO VAREJISTA E ATACADISTA,NOVO
PI,Teresina,VEREADOR,SUPLENTE,FEMININO,PRETA,ENSINO MÉDIO COMPLETO,-4,OUTROS,PODE
PI,Teresina,VEREADOR,SUPLENTE,MASCULINO,BRANCA,SUPERIOR INCOMPLETO,-4,OUTROS,PODE
PI,Teresina,VEREADOR,NÃO ELEITO,MASCULINO,BRANCA,SUPERIOR COMPLETO,-4,SERVIDOR PÚBLICO MUNICIPAL,AGIR
PI,Teresina,VEREADOR,NÃO ELEITO,FEMININO,PARDA,SUPERIOR COMPLETO,-4,PROFESSOR DE ENSINO MÉDIO,AGIR
PI,Teresina,VEREADOR,NÃO ELEITO,FEMININO,PARDA,ENSINO FUNDAMENTAL COMPLETO,-4,OUTROS,AGIR
PI,Teresina,VEREADOR,NÃO ELEITO,MASCULINO,PARDA,ENSINO MÉDIO INCOMPLETO,-4,OUTROS,AGIR
PI,Teresina,VEREADOR,NÃO ELEITO,FEMININO,PARDA,SUPERIOR COMPLETO,-4,OUTROS,AGIR
PI,Teresina,VEREADOR,NÃO ELEITO,FEMININO,PRETA,SUPERIOR COMPLETO,-4,PROFESSOR DE ENSINO MÉDIO,PSOL
PI,Teresina,VICE-PREFEITO,NÃO ELEITO,FEMININO,PRETA,ENSINO MÉDIO COMPLETO,-4,OUTROS,PSOL
CE,Fortaleza,VEREADOR,NÃO ELEITO,MASCULINO,PARDA,ENSINO MÉDIO COMPLETO,-4,APOSENTADO (EXCETO SERVIDOR PÚBLICO),REDE
CE,Fortaleza,VEREADOR,NÃO ELEITO,MASCULINO,BRANCA,ENSINO MÉDIO COMPLETO,-4,"ESTUDANTE, BOLSISTA, ESTAGIÁRIO E ASSEMELHADOS",AGIR
CE,Fortaleza,VEREADOR,#NULO,MASCULINO,PARDA,ENSINO MÉDIO INCOMPLETO,-4,COMERCIANTE,CIDADANIA
CE,Fortaleza,VEREADOR,#NULO,MASCULINO,PARDA,SUPERIOR INCOMPLETO,-4,OUTROS,AVANTE
CE,Fortaleza,VEREADOR,#NULO,MASCULINO,PARDA,SUPERIOR INCOMPLETO,-4,OUTROS,PDT
CE,Fortaleza,VEREADOR,#NULO,MASCULINO,PARDA,SUPERIOR INCOMPLETO,-4,EMPRESÁRIO,PP
CE,Fortaleza,VEREADOR,#NULO,MASCULINO,PARDA,SUPERIOR COMPLETO,-4,BOMBEIRO MILITAR,PP
CE,Fortaleza,VEREADOR,SUPLENTE,FEMININO,PRETA,SUPERIOR COMPLETO,-4,ADVOGADO,PODE
CE,Fortaleza,VEREADOR,SUPLENTE,FEMININO,BRANCA,SUPERIOR COMPLETO,-4,ODONTÓLOGO,PODE
CE,Fortaleza,VEREADOR,SUPLENTE,MASCULINO,PARDA,SUPERIOR COMPLETO,-4,TÉCNICO DE LABORATÓRIO E RAIOS X,PODE
CE,Fortaleza,VEREADOR,SUPLENTE,FEMININO,BRANCA,SUPERIOR COMPLETO,-4,JORNALISTA E REDATOR,PODE
CE,Fortaleza,VEREADOR,SUPLENTE,MASCULINO,PARDA,ENSINO MÉDIO INCOMPLETO,-4,OUTROS,REPUBLICANOS
CE,Fortaleza,VEREADOR,SUPLENTE,MASCULINO,PARDA,ENSINO MÉDIO INCOMPLETO,-4,"ESTUDANTE, BOLSISTA, ESTAGIÁRIO E ASSEMELHADOS",REPUBLICANOS
CE,Fortaleza,VEREADOR,SUPLENTE,MASCULINO,PARDA,ENSINO MÉDIO COMPLETO,-4,EMPRESÁRIO,PL
CE,Fortaleza,VEREADOR,SUPLENTE,FEMININO,BRANCA,SUPERIOR COMPLETO,-4,PROFESSOR DE ENSINO FUNDAMENTAL,PL
CE,Fortaleza,VEREADOR,SUPLENTE,MASCULINO,PRETA,ENSINO MÉDIO COMPLETO,-4,TRABALHADOR DE CONSTRUÇÃO CIVIL,PSOL
CE,Fortaleza,VEREADOR,SUPLENTE,FEMININO,PARDA,SUPERIOR COMPLETO,-4,APOSENTADO (EXCETO SERVIDOR PÚBLICO),REDE
CE,Fortaleza,VEREADOR,SUPLENTE,FEMININO,PARDA,ENSINO MÉDIO INCOMPLETO,-4,DONA DE CASA,PSOL
CE,Fortaleza,VEREADOR,SUPLENTE,FEMININO,BRANCA,SUPERIOR COMPLETO,-4,PROFESSOR DE ENSINO FUNDAMENTAL,PSOL
CE,Fortaleza,VEREADOR,SUPLENTE,FEMININO,PARDA,ENSINO MÉDIO COMPLETO,-4,OUTROS,CIDADANIA
CE,Fortaleza,VEREADOR,SUPLENTE,MASCULINO,BRANCA,ENSINO MÉDIO COMPLETO,-4,COMERCIANTE,CIDADANIA
CE,Fortaleza,VEREADOR,SUPLENTE,MASCULINO,PARDA,SUPERIOR COMPLETO,-4,PROFESSOR E INSTRUTOR DE FORMAÇÃO PROFISSIONAL,PSDB
CE,Fortaleza,VEREADOR,SUPLENTE,MASCULINO,PARDA,ENSINO MÉDIO INCOMPLETO,-4,OUTROS,AVANTE
CE,Fortaleza,VEREADOR,SUPLENTE,MASCULINO,PARDA,SUPERIOR COMPLETO,-4,EMPRESÁRIO,PRD
CE,Fortaleza,VEREADOR,ELEITO POR MÉDIA,MASCULINO,PARDA,SUPERIOR INCOMPLETO,-4,SERVIDOR PÚBLICO MUNICIPAL,PRD
CE,Fortaleza,VEREADOR,SUPLENTE,FEMININO,PARDA,SUPERIOR COMPLETO,-4,ADMINISTRADOR,PRD
CE,Fortaleza,VEREADOR,SUPLENTE,MASCULINO,PARDA,SUPERIOR COMPLETO,-4,OUTROS,PRD
CE,Fortaleza,VEREADOR,SUPLENTE,FEMININO,PARDA,SUPERIOR COMPLETO,-4,SERVIDOR PÚBLICO MUNICIPAL,PRD
CE,Fortaleza,VEREADOR,SUPLENTE,MASCULINO,BRANCA,SUPERIOR COMPLETO,-4,SERVIDOR PÚBLICO FEDERAL,PRD
CE,Fortaleza,VEREADOR,SUPLENTE,MASCULINO,PARDA,ENSINO MÉDIO COMPLETO,-4,COMERCIANTE,PRD
CE,Fortaleza,VEREADOR,SUPLENTE,FEMININO,PARDA,SUPERIOR COMPLETO,-4,ADVOGADO,UNIÃO
CE,Fortaleza,VEREADOR,SUPLENTE,MASCULINO,PARDA,SUPERIOR COMPLETO,-4,EMPRESÁRIO,UNIÃO
CE,Fortaleza,VEREADOR,SUPLENTE,MASCULINO,BRANCA,SUPERIOR COMPLETO,-4,PROFESSOR E INSTRUTOR DE FORMAÇÃO PROFISSIONAL,UNIÃO
CE,Fortaleza,VEREADOR,SUPLENTE,MASCULINO,PRETA,SUPERIOR COMPLETO,-4,EMPRESÁRIO,UNIÃO
CE,Fortaleza,VEREADOR,SUPLENTE,FEMININO,PARDA,ENSINO FUNDAMENTAL INCOMPLETO,-4,OUTROS,UNIÃO
CE,Fortaleza,VEREADOR,SUPLENTE,FEMININO,PARDA,SUPERIOR COMPLETO,-4,ASSISTENTE SOCIAL,UNIÃO
CE,Fortaleza,VEREADOR,SUPLENTE,MASCULINO,PARDA,ENSINO MÉDIO COMPLETO,-4,TAXISTA,MOBILIZA
CE,Fortaleza,VEREADOR,SUPLENTE,MASCULINO,PARDA,SUPERIOR INCOMPLETO,-4,"FEIRANTE, AMBULANTE E MASCATE",MOBILIZA
CE,Fortaleza,VEREADOR,SUPLENTE,FEMININO,BRANCA,SUPERIOR COMPLETO,-4,ADVOGADO,MOBILIZA
CE,Fortaleza,VEREADOR,SUPLENTE,FEMININO,BRANCA,ENSINO MÉDIO COMPLETO,-4,EMPRESÁRIO,MOBILIZA
CE,Fortaleza,VEREADOR,NÃO ELEITO,MASCULINO,PARDA,ENSINO FUNDAMENTAL INCOMPLETO,-4,"ESTUDANTE, BOLSISTA, ESTAGIÁRIO E ASSEMELHADOS",AGIR
CE,Fortaleza,VEREADOR,NÃO ELEITO,MASCULINO,BRANCA,ENSINO MÉDIO COMPLETO,-4,OUTROS,AGIR
CE,Fortaleza,VEREADOR,NÃO ELEITO,FEMININO,PARDA,SUPERIOR COMPLETO,-4,ADVOGADO,AGIR
CE,Fortaleza,VEREADOR,SUPLENTE,MASCULINO,BRANCA,SUPERIOR COMPLETO,-4,SERVIDOR PÚBLICO ESTADUAL,DC
CE,Fortaleza,VEREADOR,SUPLENTE,FEMININO,PARDA,ENSINO MÉDIO COMPLETO,-4,CABELEIREIRO E BARBEIRO,DC
CE,Fortaleza,VEREADOR,SUPLENTE,MASCULINO,PARDA,SUPERIOR COMPLETO,-4,PROFESSOR E INSTRUTOR DE FORMAÇÃO PROFISSIONAL,DC
CE,Fortaleza,VEREADOR,SUPLENTE,MASCULINO,PARDA,SUPERIOR COMPLETO,-4,PROFESSOR DE ENSINO MÉDIO,DC
CE,Fortaleza,VEREADOR,SUPLENTE,MASCULINO,BRANCA,SUPERIOR COMPLETO,-4,OUTROS,DC
CE,Fortaleza,VEREADOR,SUPLENTE,FEMININO,BRANCA,SUPERIOR COMPLETO,-4,EMPRESÁRIO,PDT
CE,Fortaleza,VEREADOR,SUPLENTE,MASCULINO,BRANCA,SUPERIOR COMPLETO,-4,ADVOGADO,PDT
CE,Fortaleza,VEREADOR,SUPLENTE,FEMININO,BRANCA,SUPERIOR COMPLETO,-4,ARQUITETO,PDT
CE,Fortaleza,VEREADOR,ELEITO POR QP,MASCULINO,BRANCA,SUPERIOR COMPLETO,-4,VEREADOR,PDT
CE,Fortaleza,VEREADOR,SUPLENTE,MASCULINO,PARDA,ENSINO MÉDIO COMPLETO,-4,OUTROS,PDT
CE,Fortaleza,VEREADOR,ELEITO POR QP,MASCULINO,PARDA,SUPERIOR COMPLETO,-4,ADVOGADO,PDT
CE,Fortaleza,VEREADOR,ELEITO POR QP,FEMININO,PARDA,SUPERIOR COMPLETO,-4,VEREADOR,PDT
CE,Fortaleza,VEREADOR,SUPLENTE,FEMININO,PARDA,SUPERIOR INCOMPLETO,-4,SERVIDOR PÚBLICO FEDERAL,PT
CE,Fortaleza,VEREADOR,SUPLENTE,MASCULINO,PARDA,ENSINO MÉDIO COMPLETO,-4,OUTROS,PT
CE,Fortaleza,VEREADOR,ELEITO POR QP,FEMININO,PRETA,SUPERIOR COMPLETO,-4,"ESTUDANTE, BOLSISTA, ESTAGIÁRIO E ASSEMELHADOS",PT
CE,Fortaleza,VEREADOR,SUPLENTE,MASCULINO,PRETA,SUPERIOR COMPLETO,-4,OUTROS,PT
CE,Fortaleza,VEREADOR,SUPLENTE,FEMININO,PARDA,SUPERIOR COMPLETO,-4,FARMACÊUTICO,PT
CE,Fortaleza,VEREADOR,SUPLENTE,MASCULINO,PARDA,SUPERIOR COMPLETO,-4,CONTADOR,PV
CE,Fortaleza,VEREADOR,SUPLENTE,FEMININO,PARDA,SUPERIOR COMPLETO,-4,OUTROS,PT
CE,Fortaleza,VEREADOR,ELEITO POR QP,MASCULINO,PARDA,SUPERIOR COMPLETO,-4,COMERCIANTE,PP
CE,Fortaleza,VEREADOR,SUPLENTE,MASCULINO,PARDA,SUPERIOR COMPLETO,-4,SERVIDOR PÚBLICO MUNICIPAL,PP
CE,Fortaleza,VEREADOR,SUPLENTE,MASCULINO,PARDA,SUPERIOR COMPLETO,-4,SERVIDOR PÚBLICO ESTADUAL,PP
CE,Fortaleza,VEREADOR,SUPLENTE,MASCULINO,PRETA,ENSINO MÉDIO COMPLETO,-4,GERENTE,PP
CE,Fortaleza,VEREADOR,SUPLENTE,FEMININO,BRANCA,ENSINO MÉDIO COMPLETO,-4,"PORTEIRO DE EDIFÍCIO, ASCENSORISTA, GARAGISTA E ZELADOR",PP
CE,Fortaleza,VEREADOR,ELEITO POR MÉDIA,MASCULINO,BRANCA,SUPERIOR COMPLETO,-4,COMERCIANTE,PSD
CE,Fortaleza,VEREADOR,SUPLENTE,MASCULINO,BRANCA,ENSINO MÉDIO COMPLETO,-4,OUTROS,PSD
CE,Fortaleza,VEREADOR,SUPLENTE,FEMININO,PARDA,ENSINO FUNDAMENTAL COMPLETO,-4,COMERCIANTE,PSD
CE,Fortaleza,VEREADOR,SUPLENTE,MASCULINO,PRETA,SUPERIOR COMPLETO,-4,ODONTÓLOGO,PSB
CE,Fortaleza,VEREADOR,SUPLENTE,MASCULINO,PARDA,ENSINO MÉDIO COMPLETO,-4,EMPRESÁRIO,PSB
CE,Fortaleza,VEREADOR,SUPLENTE,FEMININO,PARDA,SUPERIOR INCOMPLETO,-4,"ESTUDANTE, BOLSISTA, ESTAGIÁRIO E ASSEMELHADOS",PSB
CE,Fortaleza,VEREADOR,SUPLENTE,MASCULINO,AMARELA,ENSINO FUNDAMENTAL COMPLETO,-4,"MARINHEIRO CIVIL, CANOEIRO, EMBARCADO E ASSEMELHADOS",PSB
CE,Fortaleza,VEREADOR,NÃO ELEITO,FEMININO,PARDA,SUPERIOR COMPLETO,-4,NUTRICIONISTA E ASSEMELHADOS,MDB
CE,Fortaleza,VEREADOR,NÃO ELEITO,FEMININO,PARDA,SUPERIOR COMPLETO,-4,ADVOGADO,MDB
CE,Fortaleza,VEREADOR,NÃO ELEITO,MASCULINO,PARDA,SUPERIOR COMPLETO,-4,OUTROS,MDB
CE,Fortaleza,VEREADOR,NÃO ELEITO,MASCULINO,PARDA,SUPERIOR COMPLETO,-4,"ESTUDANTE, BOLSISTA, ESTAGIÁRIO E ASSEMELHADOS",NOVO
CE,Fortaleza,VEREADOR,NÃO ELEITO,FEMININO,PARDA,ENSINO MÉDIO INCOMPLETO,-4,EMPRESÁRIO,NOVO
CE,Fortaleza,VEREADOR,NÃO ELEITO,MASCULINO,PARDA,ENSINO MÉDIO COMPLETO,-4,MÚSICO,NOVO
CE,Fortaleza,VEREADOR,NÃO ELEITO,MASCULINO,BRANCA,SUPERIOR COMPLETO,-4,PROFESSOR DE ENSINO MÉDIO,NOVO
CE,Fortaleza,VEREADOR,NÃO ELEITO,MASCULINO,BRANCA,ENSINO MÉDIO COMPLETO,-4,SERVIDOR PÚBLICO MUNICIPAL,PP
CE,Fortaleza,VEREADOR,NÃO ELEITO,FEMININO,PRETA,ENSINO FUNDAMENTAL INCOMPLETO,-4,DONA DE CASA,UP
CE,Fortaleza,VEREADOR,NÃO ELEITO,FEMININO,PARDA,SUPERIOR COMPLETO,-4,PROFESSOR DE ENSINO FUNDAMENTAL,PSDB
CE,Fortaleza,VEREADOR,#NULO,MASCULINO,PRETA,SUPERIOR COMPLETO,-4,VENDEDOR DE COMÉRCIO VAREJISTA E ATACADISTA,PODE
CE,Fortaleza,VEREADOR,#NULO,MASCULINO,PARDA,ENSINO MÉDIO COMPLETO,-4,OUTROS,PSD
CE,Fortaleza,PREFEITO,2º TURNO,MASCULINO,BRANCA,SUPERIOR COMPLETO,-4,DEPUTADO,PT
CE,Fortaleza,VEREADOR,SUPLENTE,FEMININO,AMARELA,SUPERIOR COMPLETO,-4,SERVIDOR PÚBLICO ESTADUAL,PODE
CE,Fortaleza,VEREADOR,SUPLENTE,FEMININO,PARDA,SUPERIOR COMPLETO,-4,OUTROS,PODE
CE,Fortaleza,VEREADOR,SUPLENTE,MASCULINO,PARDA,ENSINO FUNDAMENTAL INCOMPLETO,-4,OUTROS,PODE
CE,Fortaleza,VEREADOR,SUPLENTE,FEMININO,PARDA,ENSINO MÉDIO COMPLETO,-4,COMERCIANTE,PODE
CE,Fortaleza,VEREADOR,SUPLENTE,FEMININO,BRANCA,SUPERIOR COMPLETO,-4,ADVOGADO,PODE
CE,Fortaleza,VEREADOR,SUPLENTE,FEMININO,BRANCA,SUPERIOR INCOMPLETO,-4,EMPRESÁRIO,REPUBLICANOS
CE,Fortaleza,VEREADOR,SUPLENTE,FEMININO,PARDA,SUPERIOR COMPLETO,-4,ENFERMEIRO,REPUBLICANOS
CE,Fortaleza,VEREADOR,SUPLENTE,MASCULINO,PARDA,ENSINO MÉDIO COMPLETO,-4,BOMBEIRO MILITAR,REPUBLICANOS
CE,Fortaleza,VEREADOR,SUPLENTE,MASCULINO,PARDA,ENSINO MÉDIO COMPLETO,-4,MILITAR REFORMADO,REPUBLICANOS
CE,Fortaleza,VEREADOR,SUPLENTE,MASCULINO,BRANCA,SUPERIOR COMPLETO,-4,FARMACÊUTICO,REPUBLICANOS
CE,Fortaleza,VEREADOR,SUPLENTE,FEMININO,BRANCA,SUPERIOR INCOMPLETO,-4,OUTROS,REPUBLICANOS
CE,Fortaleza,VEREADOR,SUPLENTE,MASCULINO,PARDA,SUPERIOR INCOMPLETO,-4,ATLETA PROFISSIONAL E TÉCNICO EM DESPORTOS,REPUBLICANOS
CE,Fortaleza,VEREADOR,SUPLENTE,MASCULINO,PARDA,SUPERIOR COMPLETO,-4,EMPRESÁRIO,PL
CE,Fortaleza,VEREADOR,SUPLENTE,MASCULINO,PARDA,ENSINO MÉDIO COMPLETO,-4,OUTROS,PL
CE,Fortaleza,VEREADOR,ELEITO POR QP,FEMININO,BRANCA,SUPERIOR INCOMPLETO,-4,"ESTUDANTE, BOLSISTA, ESTAGIÁRIO E ASSEMELHADOS",PL
CE,Fortaleza,VEREADOR,SUPLENTE,MASCULINO,PARDA,SUPERIOR COMPLETO,-4,GUIA DE TURISMO,PSOL
CE,Fortaleza,VEREADOR,SUPLENTE,FEMININO,PARDA,SUPERIOR COMPLETO,-4,ADVOGADO,PSDB
CE,Fortaleza,VEREADOR,SUPLENTE,FEMININO,PARDA,ENSINO FUNDAMENTAL INCOMPLETO,-4,"SUPERVISOR, INSPETOR E AGENTE DE COMPRAS E VENDAS",CIDADANIA
CE,Fortaleza,VEREADOR,ELEITO POR QP,MASCULINO,BRANCA,SUPERIOR COMPLETO,-4,ADVOGADO,PSDB
CE,Fortaleza,VEREADOR,SUPLENTE,FEMININO,PRETA,SUPERIOR INCOMPLETO,-4,"ESTUDANTE, BOLSISTA, ESTAGIÁRIO E ASSEMELHADOS",PSDB
CE,Fortaleza,VEREADOR,SUPLENTE,MASCULINO,PARDA,ENSINO MÉDIO COMPLETO,-4,"VENDEDOR PRACISTA, REPRESENTANTE, CAIXEIRO-VIAJANTE E ASSEMELHADOS",PSDB
CE,Fortaleza,VEREADOR,SUPLENTE,FEMININO,BRANCA,SUPERIOR COMPLETO,-4,ANALISTA DE SISTEMAS,PSDB
CE,Fortaleza,VEREADOR,SUPLENTE,MASCULINO,BRANCA,SUPERIOR COMPLETO,-4,ADVOGADO,AVANTE
CE,Fortaleza,VEREADOR,SUPLENTE,FEMININO,PARDA,SUPERIOR COMPLETO,-4,AGENTE ADMINISTRATIVO,AVANTE
CE,Fortaleza,VEREADOR,ELEITO POR QP,MASCULINO,PARDA,ENSINO MÉDIO COMPLETO,-4,VEREADOR,AVANTE
CE,Fortaleza,VEREADOR,SUPLENTE,FEMININO,BRANCA,ENSINO MÉDIO COMPLETO,-4,OUTROS,AVANTE
CE,Fortaleza,VEREADOR,SUPLENTE,FEMININO,BRANCA,SUPERIOR COMPLETO,-4,ENGENHEIRO,PRD
CE,Fortaleza,VEREADOR,SUPLENTE,MASCULINO,PARDA,ENSINO MÉDIO COMPLETO,-4,OUTROS,PRD
CE,Fortaleza,VEREADOR,SUPLENTE,FEMININO,PARDA,SUPERIOR COMPLETO,-4,PROFESSOR DE ENSINO DE PRIMEIRO E SEGUNDO GRAUS,PRD
CE,Fortaleza,VEREADOR,ELEITO POR QP,MASCULINO,BRANCA,SUPERIOR COMPLETO,-4,PUBLICITÁRIO,PRD
CE,Fortaleza,VEREADOR,SUPLENTE,FEMININO,BRANCA,SUPERIOR COMPLETO,-4,ADMINISTRADOR,PRD
CE,Fortaleza,VEREADOR,SUPLENTE,FEMININO,PARDA,SUPERIOR INCOMPLETO,-4,"ESTUDANTE, BOLSISTA, ESTAGIÁRIO E ASSEMELHADOS",UNIÃO
CE,Fortaleza,VEREADOR,SUPLENTE,MASCULINO,PARDA,SUPERIOR COMPLETO,-4,PROFESSOR DE ENSINO MÉDIO,UNIÃO
CE,Fortaleza,VEREADOR,SUPLENTE,MASCULINO,PARDA,ENSINO MÉDIO COMPLETO,-4,MOTORISTA DE VEÍCULOS DE TRANSPORTE COLETIVO DE PASSAGEIROS,MOBILIZA
CE,Fortaleza,VEREADOR,SUPLENTE,MASCULINO,BRANCA,ENSINO MÉDIO COMPLETO,-4,SERVIDOR PÚBLICO MUNICIPAL,MOBILIZA
CE,Fortaleza,VEREADOR,SUPLENTE,MASCULINO,PARDA,SUPERIOR COMPLETO,-4,GEÓGRAFO,MOBILIZA
CE,Fortaleza,VEREADOR,SUPLENTE,MASCULINO,PARDA,ENSINO MÉDIO COMPLETO,-4,"TÉCNICO DE OBRAS CIVIS, ESTRADAS, SANEAMENTO E ASSEMELHADOS",MOBILIZA
CE,Fortaleza,VEREADOR,SUPLENTE,FEMININO,BRANCA,ENSINO MÉDIO COMPLETO,-4,COMERCIANTE,MOBILIZA
CE,Fortaleza,VEREADOR,SUPLENTE,MASCULINO,PARDA,SUPERIOR COMPLETO,-4,"SUPERVISOR, INSPETOR E AGENTE DE COMPRAS E VENDAS",MOBILIZA
CE,Fortaleza,VEREADOR,SUPLENTE,MASCULINO,PARDA,ENSINO MÉDIO COMPLETO,-4,COMERCIANTE,MOBILIZA
CE,Fortaleza,VEREADOR,SUPLENTE,FEMININO,PARDA,SUPERIOR COMPLETO,-4,PROFESSOR DE ENSINO FUNDAMENTAL,MOBILIZA
CE,Fortaleza,VEREADOR,SUPLENTE,MASCULINO,PARDA,ENSINO MÉDIO INCOMPLETO,-4,COMERCIANTE,MOBILIZA
CE,Fortaleza,VEREADOR,NÃO ELEITO,MASCULINO,PARDA,ENSINO MÉDIO COMPLETO,-4,BOMBEIRO CIVIL,AGIR
CE,Fortaleza,VEREADOR,NÃO ELEITO,MASCULINO,PRETA,ENSINO FUNDAMENTAL COMPLETO,-4,COMERCIANTE,AGIR
CE,Fortaleza,VEREADOR,NÃO ELEITO,MASCULINO,PARDA,SUPERIOR INCOMPLETO,-4,ESCULTOR E PINTOR,AGIR
CE,Fortaleza,VEREADOR,SUPLENTE,MASCULINO,BRANCA,ENSINO MÉDIO COMPLETO,-4,OUTROS,DC
CE,Fortaleza,VEREADOR,SUPLENTE,MASCULINO,PARDA,ENSINO FUNDAMENTAL COMPLETO,-4,"VENDEDOR PRACISTA, REPRESENTANTE, CAIXEIRO-VIAJANTE E ASSEMELHADOS",DC
CE,Fortaleza,VEREADOR,SUPLENTE,MASCULINO,PARDA,SUPERIOR COMPLETO,-4,ADVOGADO,PDT
CE,Fortaleza,VEREADOR,SUPLENTE,FEMININO,BRANCA,SUPERIOR COMPLETO,-4,PSICÓLOGO,PDT
CE,Fortaleza,VEREADOR,SUPLENTE,MASCULINO,PARDA,SUPERIOR COMPLETO,-4,SERVIDOR PÚBLICO FEDERAL,PDT
CE,Fortaleza,VEREADOR,ELEITO POR MÉDIA,MASCULINO,PARDA,ENSINO MÉDIO COMPLETO,-4,EMPRESÁRIO,PDT
CE,Fortaleza,VEREADOR,SUPLENTE,FEMININO,PARDA,SUPERIOR INCOMPLETO,-4,OUTROS,PV
CE,Fortaleza,VEREADOR,SUPLENTE,MASCULINO,PARDA,SUPERIOR INCOMPLETO,-4,"CORRETOR DE IMÓVEIS, SEGUROS, TÍTULOS E VALORES",PT
CE,Fortaleza,VEREADOR,SUPLENTE,MASCULINO,PRETA,SUPERIOR COMPLETO,-4,ASSISTENTE SOCIAL,PT
CE,Fortaleza,VEREADOR,SUPLENTE,FEMININO,BRANCA,SUPERIOR COMPLETO,-4,PROFESSOR DE ENSINO MÉDIO,PV
CE,Fortaleza,VEREADOR,SUPLENTE,MASCULINO,PARDA,SUPERIOR COMPLETO,-4,POLICIAL CIVIL,PT
CE,Fortaleza,VEREADOR,SUPLENTE,MASCULINO,PARDA,SUPERIOR COMPLETO,-4,OUTROS,PV
CE,Fortaleza,VEREADOR,SUPLENTE,MASCULINO,PRETA,ENSINO FUNDAMENTAL COMPLETO,-4,COMERCIANTE,PC do B
CE,Fortaleza,VEREADOR,SUPLENTE,FEMININO,BRANCA,ENSINO FUNDAMENTAL COMPLETO,-4,OUTROS,PP
CE,Fortaleza,VEREADOR,SUPLENTE,MASCULINO,PARDA,ENSINO FUNDAMENTAL COMPLETO,-4,GERENTE,PP
CE,Fortaleza,VEREADOR,SUPLENTE,MASCULINO,PARDA,SUPERIOR COMPLETO,-4,SERVIDOR PÚBLICO MUNICIPAL,PSD
CE,Fortaleza,VEREADOR,SUPLENTE,FEMININO,PRETA,SUPERIOR COMPLETO,-4,FISIOTERAPEUTA E TERAPEUTA OCUPACIONAL,PSD
CE,Fortaleza,VEREADOR,SUPLENTE,FEMININO,PARDA,SUPERIOR COMPLETO,-4,PEDAGOGO,PSB
CE,Fortaleza,VEREADOR,SUPLENTE,MASCULINO,BRANCA,ENSINO MÉDIO COMPLETO,-4,OUTROS,PSB
CE,Fortaleza,VEREADOR,SUPLENTE,MASCULINO,BRANCA,ENSINO MÉDIO COMPLETO,-4,EMPRESÁRIO,PSB
CE,Fortaleza,VEREADOR,NÃO ELEITO,MASCULINO,PARDA,ENSINO MÉDIO INCOMPLETO,-4,MOTORISTA PARTICULAR,MDB
CE,Fortaleza,VEREADOR,NÃO ELEITO,MASCULINO,BRANCA,ENSINO FUNDAMENTAL COMPLETO,-4,COMERCIANTE,MDB
CE,Fortaleza,VEREADOR,NÃO ELEITO,MASCULINO,PRETA,ENSINO MÉDIO COMPLETO,-4,OUTROS,MDB
CE,Fortaleza,VEREADOR,NÃO ELEITO,FEMININO,PRETA,SUPERIOR INCOMPLETO,-4,RECEPCIONISTA,MDB
CE,Fortaleza,VEREADOR,NÃO ELEITO,MASCULINO,PARDA,ENSINO MÉDIO COMPLETO,-4,GARÇOM,NOVO
CE,Fortaleza,VEREADOR,NÃO ELEITO,MASCULINO,PARDA,SUPERIOR COMPLETO,-4,ADVOGADO,NOVO
CE,Fortaleza,VEREADOR,NÃO ELEITO,FEMININO,PARDA,SUPERIOR INCOMPLETO,-4,COMERCIANTE,NOVO
CE,Fortaleza,VEREADOR,NÃO ELEITO,MASCULINO,BRANCA,SUPERIOR COMPLETO,-4,ADVOGADO,NOVO
CE,Fortaleza,VEREADOR,NÃO ELEITO,MASCULINO,BRANCA,SUPERIOR INCOMPLETO,-4,APOSENTADO (EXCETO SERVIDOR PÚBLICO),NOVO
CE,Fortaleza,VICE-PREFEITO,2º TURNO,FEMININO,BRANCA,SUPERIOR COMPLETO,-4,MÉDICO,PSD
CE,Fortaleza,VICE-PREFEITO,ELEITO,FEMININO,BRANCA,SUPERIOR COMPLETO,-4,MÉDICO,PSD
CE,Fortaleza,VEREADOR,NÃO ELEITO,FEMININO,PARDA,ENSINO FUNDAMENTAL COMPLETO,-4,OUTROS,PRD
CE,Fortaleza,VEREADOR,NÃO ELEITO,FEMININO,PARDA,SUPERIOR INCOMPLETO,-4,OUTROS,AGIR
CE,Fortaleza,VEREADOR,NÃO ELEITO,FEMININO,AMARELA,SUPERIOR COMPLETO,-4,APOSENTADO (EXCETO SERVIDOR PÚBLICO),PSB
CE,Fortaleza,VEREADOR,NÃO ELEITO,MASCULINO,BRANCA,SUPERIOR COMPLETO,-4,OUTROS,NOVO
CE,Fortaleza,VEREADOR,NÃO ELEITO,MASCULINO,PARDA,SUPERIOR COMPLETO,-4,AGENTE ADMINISTRATIVO,DC
CE,Fortaleza,VEREADOR,NÃO ELEITO,MASCULINO,PARDA,ENSINO MÉDIO COMPLETO,-4,OUTROS,MDB
CE,Fortaleza,VEREADOR,#NULO,FEMININO,PARDA,ENSINO MÉDIO COMPLETO,-4,OUTROS,AVANTE
CE,Fortaleza,VEREADOR,#NULO,MASCULINO,BRANCA,SUPERIOR INCOMPLETO,-4,OUTROS,DC
CE,Fortaleza,VEREADOR,#NULO,MASCULINO,PARDA,SUPERIOR COMPLETO,-4,PROFESSOR DE ENSINO FUNDAMENTAL,PDT
CE,Fortaleza,VEREADOR,#NULO,FEMININO,BRANCA,SUPERIOR COMPLETO,-4,COMERCIANTE,PSD
CE,Fortaleza,PREFEITO,NÃO ELEITO,MASCULINO,BRANCA,SUPERIOR COMPLETO,-4,POLICIAL MILITAR,UNIÃO
CE,Fortaleza,VEREADOR,SUPLENTE,MASCULINO,PARDA,SUPERIOR COMPLETO,-4,VIGILANTE,PODE
CE,Fortaleza,VEREADOR,SUPLENTE,MASCULINO,PARDA,ENSINO MÉDIO COMPLETO,-4,APOSENTADO (EXCETO SERVIDOR PÚBLICO),PODE
CE,Fortaleza,VEREADOR,SUPLENTE,FEMININO,PARDA,SUPERIOR COMPLETO,-4,JORNALISTA E REDATOR,PODE
CE,Fortaleza,VEREADOR,SUPLENTE,FEMININO,PRETA,SUPERIOR COMPLETO,-4,PROFESSOR DE ENSINO FUNDAMENTAL,PODE
CE,Fortaleza,VEREADOR,SUPLENTE,MASCULINO,PARDA,ENSINO MÉDIO COMPLETO,-4,EMPRESÁRIO,REPUBLICANOS
CE,Fortaleza,VEREADOR,SUPLENTE,MASCULINO,PARDA,SUPERIOR COMPLETO,-4,BOMBEIRO MILITAR,REPUBLICANOS
CE,Fortaleza,VEREADOR,SUPLENTE,MASCULINO,BRANCA,SUPERIOR COMPLETO,-4,ANALISTA DE SISTEMAS,REPUBLICANOS
CE,Fortaleza,VEREADOR,SUPLENTE,MASCULINO,PARDA,ENSINO MÉDIO COMPLETO,-4,MOTORISTA PARTICULAR,REPUBLICANOS
CE,Fortaleza,VEREADOR,SUPLENTE,FEMININO,PARDA,ENSINO MÉDIO COMPLETO,-4,OUTROS,REPUBLICANOS
CE,Fortaleza,VEREADOR,SUPLENTE,FEMININO,BRANCA,SUPERIOR COMPLETO,-4,SACERDOTE OU MEMBRO DE ORDEM OU SEITA RELIGIOSA,REPUBLICANOS
CE,Fortaleza,VEREADOR,SUPLENTE,MASCULINO,PARDA,ENSINO FUNDAMENTAL COMPLETO,-4,EMPRESÁRIO,REPUBLICANOS
CE,Fortaleza,VEREADOR,NÃO ELEITO,MASCULINO,BRANCA,SUPERIOR COMPLETO,-4,PROFESSOR DE ENSINO FUNDAMENTAL,PSTU
CE,Fortaleza,VEREADOR,NÃO ELEITO,FEMININO,BRANCA,ENSINO MÉDIO COMPLETO,-4,OUTROS,PSTU
CE,Fortaleza,VEREADOR,ELEITO POR QP,FEMININO,PARDA,SUPERIOR COMPLETO,-4,JORNALISTA E REDATOR,PL
CE,Fortaleza,VEREADOR,SUPLENTE,MASCULINO,PARDA,SUPERIOR COMPLETO,-4,MILITAR REFORMADO,PL
CE,Fortaleza,VEREADOR,SUPLENTE,MASCULINO,BRANCA,ENSINO FUNDAMENTAL COMPLETO,-4,VIGILANTE,PL
CE,Fortaleza,VEREADOR,SUPLENTE,MASCULINO,BRANCA,SUPERIOR COMPLETO,-4,ADVOGADO,PL
CE,Fortaleza,VEREADOR,SUPLENTE,MASCULINO,PARDA,ENSINO MÉDIO INCOMPLETO,-4,MOTORISTA PARTICULAR,PL
CE,Fortaleza,VEREADOR,SUPLENTE,MASCULINO,BRANCA,SUPERIOR INCOMPLETO,-4,MOTORISTA PARTICULAR,PL
CE,Fortaleza,VEREADOR,SUPLENTE,FEMININO,AMARELA,SUPERIOR INCOMPLETO,-4,EMPRESÁRIO,PL
CE,Fortaleza,VEREADOR,SUPLENTE,FEMININO,BRANCA,SUPERIOR COMPLETO,-4,OUTROS,PL
CE,Fortaleza,VEREADOR,SUPLENTE,MASCULINO,BRANCA,ENSINO MÉDIO COMPLETO,-4,EMPRESÁRIO,PL
CE,Fortaleza,VEREADOR,SUPLENTE,FEMININO,PARDA,SUPERIOR COMPLETO,-4,JORNALISTA E REDATOR,REDE
CE,Fortaleza,VEREADOR,SUPLENTE,FEMININO,BRANCA,SUPERIOR COMPLETO,-4,PROFESSOR DE ENSINO MÉDIO,PSOL
CE,Fortaleza,VEREADOR,SUPLENTE,MASCULINO,PARDA,SUPERIOR COMPLETO,-4,ADVOGADO,CIDADANIA
CE,Fortaleza,VEREADOR,SUPLENTE,MASCULINO,PARDA,ENSINO MÉDIO INCOMPLETO,-4,COZINHEIRO,PSDB
CE,Fortaleza,VEREADOR,SUPLENTE,MASCULINO,BRANCA,SUPERIOR INCOMPLETO,-4,"TÉCNICO DE ELETRICIDADE, ELETRÔNICA E TELECOMUNICAÇÕES",CIDADANIA
CE,Fortaleza,VEREADOR,SUPLENTE,MASCULINO,PRETA,ENSINO MÉDIO INCOMPLETO,-4,VIGILANTE,PSDB
CE,Fortaleza,VEREADOR,SUPLENTE,MASCULINO,PARDA,SUPERIOR INCOMPLETO,-4,EMPRESÁRIO,PSDB
CE,Fortaleza,VEREADOR,SUPLENTE,MASCULINO,PARDA,SUPERIOR COMPLETO,-4,POLICIAL MILITAR,CIDADANIA
CE,Fortaleza,VEREADOR,ELEITO POR MÉDIA,MASCULINO,PARDA,SUPERIOR COMPLETO,-4,VEREADOR,CIDADANIA
CE,Fortaleza,VEREADOR,SUPLENTE,FEMININO,PARDA,ENSINO MÉDIO COMPLETO,-4,ARTISTA PLÁSTICO E ASSEMELHADOS,PSDB
CE,Fortaleza,VEREADOR,SUPLENTE,MASCULINO,PARDA,SUPERIOR COMPLETO,-4,"CORRETOR DE IMÓVEIS, SEGUROS, TÍTULOS E VALORES",AVANTE
CE,Fortaleza,VEREADOR,SUPLENTE,MASCULINO,PARDA,ENSINO MÉDIO COMPLETO,-4,OUTROS,AVANTE
CE,Fortaleza,VEREADOR,SUPLENTE,MASCULINO,BRANCA,SUPERIOR COMPLETO,-4,ADMINISTRADOR,AVANTE
CE,Fortaleza,VEREADOR,SUPLENTE,FEMININO,PRETA,SUPERIOR COMPLETO,-4,ADMINISTRADOR,AVANTE
CE,Fortaleza,VEREADOR,SUPLENTE,FEMININO,PARDA,ENSINO MÉDIO COMPLETO,-4,COMERCIANTE,UNIÃO
CE,Fortaleza,VEREADOR,SUPLENTE,FEMININO,BRANCA,SUPERIOR COMPLETO,-4,PROFESSOR E INSTRUTOR DE FORMAÇÃO PROFISSIONAL,UNIÃO
CE,Fortaleza,VEREADOR,SUPLENTE,MASCULINO,PARDA,SUPERIOR COMPLETO,-4,OUTROS,UNIÃO
CE,Fortaleza,VEREADOR,SUPLENTE,MASCULINO,BRANCA,SUPERIOR COMPLETO,-4,OUTROS,UNIÃO
CE,Fortaleza,VEREADOR,SUPLENTE,FEMININO,BRANCA,SUPERIOR COMPLETO,-4,NUTRICIONISTA E ASSEMELHADOS,UNIÃO
CE,Fortaleza,VEREADOR,SUPLENTE,MASCULINO,BRANCA,SUPERIOR COMPLETO,-4,MÉDICO,UNIÃO
CE,Fortaleza,VEREADOR,SUPLENTE,MASCULINO,BRANCA,ENSINO MÉDIO COMPLETO,-4,CABELEIREIRO E BARBEIRO,UNIÃO
CE,Fortaleza,VEREADOR,SUPLENTE,FEMININO,PRETA,SUPERIOR COMPLETO,-4,ATOR E DIRETOR DE ESPETÁCULOS PÚBLICOS,MOBILIZA
CE,Fortaleza,VEREADOR,NÃO ELEITO,MASCULINO,PARDA,SUPERIOR INCOMPLETO,-4,COMERCIANTE,AGIR
CE,Fortaleza,VEREADOR,NÃO ELEITO,MASCULINO,BRANCA,SUPERIOR COMPLETO,-4,ADVOGADO,AGIR
CE,Fortaleza,VEREADOR,NÃO ELEITO,MASCULINO,BRANCA,ENSINO MÉDIO COMPLETO,-4,COMERCIANTE,AGIR
CE,Fortaleza,VEREADOR,NÃO ELEITO,MASCULINO,PARDA,ENSINO MÉDIO COMPLETO,-4,APOSENTADO (EXCETO SERVIDOR PÚBLICO),AGIR
CE,Fortaleza,VEREADOR,NÃO ELEITO,FEMININO,PARDA,ENSINO MÉDIO COMPLETO,-4,AGENTE ADMINISTRATIVO,AGIR
CE,Fortaleza,VEREADOR,SUPLENTE,MASCULINO,BRANCA,ENSINO FUNDAMENTAL COMPLETO,-4,COMERCIANTE,DC
CE,Fortaleza,VEREADOR,SUPLENTE,FEMININO,PRETA,SUPERIOR COMPLETO,-4,OUTROS,DC
CE,Fortaleza,VEREADOR,SUPLENTE,MASCULINO,PARDA,ENSINO MÉDIO COMPLETO,-4,CABELEIREIRO E BARBEIRO,DC
CE,Fortaleza,VEREADOR,SUPLENTE,MASCULINO,PARDA,ENSINO MÉDIO COMPLETO,-4,OUTROS,DC
CE,Fortaleza,VEREADOR,SUPLENTE,FEMININO,PARDA,ENSINO MÉDIO COMPLETO,-4,AGENTE ADMINISTRATIVO,DC
CE,Fortaleza,VEREADOR,SUPLENTE,MASCULINO,PARDA,ENSINO FUNDAMENTAL COMPLETO,-4,CABELEIREIRO E BARBEIRO,DC
CE,Fortaleza,VEREADOR,SUPLENTE,MASCULINO,PRETA,ENSINO FUNDAMENTAL INCOMPLETO,-4,VENDEDOR DE COMÉRCIO VAREJISTA E ATACADISTA,PDT
CE,Fortaleza,VEREADOR,SUPLENTE,MASCULINO,PARDA,ENSINO MÉDIO COMPLETO,-4,VEREADOR,PDT
CE,Fortaleza,VEREADOR,SUPLENTE,MASCULINO,PARDA,SUPERIOR INCOMPLETO,-4,MASSAGISTA,PDT
CE,Fortaleza,VEREADOR,SUPLENTE,FEMININO,PARDA,ENSINO FUNDAMENTAL COMPLETO,-4,OUTROS,PC do B
CE,Fortaleza,VEREADOR,SUPLENTE,MASCULINO,PRETA,SUPERIOR COMPLETO,-4,SOCIÓLOGO,PV
CE,Fortaleza,VEREADOR,SUPLENTE,MASCULINO,PARDA,SUPERIOR COMPLETO,-4,PRODUTOR DE ESPETÁCULOS PÚBLICOS,PT
CE,Fortaleza,VEREADOR,ELEITO POR QP,FEMININO,PRETA,SUPERIOR COMPLETO,-4,ADMINISTRADOR,PT
CE,Fortaleza,VEREADOR,SUPLENTE,FEMININO,PARDA,SUPERIOR COMPLETO,-4,FARMACÊUTICO,PV
CE,Fortaleza,VEREADOR,ELEITO POR QP,MASCULINO,PARDA,ENSINO MÉDIO COMPLETO,-4,OUTROS,PT
CE,Fortaleza,VEREADOR,SUPLENTE,MASCULINO,PRETA,SUPERIOR COMPLETO,-4,FARMACÊUTICO,PV
CE,Fortaleza,VEREADOR,SUPLENTE,MASCULINO,PRETA,ENSINO MÉDIO COMPLETO,-4,OUTROS,PT
CE,Fortaleza,VEREADOR,SUPLENTE,FEMININO,PARDA,SUPERIOR COMPLETO,-4,SERVIDOR PÚBLICO FEDERAL,PP
CE,Fortaleza,VEREADOR,SUPLENTE,MASCULINO,PARDA,ENSINO MÉDIO COMPLETO,-4,POLICIAL MILITAR,PP
CE,Fortaleza,VEREADOR,SUPLENTE,MASCULINO,PARDA,SUPERIOR COMPLETO,-4,AGENTE ADMINISTRATIVO,PP
CE,Fortaleza,VEREADOR,SUPLENTE,MASCULINO,BRANCA,SUPERIOR COMPLETO,-4,EMPRESÁRIO,PP
CE,Fortaleza,VEREADOR,SUPLENTE,MASCULINO,PARDA,ENSINO MÉDIO COMPLETO,-4,OUTROS,PP
CE,Fortaleza,VEREADOR,SUPLENTE,MASCULINO,BRANCA,ENSINO MÉDIO COMPLETO,-4,PRODUTOR DE ESPETÁCULOS PÚBLICOS,PSD
CE,Fortaleza,VEREADOR,SUPLENTE,MASCULINO,PARDA,SUPERIOR INCOMPLETO,-4,APOSENTADO (EXCETO SERVIDOR PÚBLICO),PSD
CE,Fortaleza,VEREADOR,SUPLENTE,FEMININO,BRANCA,SUPERIOR COMPLETO,-4,CANTOR E COMPOSITOR,PSD
CE,Fortaleza,VEREADOR,SUPLENTE,MASCULINO,PARDA,ENSINO MÉDIO COMPLETO,-4,OUTROS,PSB
CE,Fortaleza,VEREADOR,SUPLENTE,MASCULINO,PARDA,SUPERIOR COMPLETO,-4,EMPRESÁRIO,PSB
CE,Fortaleza,VEREADOR,SUPLENTE,MASCULINO,PARDA,SUPERIOR COMPLETO,-4,SOCIÓLOGO,PSB
CE,Fortaleza,VEREADOR,SUPLENTE,FEMININO,PARDA,SUPERIOR COMPLETO,-4,OUTROS,PSB
CE,Fortaleza,VEREADOR,NÃO ELEITO,MASCULINO,BRANCA,ENSINO MÉDIO INCOMPLETO,-4,OUTROS,MDB
CE,Fortaleza,VEREADOR,NÃO ELEITO,MASCULINO,BRANCA,ENSINO MÉDIO COMPLETO,-4,OUTROS,MDB
CE,Fortaleza,VEREADOR,NÃO ELEITO,MASCULINO,BRANCA,SUPERIOR COMPLETO,-4,ADVOGADO,MDB
CE,Fortaleza,VEREADOR,NÃO ELEITO,MASCULINO,PARDA,ENSINO MÉDIO COMPLETO,-4,AGENTE ADMINISTRATIVO,MDB
CE,Fortaleza,VEREADOR,NÃO ELEITO,MASCULINO,BRANCA,ENSINO MÉDIO COMPLETO,-4,POLICIAL MILITAR,MDB
CE,Fortaleza,VEREADOR,NÃO ELEITO,MASCULINO,BRANCA,SUPERIOR COMPLETO,-4,ODONTÓLOGO,NOVO
CE,Fortaleza,VEREADOR,NÃO ELEITO,FEMININO,BRANCA,SUPERIOR COMPLETO,-4,DONA DE CASA,NOVO
CE,Fortaleza,VEREADOR,NÃO ELEITO,MASCULINO,PARDA,ENSINO MÉDIO INCOMPLETO,-4,POLICIAL MILITAR,NOVO
CE,Fortaleza,VEREADOR,NÃO ELEITO,FEMININO,BRANCA,LÊ E ESCREVE,-4,EMPRESÁRIO,NOVO
CE,Fortaleza,VEREADOR,NÃO ELEITO,FEMININO,PARDA,SUPERIOR COMPLETO,-4,ADMINISTRADOR,NOVO
CE,Fortaleza,VICE-PREFEITO,NÃO ELEITO,FEMININO,BRANCA,SUPERIOR COMPLETO,-4,ADVOGADO,SOLIDARIEDADE
CE,Fortaleza,VICE-PREFEITO,NÃO ELEITO,FEMININO,BRANCA,SUPERIOR COMPLETO,-4,ADVOGADO,PL
CE,Fortaleza,PREFEITO,NÃO ELEITO,MASCULINO,PARDA,SUPERIOR COMPLETO,-4,ADVOGADO,PCB
CE,Fortaleza,VEREADOR,NÃO ELEITO,MASCULINO,PARDA,ENSINO MÉDIO COMPLETO,-4,TAXISTA,PDT
CE,Fortaleza,VEREADOR,NÃO ELEITO,FEMININO,BRANCA,SUPERIOR COMPLETO,-4,MÉDICO,NOVO
CE,Fortaleza,VICE-PREFEITO,NÃO ELEITO,MASCULINO,PARDA,ENSINO MÉDIO COMPLETO,-4,OUTROS,PCB
CE,Fortaleza,VEREADOR,#NULO,MASCULINO,PARDA,ENSINO MÉDIO COMPLETO,-4,EMPRESÁRIO,REDE
CE,Fortaleza,VEREADOR,#NULO,FEMININO,PARDA,ENSINO MÉDIO COMPLETO,-4,COZINHEIRO,PSD
CE,Fortaleza,PREFEITO,2º TURNO,MASCULINO,BRANCA,SUPERIOR COMPLETO,-4,DEPUTADO,PL
CE,Fortaleza,VEREADOR,SUPLENTE,MASCULINO,PARDA,ENSINO MÉDIO COMPLETO,-4,EMPRESÁRIO,PODE
CE,Fortaleza,VEREADOR,SUPLENTE,MASCULINO,PARDA,SUPERIOR COMPLETO,-4,AGENTE DE SAÚDE E SANITARISTA,PODE
CE,Fortaleza,VEREADOR,SUPLENTE,MASCULINO,BRANCA,SUPERIOR COMPLETO,-4,EMPRESÁRIO,PODE
CE,Fortaleza,VEREADOR,SUPLENTE,FEMININO,PRETA,SUPERIOR COMPLETO,-4,JORNALISTA E REDATOR,PODE
CE,Fortaleza,VEREADOR,SUPLENTE,MASCULINO,BRANCA,SUPERIOR COMPLETO,-4,ADVOGADO,PODE
CE,Fortaleza,VEREADOR,SUPLENTE,FEMININO,PARDA,SUPERIOR COMPLETO,-4,PEDAGOGO,REPUBLICANOS
CE,Fortaleza,VEREADOR,SUPLENTE,MASCULINO,PARDA,ENSINO MÉDIO COMPLETO,-4,OUTROS,REPUBLICANOS
CE,Fortaleza,VEREADOR,SUPLENTE,FEMININO,PARDA,ENSINO MÉDIO COMPLETO,-4,AGENTE ADMINISTRATIVO,REPUBLICANOS
CE,Fortaleza,VEREADOR,SUPLENTE,FEMININO,BRANCA,SUPERIOR COMPLETO,-4,ESTETICISTA,REPUBLICANOS
CE,Fortaleza,VEREADOR,SUPLENTE,FEMININO,PARDA,SUPERIOR COMPLETO,-4,MOTORISTA PARTICULAR,REPUBLICANOS
CE,Fortaleza,VEREADOR,NÃO ELEITO,MASCULINO,PARDA,ENSINO FUNDAMENTAL INCOMPLETO,-4,TRABALHADOR DE CONSTRUÇÃO CIVIL,PSTU
CE,Fortaleza,VEREADOR,ELEITO POR MÉDIA,MASCULINO,BRANCA,SUPERIOR COMPLETO,-4,ADVOGADO,PL
CE,Fortaleza,VEREADOR,SUPLENTE,FEMININO,PARDA,ENSINO MÉDIO COMPLETO,-4,EMPRESÁRIO,PL
CE,Fortaleza,VEREADOR,SUPLENTE,FEMININO,PARDA,SUPERIOR COMPLETO,-4,OUTROS,PL
CE,Fortaleza,VEREADOR,SUPLENTE,FEMININO,BRANCA,SUPERIOR INCOMPLETO,-4,COMERCIANTE,PL
CE,Fortaleza,VEREADOR,SUPLENTE,MASCULINO,BRANCA,ENSINO MÉDIO INCOMPLETO,-4,VENDEDOR DE COMÉRCIO VAREJISTA E ATACADISTA,PSOL
CE,Fortaleza,VEREADOR,ELEITO POR MÉDIA,FEMININO,PRETA,SUPERIOR COMPLETO,-4,ASSISTENTE SOCIAL,PSOL
CE,Fortaleza,VEREADOR,SUPLENTE,MASCULINO,PARDA,ENSINO FUNDAMENTAL INCOMPLETO,-4,OUTROS,PSOL
CE,Fortaleza,VEREADOR,SUPLENTE,MASCULINO,PARDA,SUPERIOR COMPLETO,-4,PROFESSOR DE ENSINO MÉDIO,PSOL
CE,Fortaleza,VEREADOR,SUPLENTE,FEMININO,PARDA,SUPERIOR INCOMPLETO,-4,PRODUTOR DE ESPETÁCULOS PÚBLICOS,PSOL
CE,Fortaleza,VEREADOR,SUPLENTE,FEMININO,BRANCA,ENSINO MÉDIO COMPLETO,-4,OUTROS,PSOL
CE,Fortaleza,VEREADOR,SUPLENTE,FEMININO,PARDA,SUPERIOR COMPLETO,-4,EMPRESÁRIO,CIDADANIA
CE,Fortaleza,VEREADOR,SUPLENTE,MASCULINO,PRETA,ENSINO FUNDAMENTAL COMPLETO,-4,EMPRESÁRIO,PSDB
CE,Fortaleza,VEREADOR,SUPLENTE,MASCULINO,PARDA,SUPERIOR COMPLETO,-4,EMPRESÁRIO,CIDADANIA
CE,Fortaleza,VEREADOR,SUPLENTE,FEMININO,BRANCA,SUPERIOR COMPLETO,-4,ADMINISTRADOR,CIDADANIA
CE,Fortaleza,VEREADOR,SUPLENTE,MASCULINO,BRANCA,SUPERIOR INCOMPLETO,-4,OUTROS,AVANTE
CE,Fortaleza,VEREADOR,SUPLENTE,MASCULINO,PRETA,ENSINO MÉDIO COMPLETO,-4,AGENTE ADMINISTRATIVO,AVANTE
CE,Fortaleza,VEREADOR,SUPLENTE,MASCULINO,BRANCA,ENSINO MÉDIO COMPLETO,-4,OUTROS,AVANTE
CE,Fortaleza,VEREADOR,SUPLENTE,FEMININO,BRANCA,SUPERIOR COMPLETO,-4,OUTROS,AVANTE
CE,Fortaleza,VEREADOR,SUPLENTE,FEMININO,PARDA,SUPERIOR COMPLETO,-4,PEDAGOGO,PRD
CE,Fortaleza,VEREADOR,SUPLENTE,MASCULINO,PARDA,SUPERIOR COMPLETO,-4,SERVIDOR PÚBLICO MUNICIPAL,PRD
CE,Fortaleza,VEREADOR,ELEITO POR QP,MASCULINO,PARDA,ENSINO MÉDIO COMPLETO,-4,EMPRESÁRIO,PRD
CE,Fortaleza,VEREADOR,SUPLENTE,MASCULINO,BRANCA,SUPERIOR COMPLETO,-4,PROFESSOR DE ENSINO DE PRIMEIRO E SEGUNDO GRAUS,PRD
CE,Fortaleza,VEREADOR,SUPLENTE,MASCULINO,BRANCA,ENSINO MÉDIO INCOMPLETO,-4,COBRADOR DE TRANSPORTE COLETIVO,UNIÃO
CE,Fortaleza,VEREADOR,SUPLENTE,MASCULINO,BRANCA,SUPERIOR COMPLETO,-4,PROFESSOR DE ENSINO FUNDAMENTAL,UNIÃO
CE,Fortaleza,VEREADOR,SUPLENTE,FEMININO,BRANCA,SUPERIOR COMPLETO,-4,PROFESSOR DE ENSINO MÉDIO,UNIÃO
CE,Fortaleza,VEREADOR,SUPLENTE,MASCULINO,BRANCA,SUPERIOR INCOMPLETO,-4,"ESTUDANTE, BOLSISTA, ESTAGIÁRIO E ASSEMELHADOS",UNIÃO
CE,Fortaleza,VEREADOR,SUPLENTE,FEMININO,PARDA,SUPERIOR COMPLETO,-4,PROFESSOR DE ENSINO SUPERIOR,UNIÃO
CE,Fortaleza,VEREADOR,SUPLENTE,MASCULINO,BRANCA,ENSINO MÉDIO COMPLETO,-4,GUIA DE TURISMO,MOBILIZA
CE,Fortaleza,VEREADOR,SUPLENTE,MASCULINO,BRANCA,ENSINO MÉDIO COMPLETO,-4,EMPRESÁRIO,MOBILIZA
CE,Fortaleza,VEREADOR,SUPLENTE,FEMININO,BRANCA,ENSINO MÉDIO INCOMPLETO,-4,OUTROS,MOBILIZA
CE,Fortaleza,VEREADOR,SUPLENTE,MASCULINO,PARDA,ENSINO MÉDIO COMPLETO,-4,EMPRESÁRIO,MOBILIZA
CE,Fortaleza,VEREADOR,SUPLENTE,FEMININO,PARDA,ENSINO MÉDIO COMPLETO,-4,COMERCIANTE,MOBILIZA
CE,Fortaleza,VEREADOR,SUPLENTE,FEMININO,PARDA,ENSINO FUNDAMENTAL COMPLETO,-4,OUTROS,MOBILIZA
CE,Fortaleza,VEREADOR,SUPLENTE,MASCULINO,BRANCA,ENSINO MÉDIO COMPLETO,-4,COMERCIANTE,MOBILIZA
CE,Fortaleza,VEREADOR,NÃO ELEITO,MASCULINO,PARDA,ENSINO MÉDIO COMPLETO,-4,EMPRESÁRIO,AGIR
CE,Fortaleza,VEREADOR,NÃO ELEITO,FEMININO,PARDA,ENSINO MÉDIO INCOMPLETO,-4,DONA DE CASA,AGIR
CE,Fortaleza,VEREADOR,NÃO ELEITO,MASCULINO,PARDA,SUPERIOR COMPLETO,-4,ADVOGADO,AGIR
CE,Fortaleza,VEREADOR,NÃO ELEITO,MASCULINO,BRANCA,ENSINO FUNDAMENTAL COMPLETO,-4,POLICIAL MILITAR,AGIR
CE,Fortaleza,VEREADOR,NÃO ELEITO,FEMININO,PARDA,ENSINO MÉDIO COMPLETO,-4,"ESTUDANTE, BOLSISTA, ESTAGIÁRIO E ASSEMELHADOS",AGIR
CE,Fortaleza,VEREADOR,SUPLENTE,MASCULINO,PARDA,ENSINO MÉDIO COMPLETO,-4,MECÂNICO DE MANUTENÇÃO,DC
CE,Fortaleza,VEREADOR,SUPLENTE,MASCULINO,PARDA,SUPERIOR COMPLETO,-4,MÉDICO,DC
CE,Fortaleza,VEREADOR,SUPLENTE,MASCULINO,PARDA,ENSINO FUNDAMENTAL INCOMPLETO,-4,OUTROS,DC
CE,Fortaleza,VEREADOR,SUPLENTE,MASCULINO,PARDA,SUPERIOR COMPLETO,-4,SERVIDOR PÚBLICO ESTADUAL,PDT
CE,Fortaleza,VEREADOR,SUPLENTE,FEMININO,BRANCA,SUPERIOR COMPLETO,-4,ADVOGADO,PDT
CE,Fortaleza,VEREADOR,ELEITO POR QP,MASCULINO,BRANCA,SUPERIOR COMPLETO,-4,SERVIDOR PÚBLICO ESTADUAL,PDT
CE,Fortaleza,VEREADOR,SUPLENTE,FEMININO,BRANCA,SUPERIOR COMPLETO,-4,VETERINÁRIO,PDT
CE,Fortaleza,VEREADOR,SUPLENTE,FEMININO,PARDA,SUPERIOR COMPLETO,-4,SERVIDOR PÚBLICO MUNICIPAL,PDT
CE,Fortaleza,VEREADOR,SUPLENTE,MASCULINO,BRANCA,ENSINO MÉDIO INCOMPLETO,-4,MOTORISTA DE VEÍCULOS DE TRANSPORTE COLETIVO DE PASSAGEIROS,PDT
CE,Fortaleza,VEREADOR,SUPLENTE,FEMININO,PARDA,SUPERIOR INCOMPLETO,-4,TÉCNICO DE ENFERMAGEM E ASSEMELHADOS (EXCETO ENFERMEIRO),PDT
CE,Fortaleza,VEREADOR,ELEITO POR QP,MASCULINO,BRANCA,SUPERIOR COMPLETO,-4,ADVOGADO,PT
CE,Fortaleza,VEREADOR,SUPLENTE,MASCULINO,PRETA,SUPERIOR COMPLETO,-4,ADVOGADO,PT
CE,Fortaleza,VEREADOR,SUPLENTE,FEMININO,BRANCA,ENSINO MÉDIO INCOMPLETO,-4,OUTROS,PT
CE,Fortaleza,VEREADOR,SUPLENTE,MASCULINO,BRANCA,SUPERIOR COMPLETO,-4,MÉDICO,PT
CE,Fortaleza,VEREADOR,SUPLENTE,FEMININO,PARDA,SUPERIOR COMPLETO,-4,OUTROS,PP
CE,Fortaleza,VEREADOR,SUPLENTE,FEMININO,PARDA,SUPERIOR COMPLETO,-4,ENFERMEIRO,PP
CE,Fortaleza,VEREADOR,SUPLENTE,MASCULINO,PARDA,ENSINO MÉDIO INCOMPLETO,-4,ADMINISTRADOR,PP
CE,Fortaleza,VEREADOR,SUPLENTE,FEMININO,PARDA,SUPERIOR INCOMPLETO,-4,"ESTUDANTE, BOLSISTA, ESTAGIÁRIO E ASSEMELHADOS",PP
CE,Fortaleza,VEREADOR,SUPLENTE,FEMININO,PARDA,SUPERIOR COMPLETO,-4,"CORRETOR DE IMÓVEIS, SEGUROS, TÍTULOS E VALORES",PP
CE,Fortaleza,VEREADOR,SUPLENTE,MASCULINO,BRANCA,ENSINO MÉDIO COMPLETO,-4,PUBLICITÁRIO,PP
CE,Fortaleza,VEREADOR,SUPLENTE,MASCULINO,BRANCA,ENSINO MÉDIO COMPLETO,-4,RECEPCIONISTA,PP
CE,Fortaleza,VEREADOR,SUPLENTE,MASCULINO,BRANCA,ENSINO MÉDIO COMPLETO,-4,OUTROS,PP
CE,Fortaleza,VEREADOR,SUPLENTE,FEMININO,PARDA,ENSINO FUNDAMENTAL COMPLETO,-4,DONA DE CASA,PP
CE,Fortaleza,VEREADOR,SUPLENTE,MASCULINO,PARDA,SUPERIOR COMPLETO,-4,POLICIAL CIVIL,PSD
CE,Fortaleza,VEREADOR,SUPLENTE,MASCULINO,PARDA,ENSINO MÉDIO COMPLETO,-4,VIGILANTE,PSD
CE,Fortaleza,VEREADOR,SUPLENTE,MASCULINO,PARDA,ENSINO FUNDAMENTAL COMPLETO,-4,COMUNICÓLOGO,PSD
CE,Fortaleza,VEREADOR,SUPLENTE,FEMININO,PRETA,LÊ E ESCREVE,-4,OUTROS,PSB
CE,Fortaleza,VEREADOR,SUPLENTE,MASCULINO,BRANCA,SUPERIOR COMPLETO,-4,ADMINISTRADOR,PSB
CE,Fortaleza,VEREADOR,SUPLENTE,FEMININO,PARDA,SUPERIOR COMPLETO,-4,ADVOGADO,PSB
CE,Fortaleza,VEREADOR,SUPLENTE,FEMININO,PRETA,SUPERIOR COMPLETO,-4,FISIOTERAPEUTA E TERAPEUTA OCUPACIONAL,PSB
CE,Fortaleza,VEREADOR,SUPLENTE,MASCULINO,BRANCA,SUPERIOR COMPLETO,-4,PEDAGOGO,PSB
CE,Fortaleza,VEREADOR,SUPLENTE,MASCULINO,PARDA,ENSINO MÉDIO COMPLETO,-4,MECÂNICO DE MANUTENÇÃO,PSB
CE,Fortaleza,VEREADOR,NÃO ELEITO,FEMININO,PARDA,ENSINO MÉDIO COMPLETO,-4,APOSENTADO (EXCETO SERVIDOR PÚBLICO),MDB
CE,Fortaleza,VEREADOR,NÃO ELEITO,MASCULINO,PRETA,SUPERIOR COMPLETO,-4,EMPRESÁRIO,MDB
CE,Fortaleza,VEREADOR,NÃO ELEITO,FEMININO,PARDA,SUPERIOR COMPLETO,-4,BIÓLOGO,MDB
CE,Fortaleza,VEREADOR,NÃO ELEITO,FEMININO,BRANCA,ENSINO MÉDIO COMPLETO,-4,"FEIRANTE, AMBULANTE E MASCATE",MDB
CE,Fortaleza,VEREADOR,NÃO ELEITO,FEMININO,PARDA,SUPERIOR INCOMPLETO,-4,AGENTE DE SAÚDE E SANITARISTA,MDB
CE,Fortaleza,VEREADOR,NÃO ELEITO,MASCULINO,PARDA,SUPERIOR COMPLETO,-4,AGENTE DE SAÚDE E SANITARISTA,MDB
CE,Fortaleza,VEREADOR,NÃO ELEITO,MASCULINO,PARDA,SUPERIOR COMPLETO,-4,ADVOGADO,MDB
CE,Fortaleza,VEREADOR,NÃO ELEITO,FEMININO,PARDA,SUPERIOR COMPLETO,-4,OUTROS,MDB
CE,Fortaleza,VEREADOR,NÃO ELEITO,MASCULINO,PARDA,ENSINO MÉDIO COMPLETO,-4,DIGITADOR,NOVO
CE,Fortaleza,VEREADOR,NÃO ELEITO,FEMININO,BRANCA,SUPERIOR COMPLETO,-4,SERVIDOR PÚBLICO CIVIL APOSENTADO,NOVO
CE,Fortaleza,VICE-PREFEITO,NÃO ELEITO,FEMININO,PRETA,SUPERIOR INCOMPLETO,-4,"ESTUDANTE, BOLSISTA, ESTAGIÁRIO E ASSEMELHADOS",REDE
CE,Fortaleza,VEREADOR,NÃO ELEITO,MASCULINO,PARDA,SUPERIOR INCOMPLETO,-4,"ESTUDANTE, BOLSISTA, ESTAGIÁRIO E ASSEMELHADOS",UNIÃO
CE,Fortaleza,VEREADOR,NÃO ELEITO,MASCULINO,PARDA,SUPERIOR INCOMPLETO,-4,OUTROS,DC
CE,Fortaleza,VEREADOR,#NULO,FEMININO,PARDA,SUPERIOR COMPLETO,-4,EMPRESÁRIO,AGIR
CE,Fortaleza,VEREADOR,#NULO,MASCULINO,PRETA,ENSINO MÉDIO COMPLETO,-4,OUTROS,DC
CE,Fortaleza,VEREADOR,#NULO,MASCULINO,PARDA,ENSINO FUNDAMENTAL COMPLETO,-4,EMPRESÁRIO,DC
CE,Fortaleza,VEREADOR,#NULO,MASCULINO,PARDA,ENSINO MÉDIO COMPLETO,-4,OUTROS,PDT
CE,Fortaleza,PREFEITO,NÃO ELEITO,MASCULINO,BRANCA,SUPERIOR COMPLETO,-4,PREFEITO,PDT
CE,Fortaleza,VEREADOR,SUPLENTE,FEMININO,PARDA,SUPERIOR INCOMPLETO,-4,EMPRESÁRIO,PODE
CE,Fortaleza,VEREADOR,SUPLENTE,MASCULINO,PARDA,ENSINO FUNDAMENTAL INCOMPLETO,-4,MOTORISTA DE VEÍCULOS DE TRANSPORTE COLETIVO DE PASSAGEIROS,PODE
CE,Fortaleza,VEREADOR,SUPLENTE,MASCULINO,BRANCA,SUPERIOR COMPLETO,-4,OUTROS,PODE
CE,Fortaleza,VEREADOR,SUPLENTE,FEMININO,PARDA,ENSINO MÉDIO COMPLETO,-4,AGENTE DE SAÚDE E SANITARISTA,PODE
CE,Fortaleza,VEREADOR,SUPLENTE,FEMININO,PARDA,SUPERIOR COMPLETO,-4,ADVOGADO,REPUBLICANOS
CE,Fortaleza,VEREADOR,ELEITO POR QP,MASCULINO,BRANCA,SUPERIOR COMPLETO,-4,VEREADOR,REPUBLICANOS
CE,Fortaleza,VEREADOR,SUPLENTE,MASCULINO,BRANCA,SUPERIOR COMPLETO,-4,SERVIDOR PÚBLICO CIVIL APOSENTADO,PL
CE,Fortaleza,VEREADOR,SUPLENTE,MASCULINO,BRANCA,SUPERIOR COMPLETO,-4,BANCÁRIO E ECONOMIÁRIO,PL
CE,Fortaleza,VEREADOR,SUPLENTE,MASCULINO,PARDA,SUPERIOR COMPLETO,-4,ADVOGADO,PL
CE,Fortaleza,VEREADOR,SUPLENTE,MASCULINO,PRETA,SUPERIOR INCOMPLETO,-4,CANTOR E COMPOSITOR,PSOL
CE,Fortaleza,VEREADOR,SUPLENTE,MASCULINO,PARDA,ENSINO MÉDIO COMPLETO,-4,OUTROS,PSOL
CE,Fortaleza,VEREADOR,SUPLENTE,MASCULINO,PRETA,ENSINO MÉDIO COMPLETO,-4,OUTROS,PSOL
CE,Fortaleza,VEREADOR,SUPLENTE,FEMININO,PARDA,ENSINO MÉDIO COMPLETO,-4,OUTROS,PSOL
CE,Fortaleza,VEREADOR,SUPLENTE,MASCULINO,PARDA,SUPERIOR COMPLETO,-4,POLICIAL MILITAR,PSDB
CE,Fortaleza,VEREADOR,SUPLENTE,FEMININO,BRANCA,SUPERIOR COMPLETO,-4,VEREADOR,PSDB
CE,Fortaleza,VEREADOR,SUPLENTE,MASCULINO,BRANCA,SUPERIOR COMPLETO,-4,EMPRESÁRIO,CIDADANIA
CE,Fortaleza,VEREADOR,SUPLENTE,MASCULINO,BRANCA,SUPERIOR COMPLETO,-4,EMPRESÁRIO,PSDB
CE,Fortaleza,VEREADOR,SUPLENTE,MASCULINO,PARDA,ENSINO MÉDIO COMPLETO,-4,AGENTE POSTAL,CIDADANIA
CE,Fortaleza,VEREADOR,SUPLENTE,MASCULINO,BRANCA,SUPERIOR INCOMPLETO,-4,OUTROS,PSDB
CE,Fortaleza,VEREADOR,SUPLENTE,MASCULINO,PARDA,SUPERIOR COMPLETO,-4,ADVOGADO,PSDB
CE,Fortaleza,VEREADOR,SUPLENTE,FEMININO,PARDA,SUPERIOR INCOMPLETO,-4,OUTROS,PSDB
CE,Fortaleza,VEREADOR,SUPLENTE,MASCULINO,PRETA,SUPERIOR INCOMPLETO,-4,EMPRESÁRIO,AVANTE
CE,Fortaleza,VEREADOR,NÃO ELEITO,MASCULINO,BRANCA,SUPERIOR COMPLETO,-4,OUTROS,AVANTE
CE,Fortaleza,VEREADOR,SUPLENTE,MASCULINO,BRANCA,ENSINO MÉDIO COMPLETO,-4,OUTROS,PRD
CE,Fortaleza,VEREADOR,SUPLENTE,MASCULINO,BRANCA,ENSINO MÉDIO COMPLETO,-4,TAXISTA,PRD
CE,Fortaleza,VEREADOR,SUPLENTE,MASCULINO,BRANCA,SUPERIOR COMPLETO,-4,PRODUTOR DE ESPETÁCULOS PÚBLICOS,PRD
CE,Fortaleza,VEREADOR,SUPLENTE,FEMININO,PARDA,SUPERIOR COMPLETO,-4,ENFERMEIRO,PRD
CE,Fortaleza,VEREADOR,SUPLENTE,MASCULINO,PARDA,SUPERIOR INCOMPLETO,-4,EMPRESÁRIO,PRD
CE,Fortaleza,VEREADOR,SUPLENTE,MASCULINO,PARDA,SUPERIOR COMPLETO,-4,GERENTE,UNIÃO
CE,Fortaleza,VEREADOR,SUPLENTE,MASCULINO,BRANCA,SUPERIOR COMPLETO,-4,POLICIAL MILITAR,UNIÃO
CE,Fortaleza,VEREADOR,SUPLENTE,MASCULINO,PRETA,SUPERIOR COMPLETO,-4,BOMBEIRO MILITAR,UNIÃO
CE,Fortaleza,VEREADOR,SUPLENTE,FEMININO,BRANCA,ENSINO MÉDIO COMPLETO,-4,SACERDOTE OU MEMBRO DE ORDEM OU SEITA RELIGIOSA,UNIÃO
CE,Fortaleza,VEREADOR,ELEITO POR QP,MASCULINO,PRETA,SUPERIOR INCOMPLETO,-4,OUTROS,UNIÃO
CE,Fortaleza,VEREADOR,SUPLENTE,FEMININO,PARDA,SUPERIOR INCOMPLETO,-4,"TRADUTOR, INTÉRPRETE E FILÓLOGO",UNIÃO
CE,Fortaleza,VEREADOR,ELEITO POR QP,MASCULINO,PARDA,ENSINO MÉDIO COMPLETO,-4,VEREADOR,UNIÃO
CE,Fortaleza,VEREADOR,SUPLENTE,MASCULINO,PARDA,ENSINO MÉDIO COMPLETO,-4,VIGILANTE,MOBILIZA
CE,Fortaleza,VEREADOR,SUPLENTE,MASCULINO,PRETA,ENSINO FUNDAMENTAL INCOMPLETO,-4,COMERCIANTE,MOBILIZA
CE,Fortaleza,VEREADOR,NÃO ELEITO,MASCULINO,PARDA,ENSINO FUNDAMENTAL INCOMPLETO,-4,COMERCIANTE,AGIR
CE,Fortaleza,VEREADOR,NÃO ELEITO,MASCULINO,PARDA,ENSINO MÉDIO COMPLETO,-4,COMERCIANTE,AGIR
CE,Fortaleza,VEREADOR,NÃO ELEITO,FEMININO,BRANCA,SUPERIOR COMPLETO,-4,OUTROS,AGIR
CE,Fortaleza,VEREADOR,SUPLENTE,FEMININO,PARDA,SUPERIOR COMPLETO,-4,OUTROS,DC
CE,Fortaleza,VEREADOR,SUPLENTE,MASCULINO,BRANCA,SUPERIOR COMPLETO,-4,ADMINISTRADOR,DC
CE,Fortaleza,VEREADOR,SUPLENTE,MASCULINO,PARDA,ENSINO FUNDAMENTAL INCOMPLETO,-4,COMERCIANTE,DC
CE,Fortaleza,VEREADOR,SUPLENTE,MASCULINO,AMARELA,SUPERIOR COMPLETO,-4,MOTORISTA PARTICULAR,DC
CE,Fortaleza,VEREADOR,SUPLENTE,FEMININO,BRANCA,SUPERIOR COMPLETO,-4,OUTROS,DC
CE,Fortaleza,VEREADOR,SUPLENTE,MASCULINO,PARDA,SUPERIOR COMPLETO,-4,VEREADOR,PDT
CE,Fortaleza,VEREADOR,SUPLENTE,FEMININO,PARDA,SUPERIOR INCOMPLETO,-4,SERVIDOR PÚBLICO MUNICIPAL,PDT
CE,Fortaleza,VEREADOR,ELEITO POR MÉDIA,MASCULINO,PARDA,ENSINO MÉDIO COMPLETO,-4,COMERCIANTE,PDT
CE,Fortaleza,VEREADOR,SUPLENTE,MASCULINO,BRANCA,SUPERIOR COMPLETO,-4,MÉDICO,PDT
CE,Fortaleza,VEREADOR,SUPLENTE,FEMININO,PRETA,SUPERIOR COMPLETO,-4,MÉDICO,PC do B
CE,Fortaleza,VEREADOR,SUPLENTE,FEMININO,PARDA,SUPERIOR COMPLETO,-4,ADVOGADO,PT
CE,Fortaleza,VEREADOR,SUPLENTE,MASCULINO,BRANCA,SUPERIOR COMPLETO,-4,APOSENTADO (EXCETO SERVIDOR PÚBLICO),PT
CE,Fortaleza,VEREADOR,SUPLENTE,MASCULINO,BRANCA,ENSINO MÉDIO COMPLETO,-4,OUTROS,PT
CE,Fortaleza,VEREADOR,SUPLENTE,MASCULINO,BRANCA,SUPERIOR INCOMPLETO,-4,PROFESSOR DE ENSINO SUPERIOR,PP
CE,Fortaleza,VEREADOR,SUPLENTE,MASCULINO,PARDA,SUPERIOR COMPLETO,-4,OUTROS,PP
CE,Fortaleza,VEREADOR,SUPLENTE,MASCULINO,PARDA,ENSINO MÉDIO COMPLETO,-4,COMERCIANTE,PP
CE,Fortaleza,VEREADOR,SUPLENTE,FEMININO,PARDA,SUPERIOR COMPLETO,-4,COMERCIANTE,PP
CE,Fortaleza,VEREADOR,SUPLENTE,MASCULINO,BRANCA,ENSINO MÉDIO COMPLETO,-4,COMERCIANTE,PSD
CE,Fortaleza,VEREADOR,SUPLENTE,FEMININO,PARDA,SUPERIOR COMPLETO,-4,ADMINISTRADOR,PSD
CE,Fortaleza,VEREADOR,SUPLENTE,MASCULINO,PARDA,SUPERIOR COMPLETO,-4,VEREADOR,PSD
CE,Fortaleza,VEREADOR,SUPLENTE,FEMININO,PARDA,ENSINO MÉDIO COMPLETO,-4,COZINHEIRO,PSD
CE,Fortaleza,VEREADOR,SUPLENTE,FEMININO,BRANCA,SUPERIOR COMPLETO,-4,ENGENHEIRO,PSD
CE,Fortaleza,VEREADOR,SUPLENTE,FEMININO,PRETA,SUPERIOR COMPLETO,-4,VEREADOR,PSD
CE,Fortaleza,VEREADOR,ELEITO POR QP,MASCULINO,BRANCA,SUPERIOR COMPLETO,-4,VEREADOR,PSD
CE,Fortaleza,VEREADOR,ELEITO POR QP,MASCULINO,PARDA,SUPERIOR INCOMPLETO,-4,GERENTE,PSD
CE,Fortaleza,VEREADOR,SUPLENTE,FEMININO,BRANCA,SUPERIOR COMPLETO,-4,EMPRESÁRIO,PSD
CE,Fortaleza,VEREADOR,SUPLENTE,MASCULINO,PARDA,SUPERIOR COMPLETO,-4,POLICIAL MILITAR,PSD
CE,Fortaleza,VEREADOR,SUPLENTE,FEMININO,PARDA,SUPERIOR COMPLETO,-4,EMPRESÁRIO,PSD
CE,Fortaleza,VEREADOR,SUPLENTE,FEMININO,PARDA,ENSINO MÉDIO COMPLETO,-4,COMERCIANTE,PSD
CE,Fortaleza,VEREADOR,SUPLENTE,MASCULINO,BRANCA,ENSINO MÉDIO COMPLETO,-4,"TÉCNICO CONTABILIDADE, ESTATÍSTICA, ECONOMIA DOMÉSTICA E ADMINISTRAÇÃO",PSB
CE,Fortaleza,VEREADOR,SUPLENTE,FEMININO,PARDA,SUPERIOR COMPLETO,-4,SERVIDOR PÚBLICO ESTADUAL,PSB
CE,Fortaleza,VEREADOR,SUPLENTE,MASCULINO,PARDA,ENSINO MÉDIO COMPLETO,-4,CABELEIREIRO E BARBEIRO,PSB
CE,Fortaleza,VEREADOR,SUPLENTE,MASCULINO,PARDA,ENSINO FUNDAMENTAL INCOMPLETO,-4,EMPRESÁRIO,PSB
CE,Fortaleza,VEREADOR,SUPLENTE,MASCULINO,PARDA,SUPERIOR COMPLETO,-4,SERVIDOR PÚBLICO ESTADUAL,PSB
CE,Fortaleza,VEREADOR,NÃO ELEITO,FEMININO,PARDA,ENSINO FUNDAMENTAL COMPLETO,-4,OUTROS,MDB
CE,Fortaleza,VEREADOR,NÃO ELEITO,MASCULINO,BRANCA,SUPERIOR COMPLETO,-4,PROFESSOR DE ENSINO MÉDIO,MDB
CE,Fortaleza,VEREADOR,NÃO ELEITO,FEMININO,BRANCA,SUPERIOR COMPLETO,-4,AGENTE DE SAÚDE E SANITARISTA,MDB
CE,Fortaleza,VEREADOR,NÃO ELEITO,MASCULINO,BRANCA,SUPERIOR COMPLETO,-4,OUTROS,MDB
CE,Fortaleza,VEREADOR,NÃO ELEITO,MASCULINO,AMARELA,ENSINO MÉDIO COMPLETO,-4,ARTESÃO,NOVO
CE,Fortaleza,VEREADOR,NÃO ELEITO,FEMININO,PARDA,SUPERIOR COMPLETO,-4,ADVOGADO,NOVO
CE,Fortaleza,VICE-PREFEITO,NÃO ELEITO,FEMININO,PARDA,SUPERIOR COMPLETO,-4,ODONTÓLOGO,NOVO
CE,Fortaleza,VICE-PREFEITO,2º TURNO,FEMININO,BRANCA,SUPERIOR COMPLETO,-4,ADVOGADO,PL
CE,Fortaleza,VEREADOR,NÃO ELEITO,MASCULINO,BRANCA,SUPERIOR COMPLETO,-4,OUTROS,UP
CE,Fortaleza,VEREADOR,NÃO ELEITO,MASCULINO,PARDA,ENSINO MÉDIO INCOMPLETO,-4,MECÂNICO DE MANUTENÇÃO,PRD
CE,Fortaleza,VEREADOR,NÃO ELEITO,MASCULINO,PARDA,SUPERIOR COMPLETO,-4,SACERDOTE OU MEMBRO DE ORDEM OU SEITA RELIGIOSA,NOVO
CE,Fortaleza,VEREADOR,#NULO,FEMININO,BRANCA,SUPERIOR COMPLETO,-4,ADVOGADO,AGIR
CE,Fortaleza,VEREADOR,#NULO,FEMININO,PARDA,SUPERIOR COMPLETO,-4,ENFERMEIRO,DC
CE,Fortaleza,VEREADOR,#NULO,FEMININO,PARDA,ENSINO FUNDAMENTAL INCOMPLETO,-4,DONA DE CASA,DC
CE,Fortaleza,PREFEITO,NÃO ELEITO,MASCULINO,BRANCA,SUPERIOR COMPLETO,-4,DEPUTADO,PL
CE,Fortaleza,PREFEITO,ELEITO,MASCULINO,BRANCA,SUPERIOR COMPLETO,-4,DEPUTADO,PT
CE,Fortaleza,VEREADOR,SUPLENTE,FEMININO,BRANCA,ENSINO MÉDIO COMPLETO,-4,EMPRESÁRIO,PODE
CE,Fortaleza,VEREADOR,SUPLENTE,MASCULINO,PARDA,SUPERIOR COMPLETO,-4,TAXISTA,PODE
CE,Fortaleza,VEREADOR,SUPLENTE,FEMININO,PARDA,SUPERIOR INCOMPLETO,-4,DONA DE CASA,PODE
CE,Fortaleza,VEREADOR,SUPLENTE,MASCULINO,PARDA,SUPERIOR INCOMPLETO,-4,OUTROS,PODE
CE,Fortaleza,VEREADOR,SUPLENTE,FEMININO,BRANCA,SUPERIOR INCOMPLETO,-4,EMPRESÁRIO,PODE
CE,Fortaleza,VEREADOR,SUPLENTE,MASCULINO,PARDA,SUPERIOR COMPLETO,-4,PROFESSOR E INSTRUTOR DE FORMAÇÃO PROFISSIONAL,REPUBLICANOS
CE,Fortaleza,VEREADOR,SUPLENTE,MASCULINO,PARDA,SUPERIOR COMPLETO,-4,LOCUTOR E COMENTARISTA DE RÁDIO E TELEVISÃO E RADIALISTA,REPUBLICANOS
CE,Fortaleza,VEREADOR,SUPLENTE,MASCULINO,PARDA,SUPERIOR COMPLETO,-4,ADVOGADO,REPUBLICANOS
CE,Fortaleza,VEREADOR,SUPLENTE,MASCULINO,BRANCA,ENSINO MÉDIO COMPLETO,-4,COMERCIANTE,PL
CE,Fortaleza,VEREADOR,ELEITO POR QP,MASCULINO,BRANCA,SUPERIOR COMPLETO,-4,VEREADOR,PL
CE,Fortaleza,VEREADOR,SUPLENTE,FEMININO,BRANCA,SUPERIOR COMPLETO,-4,ADVOGADO,PL
CE,Fortaleza,VEREADOR,SUPLENTE,FEMININO,BRANCA,SUPERIOR COMPLETO,-4,SERVIDOR PÚBLICO ESTADUAL,PL
CE,Fortaleza,VEREADOR,SUPLENTE,FEMININO,PARDA,SUPERIOR COMPLETO,-4,TERAPEUTA,PL
CE,Fortaleza,VEREADOR,ELEITO POR QP,MASCULINO,PARDA,SUPERIOR COMPLETO,-4,POLICIAL CIVIL,PL
CE,Fortaleza,VEREADOR,SUPLENTE,MASCULINO,BRANCA,ENSINO MÉDIO COMPLETO,-4,EMPRESÁRIO,REDE
CE,Fortaleza,VEREADOR,SUPLENTE,FEMININO,PRETA,ENSINO MÉDIO COMPLETO,-4,TRABALHADOR DE FABRICAÇÃO DE ROUPAS,PSOL
CE,Fortaleza,VEREADOR,SUPLENTE,FEMININO,BRANCA,ENSINO FUNDAMENTAL COMPLETO,-4,CABELEIREIRO E BARBEIRO,PSDB
CE,Fortaleza,VEREADOR,SUPLENTE,MASCULINO,PARDA,ENSINO MÉDIO COMPLETO,-4,TRABALHADOR DE FABRICAÇÃO DE CALÇADOS E ARTEFATOS DE COURO,PSDB
CE,Fortaleza,VEREADOR,SUPLENTE,MASCULINO,BRANCA,ENSINO MÉDIO COMPLETO,-4,EMPRESÁRIO,CIDADANIA
CE,Fortaleza,VEREADOR,SUPLENTE,MASCULINO,BRANCA,SUPERIOR COMPLETO,-4,PROFESSOR DE ENSINO DE PRIMEIRO E SEGUNDO GRAUS,PSDB
CE,Fortaleza,VEREADOR,SUPLENTE,MASCULINO,PARDA,ENSINO MÉDIO COMPLETO,-4,TAXISTA,AVANTE
CE,Fortaleza,VEREADOR,SUPLENTE,FEMININO,PRETA,SUPERIOR INCOMPLETO,-4,OUTROS,AVANTE
CE,Fortaleza,VEREADOR,SUPLENTE,MASCULINO,PARDA,SUPERIOR COMPLETO,-4,PROFESSOR DE ENSINO MÉDIO,AVANTE
CE,Fortaleza,VEREADOR,SUPLENTE,FEMININO,PRETA,ENSINO MÉDIO COMPLETO,-4,OUTROS,AVANTE
CE,Fortaleza,VEREADOR,ELEITO POR MÉDIA,MASCULINO,BRANCA,SUPERIOR COMPLETO,-4,ADVOGADO,AVANTE
CE,Fortaleza,VEREADOR,SUPLENTE,FEMININO,BRANCA,SUPERIOR INCOMPLETO,-4,OUTROS,AVANTE
CE,Fortaleza,VEREADOR,SUPLENTE,FEMININO,PRETA,SUPERIOR COMPLETO,-4,ASSISTENTE SOCIAL,PRD
CE,Fortaleza,VEREADOR,SUPLENTE,FEMININO,PARDA,SUPERIOR COMPLETO,-4,EMPRESÁRIO,PRD
CE,Fortaleza,VEREADOR,SUPLENTE,FEMININO,PARDA,SUPERIOR COMPLETO,-4,ASSISTENTE SOCIAL,PRD
CE,Fortaleza,VEREADOR,ELEITO POR QP,MASCULINO,PARDA,SUPERIOR COMPLETO,-4,PROFESSOR DE ENSINO DE PRIMEIRO E SEGUNDO GRAUS,PRD
CE,Fortaleza,VEREADOR,SUPLENTE,MASCULINO,BRANCA,ENSINO FUNDAMENTAL COMPLETO,-4,OUTROS,UNIÃO
CE,Fortaleza,VEREADOR,SUPLENTE,MASCULINO,PRETA,SUPERIOR COMPLETO,-4,EMPRESÁRIO,MOBILIZA
CE,Fortaleza,VEREADOR,SUPLENTE,MASCULINO,PARDA,SUPERIOR COMPLETO,-4,POLICIAL MILITAR,MOBILIZA
CE,Fortaleza,VEREADOR,SUPLENTE,MASCULINO,PARDA,SUPERIOR COMPLETO,-4,COMERCIANTE,MOBILIZA
CE,Fortaleza,VEREADOR,ELEITO POR QP,MASCULINO,BRANCA,SUPERIOR COMPLETO,-4,VEREADOR,MOBILIZA
CE,Fortaleza,VEREADOR,SUPLENTE,MASCULINO,BRANCA,SUPERIOR COMPLETO,-4,OUTROS,MOBILIZA
CE,Fortaleza,VEREADOR,NÃO ELEITO,MASCULINO,PRETA,ENSINO MÉDIO COMPLETO,-4,OUTROS,AGIR
CE,Fortaleza,VEREADOR,NÃO ELEITO,MASCULINO,PARDA,ENSINO FUNDAMENTAL COMPLETO,-4,EMPRESÁRIO,AGIR
CE,Fortaleza,VEREADOR,NÃO ELEITO,MASCULINO,PARDA,ENSINO MÉDIO COMPLETO,-4,ELETRICISTA E ASSEMELHADOS,AGIR
CE,Fortaleza,VEREADOR,NÃO ELEITO,MASCULINO,PARDA,SUPERIOR COMPLETO,-4,SERVIDOR PÚBLICO ESTADUAL,AGIR
CE,Fortaleza,VEREADOR,NÃO ELEITO,FEMININO,PRETA,ENSINO MÉDIO COMPLETO,-4,CABELEIREIRO E BARBEIRO,AGIR
CE,Fortaleza,VEREADOR,SUPLENTE,MASCULINO,PARDA,SUPERIOR COMPLETO,-4,OUTROS,DC
CE,Fortaleza,VEREADOR,SUPLENTE,FEMININO,BRANCA,ENSINO MÉDIO COMPLETO,-4,OUTROS,DC
CE,Fortaleza,VEREADOR,SUPLENTE,FEMININO,PARDA,SUPERIOR COMPLETO,-4,PROFESSOR DE ENSINO SUPERIOR,DC
CE,Fortaleza,VEREADOR,ELEITO POR QP,FEMININO,PARDA,SUPERIOR COMPLETO,-4,FONOAUDIÓLOGO,DC
CE,Fortaleza,VEREADOR,SUPLENTE,MASCULINO,PARDA,ENSINO MÉDIO INCOMPLETO,-4,OUTROS,DC
CE,Fortaleza,VEREADOR,SUPLENTE,MASCULINO,BRANCA,SUPERIOR COMPLETO,-4,ADMINISTRADOR,PDT
CE,Fortaleza,VEREADOR,SUPLENTE,FEMININO,PARDA,ENSINO MÉDIO COMPLETO,-4,EMPRESÁRIO,PDT
CE,Fortaleza,VEREADOR,SUPLENTE,MASCULINO,PARDA,ENSINO FUNDAMENTAL COMPLETO,-4,PESCADOR,PT
CE,Fortaleza,VEREADOR,SUPLENTE,MASCULINO,BRANCA,SUPERIOR COMPLETO,-4,ODONTÓLOGO,PV
CE,Fortaleza,VEREADOR,SUPLENTE,MASCULINO,PARDA,SUPERIOR COMPLETO,-4,SERVIDOR PÚBLICO MUNICIPAL,PV
CE,Fortaleza,VEREADOR,SUPLENTE,FEMININO,BRANCA,SUPERIOR COMPLETO,-4,PROFESSOR DE ENSINO MÉDIO,PT
CE,Fortaleza,VEREADOR,SUPLENTE,MASCULINO,PARDA,SUPERIOR INCOMPLETO,-4,"ESTUDANTE, BOLSISTA, ESTAGIÁRIO E ASSEMELHADOS",PP
CE,Fortaleza,VEREADOR,SUPLENTE,FEMININO,BRANCA,SUPERIOR COMPLETO,-4,SERVIDOR PÚBLICO FEDERAL,PP
CE,Fortaleza,VEREADOR,SUPLENTE,FEMININO,PARDA,SUPERIOR COMPLETO,-4,ASSISTENTE SOCIAL,PSD
CE,Fortaleza,VEREADOR,SUPLENTE,MASCULINO,PARDA,SUPERIOR INCOMPLETO,-4,EMPRESÁRIO,PSD
CE,Fortaleza,VEREADOR,SUPLENTE,MASCULINO,BRANCA,SUPERIOR COMPLETO,-4,EMPRESÁRIO,PSD
CE,Fortaleza,VEREADOR,SUPLENTE,FEMININO,BRANCA,SUPERIOR COMPLETO,-4,AUXILIAR DE ESCRITÓRIO E ASSEMELHADOS,PSD
CE,Fortaleza,VEREADOR,SUPLENTE,MASCULINO,BRANCA,ENSINO MÉDIO COMPLETO,-4,EMPRESÁRIO,PSD
CE,Fortaleza,VEREADOR,SUPLENTE,MASCULINO,PARDA,ENSINO MÉDIO COMPLETO,-4,COMERCIANTE,PSB
CE,Fortaleza,VEREADOR,SUPLENTE,MASCULINO,PARDA,SUPERIOR INCOMPLETO,-4,ADMINISTRADOR,PSB
CE,Fortaleza,VEREADOR,ELEITO POR MÉDIA,FEMININO,PARDA,ENSINO MÉDIO COMPLETO,-4,COMERCIANTE,PSB
CE,Fortaleza,VEREADOR,SUPLENTE,MASCULINO,BRANCA,SUPERIOR COMPLETO,-4,MÉDICO,PSB
CE,Fortaleza,VEREADOR,ELEITO POR QP,MASCULINO,BRANCA,SUPERIOR COMPLETO,-4,EMPRESÁRIO,PSB
CE,Fortaleza,VEREADOR,SUPLENTE,MASCULINO,BRANCA,SUPERIOR COMPLETO,-4,BOMBEIRO MILITAR,PSB
CE,Fortaleza,VEREADOR,SUPLENTE,MASCULINO,PRETA,SUPERIOR INCOMPLETO,-4,OUTROS,PSB
CE,Fortaleza,VEREADOR,NÃO ELEITO,MASCULINO,PARDA,ENSINO FUNDAMENTAL INCOMPLETO,-4,OUTROS,MDB
CE,Fortaleza,VEREADOR,NÃO ELEITO,FEMININO,BRANCA,SUPERIOR COMPLETO,-4,APOSENTADO (EXCETO SERVIDOR PÚBLICO),MDB
CE,Fortaleza,VEREADOR,NÃO ELEITO,MASCULINO,PARDA,ENSINO FUNDAMENTAL COMPLETO,-4,OUTROS,MDB
CE,Fortaleza,VEREADOR,NÃO ELEITO,MASCULINO,PARDA,ENSINO MÉDIO COMPLETO,-4,EMPRESÁRIO,MDB
CE,Fortaleza,VEREADOR,NÃO ELEITO,FEMININO,BRANCA,SUPERIOR COMPLETO,-4,REPRESENTANTE COMERCIAL,NOVO
CE,Fortaleza,VEREADOR,NÃO ELEITO,FEMININO,BRANCA,SUPERIOR COMPLETO,-4,SERVIDOR PÚBLICO FEDERAL,NOVO
CE,Fortaleza,VEREADOR,NÃO ELEITO,MASCULINO,PARDA,SUPERIOR COMPLETO,-4,MEMBRO DAS FORÇAS ARMADAS,NOVO
CE,Fortaleza,VEREADOR,NÃO ELEITO,MASCULINO,PARDA,ENSINO MÉDIO COMPLETO,-4,EMPRESÁRIO,NOVO
CE,Fortaleza,VEREADOR,NÃO ELEITO,FEMININO,BRANCA,SUPERIOR COMPLETO,-4,PSICÓLOGO,NOVO
CE,Fortaleza,VEREADOR,NÃO ELEITO,FEMININO,BRANCA,SUPERIOR COMPLETO,-4,OUTROS,NOVO
CE,Fortaleza,VEREADOR,NÃO ELEITO,FEMININO,PARDA,ENSINO MÉDIO COMPLETO,-4,POLICIAL MILITAR,AGIR
CE,Fortaleza,VEREADOR,NÃO ELEITO,MASCULINO,PARDA,SUPERIOR COMPLETO,-4,EMPRESÁRIO,MDB
CE,Fortaleza,VEREADOR,#NULO,MASCULINO,BRANCA,SUPERIOR COMPLETO,-4,SERVIDOR PÚBLICO ESTADUAL,PL
CE,Fortaleza,VEREADOR,#NULO,MASCULINO,PARDA,SUPERIOR COMPLETO,-4,PSICÓLOGO,PSD
CE,Fortaleza,PREFEITO,NÃO ELEITO,MASCULINO,BRANCA,SUPERIOR INCOMPLETO,-4,EMPRESÁRIO,SOLIDARIEDADE
CE,Fortaleza,PREFEITO,NÃO ELEITO,MASCULINO,PARDA,SUPERIOR INCOMPLETO,-4,SENADOR,NOVO
CE,Fortaleza,PREFEITO,NÃO ELEITO,MASCULINO,BRANCA,ENSINO FUNDAMENTAL INCOMPLETO,-4,TRABALHADOR DE CONSTRUÇÃO CIVIL,PSTU
CE,Fortaleza,VEREADOR,SUPLENTE,MASCULINO,PARDA,SUPERIOR COMPLETO,-4,SERVIDOR PÚBLICO ESTADUAL,PODE
CE,Fortaleza,VEREADOR,SUPLENTE,MASCULINO,PARDA,SUPERIOR COMPLETO,-4,AGENTE ADMINISTRATIVO,PODE
CE,Fortaleza,VEREADOR,SUPLENTE,MASCULINO,PARDA,SUPERIOR COMPLETO,-4,OUTROS,PODE
CE,Fortaleza,VEREADOR,SUPLENTE,MASCULINO,PARDA,ENSINO MÉDIO COMPLETO,-4,POLICIAL MILITAR,REPUBLICANOS
CE,Fortaleza,VEREADOR,SUPLENTE,MASCULINO,PARDA,ENSINO MÉDIO COMPLETO,-4,"PORTEIRO DE EDIFÍCIO, ASCENSORISTA, GARAGISTA E ZELADOR",REPUBLICANOS
CE,Fortaleza,VEREADOR,SUPLENTE,FEMININO,PRETA,ENSINO MÉDIO COMPLETO,-4,ADMINISTRADOR,REPUBLICANOS
CE,Fortaleza,VEREADOR,SUPLENTE,MASCULINO,PRETA,SUPERIOR COMPLETO,-4,POLICIAL MILITAR,REPUBLICANOS
CE,Fortaleza,VEREADOR,ELEITO POR MÉDIA,MASCULINO,BRANCA,SUPERIOR COMPLETO,-4,ADVOGADO,REPUBLICANOS
CE,Fortaleza,VEREADOR,SUPLENTE,MASCULINO,BRANCA,ENSINO MÉDIO COMPLETO,-4,MOTORISTA PARTICULAR,REPUBLICANOS
CE,Fortaleza,VEREADOR,SUPLENTE,MASCULINO,BRANCA,SUPERIOR COMPLETO,-4,OUTROS,PL
CE,Fortaleza,VEREADOR,SUPLENTE,MASCULINO,BRANCA,SUPERIOR COMPLETO,-4,EMPRESÁRIO,PL
CE,Fortaleza,VEREADOR,SUPLENTE,MASCULINO,BRANCA,SUPERIOR INCOMPLETO,-4,SACERDOTE OU MEMBRO DE ORDEM OU SEITA RELIGIOSA,PL
CE,Fortaleza,VEREADOR,SUPLENTE,FEMININO,PARDA,SUPERIOR COMPLETO,-4,SERVIDOR PÚBLICO MUNICIPAL,PL
CE,Fortaleza,VEREADOR,SUPLENTE,MASCULINO,BRANCA,SUPERIOR INCOMPLETO,-4,"ESTUDANTE, BOLSISTA, ESTAGIÁRIO E ASSEMELHADOS",PL
CE,Fortaleza,VEREADOR,SUPLENTE,MASCULINO,PARDA,SUPERIOR COMPLETO,-4,SERVIDOR PÚBLICO ESTADUAL,PSOL
CE,Fortaleza,VEREADOR,SUPLENTE,MASCULINO,PARDA,SUPERIOR INCOMPLETO,-4,EMPRESÁRIO,REDE
CE,Fortaleza,VEREADOR,SUPLENTE,FEMININO,PARDA,ENSINO MÉDIO COMPLETO,-4,OUTROS,PSDB
CE,Fortaleza,VEREADOR,SUPLENTE,MASCULINO,AMARELA,ENSINO MÉDIO COMPLETO,-4,COMERCIANTE,PSDB
CE,Fortaleza,VEREADOR,ELEITO POR QP,FEMININO,PARDA,SUPERIOR COMPLETO,-4,PEDAGOGO,AVANTE
CE,Fortaleza,VEREADOR,SUPLENTE,FEMININO,PARDA,ENSINO MÉDIO COMPLETO,-4,OUTROS,AVANTE
CE,Fortaleza,VEREADOR,SUPLENTE,MASCULINO,PARDA,SUPERIOR COMPLETO,-4,OUTROS,AVANTE
CE,Fortaleza,VEREADOR,SUPLENTE,FEMININO,BRANCA,SUPERIOR COMPLETO,-4,CONTADOR,AVANTE
CE,Fortaleza,VEREADOR,SUPLENTE,FEMININO,PARDA,ENSINO MÉDIO COMPLETO,-4,SERVIDOR PÚBLICO MUNICIPAL,PRD
CE,Fortaleza,VEREADOR,SUPLENTE,FEMININO,PARDA,SUPERIOR INCOMPLETO,-4,OUTROS,PRD
CE,Fortaleza,VEREADOR,SUPLENTE,MASCULINO,BRANCA,SUPERIOR COMPLETO,-4,ADVOGADO,PRD
CE,Fortaleza,VEREADOR,SUPLENTE,MASCULINO,PARDA,SUPERIOR COMPLETO,-4,COMERCIANTE,UNIÃO
CE,Fortaleza,VEREADOR,SUPLENTE,FEMININO,PRETA,SUPERIOR COMPLETO,-4,PROFESSOR DE ENSINO SUPERIOR,UNIÃO
CE,Fortaleza,VEREADOR,SUPLENTE,MASCULINO,PARDA,ENSINO MÉDIO COMPLETO,-4,ADMINISTRADOR,UNIÃO
CE,Fortaleza,VEREADOR,SUPLENTE,FEMININO,PARDA,SUPERIOR COMPLETO,-4,ENFERMEIRO,UNIÃO
CE,Fortaleza,VEREADOR,SUPLENTE,FEMININO,PRETA,ENSINO MÉDIO COMPLETO,-4,OUTROS,UNIÃO
CE,Fortaleza,VEREADOR,SUPLENTE,MASCULINO,PARDA,ENSINO FUNDAMENTAL COMPLETO,-4,COMERCIANTE,MOBILIZA
CE,Fortaleza,VEREADOR,SUPLENTE,MASCULINO,PARDA,SUPERIOR COMPLETO,-4,EMPRESÁRIO,MOBILIZA
CE,Fortaleza,VEREADOR,NÃO ELEITO,FEMININO,PARDA,ENSINO MÉDIO COMPLETO,-4,OUTROS,AGIR
CE,Fortaleza,VEREADOR,NÃO ELEITO,FEMININO,PARDA,ENSINO FUNDAMENTAL COMPLETO,-4,DONA DE CASA,AGIR
CE,Fortaleza,VEREADOR,SUPLENTE,FEMININO,BRANCA,SUPERIOR INCOMPLETO,-4,"ESTUDANTE, BOLSISTA, ESTAGIÁRIO E ASSEMELHADOS",DC
CE,Fortaleza,VEREADOR,SUPLENTE,FEMININO,PARDA,ENSINO FUNDAMENTAL COMPLETO,-4,OUTROS,DC
CE,Fortaleza,VEREADOR,ELEITO POR QP,MASCULINO,PARDA,SUPERIOR COMPLETO,-4,VEREADOR,PDT
CE,Fortaleza,VEREADOR,SUPLENTE,FEMININO,BRANCA,SUPERIOR COMPLETO,-4,SERVIDOR PÚBLICO MUNICIPAL,PDT
CE,Fortaleza,VEREADOR,SUPLENTE,MASCULINO,PARDA,ENSINO MÉDIO COMPLETO,-4,"TÉCNICO CONTABILIDADE, ESTATÍSTICA, ECONOMIA DOMÉSTICA E ADMINISTRAÇÃO",PDT
CE,Fortaleza,VEREADOR,SUPLENTE,FEMININO,PARDA,SUPERIOR COMPLETO,-4,AGENTE ADMINISTRATIVO,PDT
CE,Fortaleza,VEREADOR,SUPLENTE,MASCULINO,BRANCA,SUPERIOR COMPLETO,-4,BOMBEIRO MILITAR,PDT
CE,Fortaleza,VEREADOR,SUPLENTE,MASCULINO,PARDA,SUPERIOR COMPLETO,-4,ENFERMEIRO,PC do B
CE,Fortaleza,VEREADOR,SUPLENTE,MASCULINO,PRETA,SUPERIOR INCOMPLETO,-4,"ESTUDANTE, BOLSISTA, ESTAGIÁRIO E ASSEMELHADOS",PT
CE,Fortaleza,VEREADOR,SUPLENTE,MASCULINO,BRANCA,ENSINO MÉDIO COMPLETO,-4,OUTROS,PV
CE,Fortaleza,VEREADOR,SUPLENTE,MASCULINO,BRANCA,SUPERIOR COMPLETO,-4,OUTROS,PT
CE,Fortaleza,VEREADOR,SUPLENTE,MASCULINO,BRANCA,SUPERIOR COMPLETO,-4,MÉDICO,PP
CE,Fortaleza,VEREADOR,SUPLENTE,FEMININO,PARDA,SUPERIOR COMPLETO,-4,AGENTE ADMINISTRATIVO,PP
CE,Fortaleza,VEREADOR,SUPLENTE,FEMININO,BRANCA,ENSINO FUNDAMENTAL INCOMPLETO,-4,COZINHEIRO,PP
CE,Fortaleza,VEREADOR,SUPLENTE,MASCULINO,BRANCA,ENSINO MÉDIO COMPLETO,-4,AUXILIAR DE ESCRITÓRIO E ASSEMELHADOS,PP
CE,Fortaleza,VEREADOR,SUPLENTE,FEMININO,BRANCA,ENSINO MÉDIO COMPLETO,-4,OUTROS,PSD
CE,Fortaleza,VEREADOR,ELEITO POR QP,MASCULINO,PARDA,ENSINO MÉDIO COMPLETO,-4,"ESTUDANTE, BOLSISTA, ESTAGIÁRIO E ASSEMELHADOS",PSD
CE,Fortaleza,VEREADOR,SUPLENTE,MASCULINO,PARDA,SUPERIOR COMPLETO,-4,EMPRESÁRIO,PSD
CE,Fortaleza,VEREADOR,SUPLENTE,MASCULINO,PARDA,ENSINO FUNDAMENTAL INCOMPLETO,-4,MOTORISTA DE VEÍCULOS DE TRANSPORTE COLETIVO DE PASSAGEIROS,PSB
CE,Fortaleza,VEREADOR,SUPLENTE,FEMININO,BRANCA,SUPERIOR COMPLETO,-4,PEDAGOGO,PSB
CE,Fortaleza,VEREADOR,SUPLENTE,MASCULINO,BRANCA,ENSINO MÉDIO COMPLETO,-4,ATOR E DIRETOR DE ESPETÁCULOS PÚBLICOS,PSB
CE,Fortaleza,VEREADOR,SUPLENTE,MASCULINO,PRETA,ENSINO MÉDIO COMPLETO,-4,"FEIRANTE, AMBULANTE E MASCATE",PSB
CE,Fortaleza,VEREADOR,SUPLENTE,MASCULINO,PARDA,ENSINO FUNDAMENTAL INCOMPLETO,-4,OUTROS,PSB
CE,Fortaleza,VEREADOR,SUPLENTE,MASCULINO,PARDA,ENSINO MÉDIO COMPLETO,-4,APOSENTADO (EXCETO SERVIDOR PÚBLICO),PSB
CE,Fortaleza,VEREADOR,NÃO ELEITO,FEMININO,PARDA,SUPERIOR INCOMPLETO,-4,OUTROS,MDB
CE,Fortaleza,VEREADOR,NÃO ELEITO,MASCULINO,PARDA,SUPERIOR INCOMPLETO,-4,OUTROS,MDB
CE,Fortaleza,VEREADOR,NÃO ELEITO,FEMININO,PARDA,ENSINO MÉDIO COMPLETO,-4,OUTROS,MDB
CE,Fortaleza,VEREADOR,NÃO ELEITO,MASCULINO,BRANCA,SUPERIOR COMPLETO,-4,POLICIAL CIVIL,NOVO
CE,Fortaleza,VEREADOR,NÃO ELEITO,FEMININO,BRANCA,SUPERIOR COMPLETO,-4,APOSENTADO (EXCETO SERVIDOR PÚBLICO),NOVO
CE,Fortaleza,VEREADOR,NÃO ELEITO,FEMININO,PARDA,SUPERIOR INCOMPLETO,-4,EMPRESÁRIO,NOVO
CE,Fortaleza,VEREADOR,NÃO ELEITO,MASCULINO,PRETA,SUPERIOR COMPLETO,-4,EMPRESÁRIO,NOVO
CE,Fortaleza,VEREADOR,NÃO ELEITO,MASCULINO,PARDA,ENSINO MÉDIO INCOMPLETO,-4,CABELEIREIRO E BARBEIRO,NOVO
CE,Fortaleza,VEREADOR,NÃO ELEITO,MASCULINO,PARDA,SUPERIOR INCOMPLETO,-4,AUXILIAR DE ESCRITÓRIO E ASSEMELHADOS,NOVO
CE,Fortaleza,VICE-PREFEITO,NÃO ELEITO,FEMININO,PARDA,SUPERIOR COMPLETO,-4,SERVIDOR PÚBLICO MUNICIPAL,UNIÃO
CE,Fortaleza,VEREADOR,NÃO ELEITO,FEMININO,BRANCA,ENSINO MÉDIO COMPLETO,-4,COMERCIANTE,AGIR
CE,Fortaleza,VEREADOR,#NULO,FEMININO,PARDA,SUPERIOR COMPLETO,-4,ARQUITETO,PSDB
CE,Fortaleza,VEREADOR,#NULO,MASCULINO,BRANCA,SUPERIOR COMPLETO,-4,SERVIDOR PÚBLICO FEDERAL,UNIÃO
CE,Fortaleza,PREFEITO,NÃO ELEITO,MASCULINO,PRETA,ENSINO MÉDIO COMPLETO,-4,OUTROS,PSOL
CE,Fortaleza,VEREADOR,SUPLENTE,MASCULINO,BRANCA,ENSINO MÉDIO COMPLETO,-4,OUTROS,PODE
CE,Fortaleza,VEREADOR,ELEITO POR QP,MASCULINO,BRANCA,SUPERIOR COMPLETO,-4,VEREADOR,PODE
CE,Fortaleza,VEREADOR,SUPLENTE,FEMININO,PRETA,ENSINO MÉDIO COMPLETO,-4,SERVIDOR PÚBLICO MUNICIPAL,PODE
CE,Fortaleza,VEREADOR,SUPLENTE,FEMININO,BRANCA,SUPERIOR COMPLETO,-4,POLICIAL CIVIL,PODE
CE,Fortaleza,VEREADOR,SUPLENTE,MASCULINO,PARDA,ENSINO FUNDAMENTAL INCOMPLETO,-4,COMERCIANTE,PODE
CE,Fortaleza,VEREADOR,SUPLENTE,FEMININO,PRETA,ENSINO FUNDAMENTAL INCOMPLETO,-4,OUTROS,PODE
CE,Fortaleza,VEREADOR,SUPLENTE,FEMININO,BRANCA,SUPERIOR COMPLETO,-4,OUTROS,REPUBLICANOS
CE,Fortaleza,VEREADOR,SUPLENTE,MASCULINO,PARDA,SUPERIOR COMPLETO,-4,OUTROS,REPUBLICANOS
CE,Fortaleza,VEREADOR,SUPLENTE,MASCULINO,PARDA,ENSINO MÉDIO COMPLETO,-4,LOCUTOR E COMENTARISTA DE RÁDIO E TELEVISÃO E RADIALISTA,PL
CE,Fortaleza,VEREADOR,SUPLENTE,MASCULINO,PARDA,ENSINO MÉDIO COMPLETO,-4,COMUNICÓLOGO,PL
CE,Fortaleza,VEREADOR,SUPLENTE,MASCULINO,PARDA,SUPERIOR INCOMPLETO,-4,SERVIDOR PÚBLICO ESTADUAL,PL
CE,Fortaleza,VEREADOR,SUPLENTE,FEMININO,BRANCA,SUPERIOR INCOMPLETO,-4,GUIA DE TURISMO,PL
CE,Fortaleza,VEREADOR,SUPLENTE,MASCULINO,BRANCA,SUPERIOR COMPLETO,-4,BANCÁRIO E ECONOMIÁRIO,PSOL
CE,Fortaleza,VEREADOR,SUPLENTE,FEMININO,PRETA,SUPERIOR COMPLETO,-4,PROFESSOR DE ENSINO SUPERIOR,PSOL
CE,Fortaleza,VEREADOR,SUPLENTE,MASCULINO,BRANCA,SUPERIOR COMPLETO,-4,PROFESSOR DE ENSINO FUNDAMENTAL,PSOL
CE,Fortaleza,VEREADOR,SUPLENTE,MASCULINO,BRANCA,SUPERIOR COMPLETO,-4,ASSISTENTE SOCIAL,PSOL
CE,Fortaleza,VEREADOR,ELEITO POR QP,MASCULINO,BRANCA,SUPERIOR COMPLETO,-4,VEREADOR,PSOL
CE,Fortaleza,VEREADOR,SUPLENTE,FEMININO,PARDA,ENSINO MÉDIO COMPLETO,-4,MOTORISTA PARTICULAR,PSOL
CE,Fortaleza,VEREADOR,SUPLENTE,MASCULINO,PARDA,ENSINO FUNDAMENTAL COMPLETO,-4,OUTROS,PSDB
CE,Fortaleza,VEREADOR,SUPLENTE,MASCULINO,PRETA,SUPERIOR COMPLETO,-4,SERVIDOR PÚBLICO MUNICIPAL,PSDB
CE,Fortaleza,VEREADOR,SUPLENTE,MASCULINO,PARDA,ENSINO FUNDAMENTAL COMPLETO,-4,MOTOBOY,PSDB
CE,Fortaleza,VEREADOR,SUPLENTE,MASCULINO,BRANCA,SUPERIOR COMPLETO,-4,PROFESSOR E INSTRUTOR DE FORMAÇÃO PROFISSIONAL,CIDADANIA
CE,Fortaleza,VEREADOR,SUPLENTE,MASCULINO,PARDA,ENSINO MÉDIO COMPLETO,-4,RELAÇÕES-PÚBLICAS,AVANTE
CE,Fortaleza,VEREADOR,SUPLENTE,MASCULINO,PARDA,ENSINO MÉDIO COMPLETO,-4,SERVIDOR PÚBLICO FEDERAL,AVANTE
CE,Fortaleza,VEREADOR,SUPLENTE,FEMININO,BRANCA,SUPERIOR INCOMPLETO,-4,OUTROS,PRD
CE,Fortaleza,VEREADOR,SUPLENTE,MASCULINO,BRANCA,ENSINO MÉDIO COMPLETO,-4,SERVIDOR PÚBLICO MUNICIPAL,PRD
CE,Fortaleza,VEREADOR,SUPLENTE,MASCULINO,PARDA,SUPERIOR INCOMPLETO,-4,OUTROS,PRD
CE,Fortaleza,VEREADOR,SUPLENTE,MASCULINO,BRANCA,ENSINO MÉDIO COMPLETO,-4,PRODUTOR DE ESPETÁCULOS PÚBLICOS,PRD
CE,Fortaleza,VEREADOR,SUPLENTE,MASCULINO,BRANCA,SUPERIOR INCOMPLETO,-4,BANCÁRIO E ECONOMIÁRIO,PRD
CE,Fortaleza,VEREADOR,SUPLENTE,MASCULINO,BRANCA,SUPERIOR COMPLETO,-4,APOSENTADO (EXCETO SERVIDOR PÚBLICO),PRD
CE,Fortaleza,VEREADOR,SUPLENTE,MASCULINO,PARDA,SUPERIOR INCOMPLETO,-4,COMERCIANTE,PRD
CE,Fortaleza,VEREADOR,SUPLENTE,MASCULINO,PRETA,ENSINO MÉDIO COMPLETO,-4,OUTROS,PRD
CE,Fortaleza,VEREADOR,SUPLENTE,FEMININO,BRANCA,SUPERIOR COMPLETO,-4,EMPRESÁRIO,UNIÃO
CE,Fortaleza,VEREADOR,SUPLENTE,MASCULINO,PARDA,ENSINO MÉDIO COMPLETO,-4,OUTROS,UNIÃO
CE,Fortaleza,VEREADOR,SUPLENTE,MASCULINO,PARDA,ENSINO MÉDIO COMPLETO,-4,TAXISTA,UNIÃO
CE,Fortaleza,VEREADOR,SUPLENTE,MASCULINO,PRETA,SUPERIOR INCOMPLETO,-4,COMERCIANTE,MOBILIZA
CE,Fortaleza,VEREADOR,SUPLENTE,MASCULINO,PARDA,ENSINO MÉDIO COMPLETO,-4,SERVIDOR PÚBLICO MUNICIPAL,MOBILIZA
CE,Fortaleza,VEREADOR,SUPLENTE,FEMININO,BRANCA,ENSINO MÉDIO COMPLETO,-4,SERVIDOR PÚBLICO MUNICIPAL,MOBILIZA
CE,Fortaleza,VEREADOR,NÃO ELEITO,FEMININO,BRANCA,SUPERIOR COMPLETO,-4,PROFESSOR DE ENSINO FUNDAMENTAL,AGIR
CE,Fortaleza,VEREADOR,NÃO ELEITO,MASCULINO,PARDA,SUPERIOR INCOMPLETO,-4,OUTROS,AGIR
CE,Fortaleza,VEREADOR,NÃO ELEITO,FEMININO,BRANCA,SUPERIOR COMPLETO,-4,ADVOGADO,AGIR
CE,Fortaleza,VEREADOR,NÃO ELEITO,MASCULINO,BRANCA,SUPERIOR INCOMPLETO,-4,VENDEDOR DE COMÉRCIO VAREJISTA E ATACADISTA,AGIR
CE,Fortaleza,VEREADOR,NÃO ELEITO,FEMININO,PARDA,SUPERIOR COMPLETO,-4,"ESTUDANTE, BOLSISTA, ESTAGIÁRIO E ASSEMELHADOS",AGIR
CE,Fortaleza,VEREADOR,NÃO ELEITO,MASCULINO,PARDA,ENSINO FUNDAMENTAL INCOMPLETO,-4,OUTROS,AGIR
CE,Fortaleza,VEREADOR,NÃO ELEITO,MASCULINO,BRANCA,ENSINO MÉDIO INCOMPLETO,-4,OUTROS,AGIR
CE,Fortaleza,VEREADOR,SUPLENTE,MASCULINO,BRANCA,ENSINO MÉDIO COMPLETO,-4,REPRESENTANTE COMERCIAL,DC
CE,Fortaleza,VEREADOR,SUPLENTE,FEMININO,BRANCA,SUPERIOR COMPLETO,-4,ADVOGADO,DC
CE,Fortaleza,VEREADOR,SUPLENTE,FEMININO,BRANCA,SUPERIOR COMPLETO,-4,ADMINISTRADOR,DC
CE,Fortaleza,VEREADOR,SUPLENTE,FEMININO,PARDA,ENSINO MÉDIO INCOMPLETO,-4,DONA DE CASA,DC
CE,Fortaleza,VEREADOR,SUPLENTE,MASCULINO,PARDA,SUPERIOR COMPLETO,-4,COMERCIANTE,DC
CE,Fortaleza,VEREADOR,SUPLENTE,FEMININO,BRANCA,SUPERIOR COMPLETO,-4,PROFESSOR DE ENSINO MÉDIO,PDT
CE,Fortaleza,VEREADOR,SUPLENTE,FEMININO,BRANCA,SUPERIOR COMPLETO,-4,ENFERMEIRO,PDT
CE,Fortaleza,VEREADOR,SUPLENTE,MASCULINO,BRANCA,SUPERIOR COMPLETO,-4,GERENTE,PDT
CE,Fortaleza,VEREADOR,SUPLENTE,FEMININO,BRANCA,SUPERIOR COMPLETO,-4,SERVENTUÁRIO DE JUSTIÇA,PT
CE,Fortaleza,VEREADOR,SUPLENTE,MASCULINO,BRANCA,SUPERIOR COMPLETO,-4,ARQUITETO,PT
CE,Fortaleza,VEREADOR,SUPLENTE,MASCULINO,PARDA,SUPERIOR COMPLETO,-4,SERVIDOR PÚBLICO FEDERAL,PT
CE,Fortaleza,VEREADOR,SUPLENTE,MASCULINO,PARDA,SUPERIOR COMPLETO,-4,POLICIAL MILITAR,PP
CE,Fortaleza,VEREADOR,SUPLENTE,FEMININO,PARDA,ENSINO FUNDAMENTAL INCOMPLETO,-4,GERENTE,PP
CE,Fortaleza,VEREADOR,SUPLENTE,MASCULINO,PARDA,ENSINO MÉDIO COMPLETO,-4,TRABALHADOR DE CONSTRUÇÃO CIVIL,PP
CE,Fortaleza,VEREADOR,ELEITO POR QP,MASCULINO,PARDA,SUPERIOR INCOMPLETO,-4,TÉCNICO EM INFORMÁTICA,PP
CE,Fortaleza,VEREADOR,SUPLENTE,MASCULINO,PARDA,SUPERIOR COMPLETO,-4,SERVIDOR PÚBLICO FEDERAL,PP
CE,Fortaleza,VEREADOR,SUPLENTE,MASCULINO,PRETA,ENSINO MÉDIO COMPLETO,-4,COMERCIANTE,PSD
CE,Fortaleza,VEREADOR,SUPLENTE,MASCULINO,BRANCA,SUPERIOR INCOMPLETO,-4,EMPRESÁRIO,PSD
CE,Fortaleza,VEREADOR,SUPLENTE,FEMININO,PRETA,ENSINO MÉDIO COMPLETO,-4,OUTROS,PSD
CE,Fortaleza,VEREADOR,SUPLENTE,MASCULINO,PRETA,ENSINO MÉDIO COMPLETO,-4,AGENTE ADMINISTRATIVO,PSB
CE,Fortaleza,VEREADOR,SUPLENTE,MASCULINO,PARDA,ENSINO MÉDIO COMPLETO,-4,ATLETA PROFISSIONAL E TÉCNICO EM DESPORTOS,PSB
CE,Fortaleza,VEREADOR,SUPLENTE,MASCULINO,BRANCA,SUPERIOR COMPLETO,-4,SERVIDOR PÚBLICO CIVIL APOSENTADO,PSB
CE,Fortaleza,VEREADOR,SUPLENTE,FEMININO,BRANCA,SUPERIOR INCOMPLETO,-4,OUTROS,PSB
CE,Fortaleza,VEREADOR,NÃO ELEITO,MASCULINO,PRETA,SUPERIOR INCOMPLETO,-4,AGENTE DE SAÚDE E SANITARISTA,MDB
CE,Fortaleza,VEREADOR,NÃO ELEITO,MASCULINO,PRETA,ENSINO FUNDAMENTAL COMPLETO,-4,OUTROS,MDB
CE,Fortaleza,VEREADOR,NÃO ELEITO,FEMININO,PRETA,ENSINO MÉDIO COMPLETO,-4,COMERCIANTE,MDB
CE,Fortaleza,VEREADOR,NÃO ELEITO,MASCULINO,PARDA,SUPERIOR COMPLETO,-4,PSICÓLOGO,MDB
CE,Fortaleza,VEREADOR,NÃO ELEITO,MASCULINO,BRANCA,SUPERIOR COMPLETO,-4,"ESTUDANTE, BOLSISTA, ESTAGIÁRIO E ASSEMELHADOS",NOVO
CE,Fortaleza,VEREADOR,NÃO ELEITO,MASCULINO,PARDA,SUPERIOR COMPLETO,-4,MILITAR REFORMADO,NOVO
CE,Fortaleza,VICE-PREFEITO,NÃO ELEITO,MASCULINO,BRANCA,SUPERIOR COMPLETO,-4,SOCIÓLOGO,PDT
CE,Fortaleza,VICE-PREFEITO,NÃO ELEITO,FEMININO,PRETA,ENSINO MÉDIO COMPLETO,-4,SERVIDOR PÚBLICO MUNICIPAL,PSTU
CE,Fortaleza,VEREADOR,NÃO ELEITO,FEMININO,BRANCA,SUPERIOR COMPLETO,-4,ADMINISTRADOR,AGIR
RN,Natal,VEREADOR,NÃO ELEITO,MASCULINO,BRANCA,SUPERIOR COMPLETO,-4,ADMINISTRADOR,PSB
RN,Natal,VEREADOR,NÃO ELEITO,MASCULINO,BRANCA,ENSINO FUNDAMENTAL COMPLETO,-4,COZINHEIRO,PT
RN,Natal,VEREADOR,#NULO,MASCULINO,PRETA,ENSINO MÉDIO COMPLETO,-4,COMERCIANTE,MDB
RN,Natal,VEREADOR,#NULO,FEMININO,PARDA,SUPERIOR COMPLETO,-4,OUTROS,PSDB
RN,Natal,PREFEITO,2º TURNO,MASCULINO,BRANCA,SUPERIOR INCOMPLETO,-4,EMPRESÁRIO,UNIÃO
RN,Natal,VEREADOR,NÃO ELEITO,MASCULINO,PRETA,ENSINO MÉDIO COMPLETO,-4,MOTORISTA PARTICULAR,PDT
RN,Natal,VEREADOR,NÃO ELEITO,MASCULINO,BRANCA,SUPERIOR COMPLETO,-4,EMPRESÁRIO,PDT
RN,Natal,VEREADOR,SUPLENTE,MASCULINO,BRANCA,SUPERIOR COMPLETO,-4,REPRESENTANTE COMERCIAL,PL
RN,Natal,VEREADOR,SUPLENTE,FEMININO,PARDA,SUPERIOR COMPLETO,-4,APOSENTADO (EXCETO SERVIDOR PÚBLICO),PL
RN,Natal,VEREADOR,SUPLENTE,MASCULINO,PARDA,ENSINO MÉDIO COMPLETO,-4,COZINHEIRO,PL
RN,Natal,VEREADOR,SUPLENTE,MASCULINO,PARDA,SUPERIOR COMPLETO,-4,MOTORISTA DE VEÍCULOS DE TRANSPORTE COLETIVO DE PASSAGEIROS,PL
RN,Natal,VEREADOR,SUPLENTE,FEMININO,BRANCA,SUPERIOR INCOMPLETO,-4,DONA DE CASA,PL
RN,Natal,VEREADOR,SUPLENTE,FEMININO,PRETA,ENSINO FUNDAMENTAL INCOMPLETO,-4,EMPRESÁRIO,REPUBLICANOS
RN,Natal,VEREADOR,SUPLENTE,MASCULINO,PRETA,ENSINO MÉDIO COMPLETO,-4,OUTROS,REPUBLICANOS
RN,Natal,VEREADOR,SUPLENTE,MASCULINO,PARDA,ENSINO MÉDIO COMPLETO,-4,OUTROS,REPUBLICANOS
RN,Natal,VEREADOR,ELEITO POR QP,MASCULINO,PARDA,SUPERIOR COMPLETO,-4,JORNALISTA E REDATOR,REPUBLICANOS
RN,Natal,VEREADOR,SUPLENTE,MASCULINO,PARDA,SUPERIOR COMPLETO,-4,POLICIAL MILITAR,PP
RN,Natal,VEREADOR,ELEITO POR QP,MASCULINO,BRANCA,SUPERIOR COMPLETO,-4,EMPRESÁRIO,PP
RN,Natal,VEREADOR,SUPLENTE,FEMININO,PARDA,ENSINO MÉDIO COMPLETO,-4,DONA DE CASA,SOLIDARIEDADE
RN,Natal,VEREADOR,SUPLENTE,FEMININO,BRANCA,SUPERIOR COMPLETO,-4,VENDEDOR DE COMÉRCIO VAREJISTA E ATACADISTA,SOLIDARIEDADE
RN,Natal,VEREADOR,ELEITO POR MÉDIA,MASCULINO,BRANCA,SUPERIOR COMPLETO,-4,SERVIDOR PÚBLICO MUNICIPAL,SOLIDARIEDADE
RN,Natal,VEREADOR,SUPLENTE,FEMININO,BRANCA,SUPERIOR INCOMPLETO,-4,COMERCIANTE,SOLIDARIEDADE
RN,Natal,VEREADOR,SUPLENTE,MASCULINO,PRETA,SUPERIOR COMPLETO,-4,OUTROS,SOLIDARIEDADE
RN,Natal,VEREADOR,SUPLENTE,FEMININO,BRANCA,ENSINO FUNDAMENTAL COMPLETO,-4,COMERCIANTE,SOLIDARIEDADE
RN,Natal,VEREADOR,SUPLENTE,MASCULINO,BRANCA,SUPERIOR COMPLETO,-4,POLICIAL MILITAR,SOLIDARIEDADE
RN,Natal,VEREADOR,NÃO ELEITO,FEMININO,PARDA,ENSINO FUNDAMENTAL INCOMPLETO,-4,SACERDOTE OU MEMBRO DE ORDEM OU SEITA RELIGIOSA,PRTB
RN,Natal,VEREADOR,NÃO ELEITO,FEMININO,BRANCA,ENSINO MÉDIO COMPLETO,-4,"ESTUDANTE, BOLSISTA, ESTAGIÁRIO E ASSEMELHADOS",UP
RN,Natal,VEREADOR,SUPLENTE,FEMININO,PRETA,SUPERIOR COMPLETO,-4,ENGENHEIRO,UNIÃO
RN,Natal,VEREADOR,SUPLENTE,MASCULINO,BRANCA,SUPERIOR COMPLETO,-4,VEREADOR,UNIÃO
RN,Natal,VEREADOR,SUPLENTE,FEMININO,BRANCA,SUPERIOR COMPLETO,-4,POLICIAL CIVIL,UNIÃO
RN,Natal,VEREADOR,ELEITO POR MÉDIA,MASCULINO,PARDA,SUPERIOR COMPLETO,-4,PEDAGOGO,UNIÃO
RN,Natal,VEREADOR,SUPLENTE,MASCULINO,PARDA,SUPERIOR COMPLETO,-4,SERVIDOR PÚBLICO CIVIL APOSENTADO,DC
RN,Natal,VEREADOR,SUPLENTE,FEMININO,PARDA,SUPERIOR COMPLETO,-4,ADMINISTRADOR,DC
RN,Natal,VEREADOR,NÃO ELEITO,MASCULINO,BRANCA,ENSINO MÉDIO COMPLETO,-4,OUTROS,AVANTE
RN,Natal,VEREADOR,NÃO ELEITO,MASCULINO,PARDA,ENSINO MÉDIO INCOMPLETO,-4,MILITAR REFORMADO,AVANTE
RN,Natal,VEREADOR,NÃO ELEITO,MASCULINO,PARDA,ENSINO FUNDAMENTAL COMPLETO,-4,OUTROS,AVANTE
RN,Natal,VEREADOR,NÃO ELEITO,FEMININO,PRETA,ENSINO MÉDIO INCOMPLETO,-4,OUTROS,AVANTE
RN,Natal,VEREADOR,NÃO ELEITO,FEMININO,PRETA,ENSINO MÉDIO COMPLETO,-4,OUTROS,AVANTE
RN,Natal,VEREADOR,NÃO ELEITO,FEMININO,BRANCA,SUPERIOR COMPLETO,-4,ADVOGADO,MDB
RN,Natal,VEREADOR,NÃO ELEITO,FEMININO,BRANCA,SUPERIOR COMPLETO,-4,DIRETOR DE EMPRESAS,MDB
RN,Natal,VEREADOR,NÃO ELEITO,MASCULINO,BRANCA,SUPERIOR COMPLETO,-4,SERVIDOR PÚBLICO MUNICIPAL,PSB
RN,Natal,VEREADOR,NÃO ELEITO,FEMININO,BRANCA,SUPERIOR COMPLETO,-4,OUTROS,PSB
RN,Natal,VEREADOR,SUPLENTE,MASCULINO,PARDA,ENSINO MÉDIO COMPLETO,-4,EMPRESÁRIO,REDE
RN,Natal,VEREADOR,SUPLENTE,FEMININO,PARDA,SUPERIOR COMPLETO,-4,EMPRESÁRIO,REDE
RN,Natal,VEREADOR,SUPLENTE,MASCULINO,BRANCA,SUPERIOR COMPLETO,-4,SERVIDOR PÚBLICO FEDERAL,PSOL
RN,Natal,VEREADOR,SUPLENTE,MASCULINO,BRANCA,ENSINO MÉDIO COMPLETO,-4,ELETRICISTA E ASSEMELHADOS,REDE
RN,Natal,VEREADOR,SUPLENTE,FEMININO,BRANCA,ENSINO MÉDIO COMPLETO,-4,OUTROS,PSOL
RN,Natal,VEREADOR,SUPLENTE,FEMININO,BRANCA,ENSINO MÉDIO COMPLETO,-4,OUTROS,PSD
RN,Natal,VEREADOR,SUPLENTE,FEMININO,BRANCA,SUPERIOR INCOMPLETO,-4,OUTROS,PSD
RN,Natal,VEREADOR,SUPLENTE,MASCULINO,PARDA,ENSINO MÉDIO COMPLETO,-4,OUTROS,PSDB
RN,Natal,VEREADOR,SUPLENTE,FEMININO,BRANCA,SUPERIOR COMPLETO,-4,OUTROS,CIDADANIA
RN,Natal,VEREADOR,SUPLENTE,MASCULINO,PARDA,SUPERIOR COMPLETO,-4,EMPRESÁRIO,PODE
RN,Natal,VEREADOR,SUPLENTE,FEMININO,AMARELA,ENSINO MÉDIO COMPLETO,-4,COMERCIANTE,PODE
RN,Natal,VEREADOR,SUPLENTE,MASCULINO,PARDA,ENSINO MÉDIO COMPLETO,-4,MILITAR REFORMADO,PODE
RN,Natal,VEREADOR,SUPLENTE,MASCULINO,PARDA,ENSINO FUNDAMENTAL COMPLETO,-4,MÚSICO,PODE
RN,Natal,VEREADOR,SUPLENTE,FEMININO,BRANCA,SUPERIOR COMPLETO,-4,ADMINISTRADOR,PODE
RN,Natal,VEREADOR,SUPLENTE,MASCULINO,PARDA,ENSINO MÉDIO COMPLETO,-4,OUTROS,PT
RN,Natal,VEREADOR,SUPLENTE,MASCULINO,PRETA,SUPERIOR COMPLETO,-4,FERROVIÁRIO,PV
RN,Natal,VEREADOR,SUPLENTE,MASCULINO,BRANCA,SUPERIOR COMPLETO,-4,POLICIAL CIVIL,PT
RN,Natal,VICE-PREFEITO,NÃO ELEITO,MASCULINO,BRANCA,SUPERIOR COMPLETO,-4,ADMINISTRADOR,PSD
RN,Natal,VICE-PREFEITO,NÃO ELEITO,MASCULINO,BRANCA,ENSINO MÉDIO COMPLETO,-4,VEREADOR,PV
RN,Natal,VEREADOR,NÃO ELEITO,MASCULINO,BRANCA,ENSINO MÉDIO COMPLETO,-4,LOCUTOR E COMENTARISTA DE RÁDIO E TELEVISÃO E RADIALISTA,DC
RN,Natal,VEREADOR,NÃO ELEITO,MASCULINO,BRANCA,ENSINO FUNDAMENTAL COMPLETO,-4,OUTROS,PT
RN,Natal,PREFEITO,NÃO ELEITO,MASCULINO,PARDA,SUPERIOR COMPLETO,-4,SOCIÓLOGO,PSTU
RN,Natal,PREFEITO,2º TURNO,FEMININO,BRANCA,SUPERIOR COMPLETO,-4,ADVOGADO,PT
RN,Natal,VEREADOR,NÃO ELEITO,MASCULINO,PARDA,SUPERIOR INCOMPLETO,-4,JORNALISTA E REDATOR,PDT
RN,Natal,VEREADOR,SUPLENTE,FEMININO,BRANCA,SUPERIOR COMPLETO,-4,DONA DE CASA,PL
RN,Natal,VEREADOR,SUPLENTE,MASCULINO,PRETA,SUPERIOR COMPLETO,-4,JORNALISTA E REDATOR,PL
RN,Natal,VEREADOR,SUPLENTE,MASCULINO,BRANCA,SUPERIOR COMPLETO,-4,ADVOGADO,PL
RN,Natal,VEREADOR,SUPLENTE,MASCULINO,PARDA,SUPERIOR COMPLETO,-4,MÉDICO,REPUBLICANOS
RN,Natal,VEREADOR,SUPLENTE,MASCULINO,BRANCA,ENSINO MÉDIO COMPLETO,-4,OUTROS,REPUBLICANOS
RN,Natal,VEREADOR,SUPLENTE,MASCULINO,BRANCA,SUPERIOR COMPLETO,-4,MÉDICO,PP
RN,Natal,VEREADOR,SUPLENTE,FEMININO,BRANCA,SUPERIOR COMPLETO,-4,GERENTE,PP
RN,Natal,VEREADOR,SUPLENTE,MASCULINO,PARDA,SUPERIOR COMPLETO,-4,ADVOGADO,PP
RN,Natal,VEREADOR,SUPLENTE,FEMININO,PRETA,SUPERIOR INCOMPLETO,-4,AUXILIAR DE ESCRITÓRIO E ASSEMELHADOS,PP
RN,Natal,VEREADOR,SUPLENTE,MASCULINO,PARDA,ENSINO MÉDIO COMPLETO,-4,OUTROS,PP
RN,Natal,VEREADOR,NÃO ELEITO,FEMININO,PARDA,SUPERIOR COMPLETO,-4,PROFESSOR DE ENSINO FUNDAMENTAL,PSTU
RN,Natal,VEREADOR,SUPLENTE,MASCULINO,PARDA,SUPERIOR COMPLETO,-4,PROFESSOR DE ENSINO MÉDIO,SOLIDARIEDADE
RN,Natal,VEREADOR,SUPLENTE,MASCULINO,BRANCA,ENSINO MÉDIO COMPLETO,-4,SERVIDOR PÚBLICO MUNICIPAL,SOLIDARIEDADE
RN,Natal,VEREADOR,SUPLENTE,MASCULINO,BRANCA,ENSINO MÉDIO COMPLETO,-4,TÉCNICO DE ENFERMAGEM E ASSEMELHADOS (EXCETO ENFERMEIRO),SOLIDARIEDADE
RN,Natal,VEREADOR,SUPLENTE,MASCULINO,BRANCA,ENSINO MÉDIO COMPLETO,-4,EMPRESÁRIO,SOLIDARIEDADE
RN,Natal,VEREADOR,ELEITO POR QP,MASCULINO,BRANCA,SUPERIOR COMPLETO,-4,VEREADOR,UNIÃO
RN,Natal,VEREADOR,ELEITO POR MÉDIA,MASCULINO,PRETA,ENSINO MÉDIO COMPLETO,-4,OUTROS,UNIÃO
RN,Natal,VEREADOR,SUPLENTE,FEMININO,PARDA,ENSINO FUNDAMENTAL COMPLETO,-4,OUTROS,DC
RN,Natal,VEREADOR,SUPLENTE,FEMININO,BRANCA,ENSINO FUNDAMENTAL INCOMPLETO,-4,COZINHEIRO,DC
RN,Natal,VEREADOR,SUPLENTE,MASCULINO,PARDA,ENSINO MÉDIO COMPLETO,-4,MOTOBOY,DC
RN,Natal,VEREADOR,NÃO ELEITO,MASCULINO,PRETA,SUPERIOR COMPLETO,-4,MÚSICO,AVANTE
RN,Natal,VEREADOR,NÃO ELEITO,FEMININO,PARDA,ENSINO MÉDIO COMPLETO,-4,OUTROS,AVANTE
RN,Natal,VEREADOR,NÃO ELEITO,FEMININO,BRANCA,SUPERIOR COMPLETO,-4,PEDAGOGO,AVANTE
RN,Natal,VEREADOR,NÃO ELEITO,MASCULINO,PARDA,ENSINO FUNDAMENTAL INCOMPLETO,-4,"PORTEIRO DE EDIFÍCIO, ASCENSORISTA, GARAGISTA E ZELADOR",AVANTE
RN,Natal,VEREADOR,NÃO ELEITO,FEMININO,PARDA,ENSINO FUNDAMENTAL INCOMPLETO,-4,SERVIDOR PÚBLICO ESTADUAL,MDB
RN,Natal,VEREADOR,NÃO ELEITO,MASCULINO,PARDA,ENSINO FUNDAMENTAL COMPLETO,-4,OUTROS,MDB
RN,Natal,VEREADOR,NÃO ELEITO,FEMININO,BRANCA,SUPERIOR COMPLETO,-4,APOSENTADO (EXCETO SERVIDOR PÚBLICO),MDB
RN,Natal,VEREADOR,NÃO ELEITO,MASCULINO,PARDA,SUPERIOR COMPLETO,-4,FISIOTERAPEUTA E TERAPEUTA OCUPACIONAL,MDB
RN,Natal,VEREADOR,NÃO ELEITO,MASCULINO,PARDA,SUPERIOR COMPLETO,-4,PROFESSOR DE ENSINO DE PRIMEIRO E SEGUNDO GRAUS,MDB
RN,Natal,VEREADOR,NÃO ELEITO,MASCULINO,PARDA,SUPERIOR INCOMPLETO,-4,"ESTUDANTE, BOLSISTA, ESTAGIÁRIO E ASSEMELHADOS",MDB
RN,Natal,VEREADOR,NÃO ELEITO,FEMININO,PARDA,ENSINO MÉDIO COMPLETO,-4,OUTROS,MDB
RN,Natal,VEREADOR,NÃO ELEITO,FEMININO,PARDA,ENSINO FUNDAMENTAL COMPLETO,-4,OUTROS,PSB
RN,Natal,VEREADOR,NÃO ELEITO,MASCULINO,PARDA,ENSINO MÉDIO COMPLETO,-4,OUTROS,PSB
RN,Natal,VEREADOR,SUPLENTE,FEMININO,PARDA,ENSINO FUNDAMENTAL COMPLETO,-4,EMPRESÁRIO,REDE
RN,Natal,VEREADOR,SUPLENTE,MASCULINO,BRANCA,ENSINO MÉDIO COMPLETO,-4,SERVIDOR PÚBLICO MUNICIPAL,REDE
RN,Natal,VEREADOR,SUPLENTE,FEMININO,PARDA,ENSINO MÉDIO COMPLETO,-4,"ESTUDANTE, BOLSISTA, ESTAGIÁRIO E ASSEMELHADOS",PSOL
RN,Natal,VEREADOR,SUPLENTE,FEMININO,PRETA,SUPERIOR INCOMPLETO,-4,OUTROS,PSOL
RN,Natal,VEREADOR,SUPLENTE,FEMININO,BRANCA,SUPERIOR COMPLETO,-4,OUTROS,PSOL
RN,Natal,VEREADOR,SUPLENTE,MASCULINO,PARDA,SUPERIOR COMPLETO,-4,OUTROS,PSD
RN,Natal,VEREADOR,ELEITO POR QP,MASCULINO,PARDA,ENSINO MÉDIO COMPLETO,-4,VEREADOR,CIDADANIA
RN,Natal,VEREADOR,SUPLENTE,FEMININO,PRETA,SUPERIOR COMPLETO,-4,ASSISTENTE SOCIAL,PODE
RN,Natal,VEREADOR,SUPLENTE,FEMININO,BRANCA,ENSINO MÉDIO COMPLETO,-4,SERVIDOR PÚBLICO MUNICIPAL,PODE
RN,Natal,VEREADOR,ELEITO POR QP,MASCULINO,BRANCA,SUPERIOR COMPLETO,-4,VEREADOR,PODE
RN,Natal,VEREADOR,SUPLENTE,FEMININO,BRANCA,ENSINO FUNDAMENTAL COMPLETO,-4,COMERCIANTE,PODE
RN,Natal,VEREADOR,SUPLENTE,FEMININO,BRANCA,SUPERIOR COMPLETO,-4,ADVOGADO,PT
RN,Natal,VEREADOR,SUPLENTE,MASCULINO,PARDA,ENSINO FUNDAMENTAL COMPLETO,-4,OUTROS,PT
RN,Natal,VEREADOR,SUPLENTE,MASCULINO,PARDA,ENSINO MÉDIO COMPLETO,-4,MOTORISTA PARTICULAR,PC do B
RN,Natal,VEREADOR,SUPLENTE,MASCULINO,BRANCA,SUPERIOR COMPLETO,-4,EMPRESÁRIO,PT
RN,Natal,VEREADOR,NÃO ELEITO,MASCULINO,PARDA,ENSINO MÉDIO COMPLETO,-4,EMPRESÁRIO,MDB
RN,Natal,VEREADOR,#NULO,MASCULINO,PARDA,ENSINO MÉDIO INCOMPLETO,-4,ARTESÃO,CIDADANIA
RN,Natal,PREFEITO,NÃO ELEITO,MASCULINO,BRANCA,SUPERIOR COMPLETO,-4,ENGENHEIRO,AVANTE
RN,Natal,VEREADOR,NÃO ELEITO,FEMININO,BRANCA,SUPERIOR INCOMPLETO,-4,COMERCIANTE,PDT
RN,Natal,VEREADOR,NÃO ELEITO,FEMININO,PARDA,SUPERIOR COMPLETO,-4,ADVOGADO,PDT
RN,Natal,VEREADOR,ELEITO POR MÉDIA,MASCULINO,BRANCA,ENSINO MÉDIO COMPLETO,-4,"ESTUDANTE, BOLSISTA, ESTAGIÁRIO E ASSEMELHADOS",PL
RN,Natal,VEREADOR,SUPLENTE,MASCULINO,PARDA,SUPERIOR COMPLETO,-4,APOSENTADO (EXCETO SERVIDOR PÚBLICO),PL
RN,Natal,VEREADOR,SUPLENTE,FEMININO,BRANCA,SUPERIOR COMPLETO,-4,VETERINÁRIO,PL
RN,Natal,VEREADOR,SUPLENTE,MASCULINO,BRANCA,ENSINO MÉDIO INCOMPLETO,-4,SERRALHEIRO,PL
RN,Natal,VEREADOR,SUPLENTE,FEMININO,BRANCA,SUPERIOR COMPLETO,-4,APOSENTADO (EXCETO SERVIDOR PÚBLICO),PL
RN,Natal,VEREADOR,SUPLENTE,FEMININO,PRETA,ENSINO FUNDAMENTAL COMPLETO,-4,DONA DE CASA,PL
RN,Natal,VEREADOR,SUPLENTE,MASCULINO,PARDA,ENSINO MÉDIO INCOMPLETO,-4,COMERCIANTE,PL
RN,Natal,VEREADOR,SUPLENTE,FEMININO,BRANCA,SUPERIOR COMPLETO,-4,ADMINISTRADOR,REPUBLICANOS
RN,Natal,VEREADOR,SUPLENTE,MASCULINO,PARDA,ENSINO MÉDIO INCOMPLETO,-4,APOSENTADO (EXCETO SERVIDOR PÚBLICO),REPUBLICANOS
RN,Natal,VEREADOR,SUPLENTE,MASCULINO,PARDA,LÊ E ESCREVE,-4,OUTROS,REPUBLICANOS
RN,Natal,VEREADOR,SUPLENTE,MASCULINO,BRANCA,ENSINO FUNDAMENTAL COMPLETO,-4,OUTROS,REPUBLICANOS
RN,Natal,VEREADOR,ELEITO POR MÉDIA,MASCULINO,BRANCA,ENSINO MÉDIO COMPLETO,-4,SERVIDOR PÚBLICO MUNICIPAL,PP
RN,Natal,VEREADOR,SUPLENTE,MASCULINO,PARDA,SUPERIOR COMPLETO,-4,ASSISTENTE SOCIAL,PP
RN,Natal,VEREADOR,SUPLENTE,FEMININO,PRETA,SUPERIOR COMPLETO,-4,SERVIDOR PÚBLICO ESTADUAL,SOLIDARIEDADE
RN,Natal,VEREADOR,SUPLENTE,MASCULINO,PARDA,ENSINO MÉDIO INCOMPLETO,-4,COMERCIANTE,SOLIDARIEDADE
RN,Natal,VEREADOR,SUPLENTE,MASCULINO,PRETA,SUPERIOR COMPLETO,-4,ADVOGADO,SOLIDARIEDADE
RN,Natal,VEREADOR,NÃO ELEITO,MASCULINO,PARDA,ENSINO MÉDIO COMPLETO,-4,SACERDOTE OU MEMBRO DE ORDEM OU SEITA RELIGIOSA,PRTB
RN,Natal,VEREADOR,SUPLENTE,FEMININO,PRETA,ENSINO MÉDIO COMPLETO,-4,"ESTUDANTE, BOLSISTA, ESTAGIÁRIO E ASSEMELHADOS",UNIÃO
RN,Natal,VEREADOR,SUPLENTE,MASCULINO,PARDA,ENSINO MÉDIO COMPLETO,-4,OUTROS,UNIÃO
RN,Natal,VEREADOR,SUPLENTE,MASCULINO,PARDA,ENSINO MÉDIO COMPLETO,-4,VEREADOR,UNIÃO
RN,Natal,VEREADOR,SUPLENTE,FEMININO,BRANCA,SUPERIOR COMPLETO,-4,ODONTÓLOGO,UNIÃO
RN,Natal,VEREADOR,SUPLENTE,MASCULINO,BRANCA,ENSINO MÉDIO COMPLETO,-4,OUTROS,UNIÃO
RN,Natal,VEREADOR,SUPLENTE,MASCULINO,PARDA,SUPERIOR COMPLETO,-4,SERVIDOR PÚBLICO MUNICIPAL,UNIÃO
RN,Natal,VEREADOR,SUPLENTE,FEMININO,BRANCA,ENSINO FUNDAMENTAL COMPLETO,-4,SERVIDOR PÚBLICO MUNICIPAL,DC
RN,Natal,VEREADOR,SUPLENTE,MASCULINO,PARDA,SUPERIOR COMPLETO,-4,ADMINISTRADOR,DC
RN,Natal,VEREADOR,NÃO ELEITO,MASCULINO,PARDA,ENSINO MÉDIO COMPLETO,-4,OUTROS,AVANTE
RN,Natal,VEREADOR,NÃO ELEITO,FEMININO,PARDA,SUPERIOR INCOMPLETO,-4,PEDAGOGO,AVANTE
RN,Natal,VEREADOR,NÃO ELEITO,FEMININO,PRETA,ENSINO MÉDIO COMPLETO,-4,CANTOR E COMPOSITOR,MDB
RN,Natal,VEREADOR,NÃO ELEITO,MASCULINO,BRANCA,SUPERIOR COMPLETO,-4,SERVIDOR PÚBLICO ESTADUAL,MDB
RN,Natal,VEREADOR,NÃO ELEITO,MASCULINO,PARDA,ENSINO MÉDIO COMPLETO,-4,"SUPERVISOR, INSPETOR E AGENTE DE COMPRAS E VENDAS",MDB
RN,Natal,VEREADOR,NÃO ELEITO,FEMININO,PARDA,ENSINO MÉDIO COMPLETO,-4,AUXILIAR DE ESCRITÓRIO E ASSEMELHADOS,PSB
RN,Natal,VEREADOR,NÃO ELEITO,MASCULINO,PARDA,SUPERIOR COMPLETO,-4,SERVIDOR PÚBLICO ESTADUAL,PSB
RN,Natal,VEREADOR,SUPLENTE,FEMININO,PRETA,SUPERIOR COMPLETO,-4,"SECRETÁRIO,ESTENÓGRAFO,DATILÓGRAFO,RECEPCIONISTA,TELEFONISTA,TAQUÍGRAF",PSOL
RN,Natal,VEREADOR,SUPLENTE,FEMININO,PRETA,ENSINO MÉDIO COMPLETO,-4,COMERCIANTE,PSOL
RN,Natal,VEREADOR,SUPLENTE,MASCULINO,PARDA,ENSINO MÉDIO COMPLETO,-4,"ESTUDANTE, BOLSISTA, ESTAGIÁRIO E ASSEMELHADOS",PSOL
RN,Natal,VEREADOR,SUPLENTE,MASCULINO,BRANCA,ENSINO FUNDAMENTAL COMPLETO,-4,OUTROS,PSD
RN,Natal,VEREADOR,SUPLENTE,MASCULINO,BRANCA,ENSINO MÉDIO INCOMPLETO,-4,EMPRESÁRIO,PSD
RN,Natal,VEREADOR,SUPLENTE,FEMININO,BRANCA,ENSINO FUNDAMENTAL INCOMPLETO,-4,OUTROS,PSD
RN,Natal,VEREADOR,SUPLENTE,MASCULINO,BRANCA,ENSINO MÉDIO INCOMPLETO,-4,MÚSICO,PSD
RN,Natal,VEREADOR,SUPLENTE,FEMININO,BRANCA,ENSINO MÉDIO COMPLETO,-4,OUTROS,PSDB
RN,Natal,VEREADOR,SUPLENTE,MASCULINO,BRANCA,SUPERIOR COMPLETO,-4,APOSENTADO (EXCETO SERVIDOR PÚBLICO),PSDB
RN,Natal,VEREADOR,SUPLENTE,MASCULINO,PARDA,SUPERIOR COMPLETO,-4,SERVIDOR PÚBLICO MUNICIPAL,PSDB
RN,Natal,VEREADOR,SUPLENTE,FEMININO,AMARELA,SUPERIOR COMPLETO,-4,SERVIDOR PÚBLICO ESTADUAL,PSDB
RN,Natal,VEREADOR,SUPLENTE,FEMININO,BRANCA,SUPERIOR COMPLETO,-4,PROFESSOR DE ENSINO FUNDAMENTAL,PSDB
RN,Natal,VEREADOR,SUPLENTE,MASCULINO,PARDA,ENSINO MÉDIO COMPLETO,-4,"TÉCNICO DE ELETRICIDADE, ELETRÔNICA E TELECOMUNICAÇÕES",PODE
RN,Natal,VEREADOR,SUPLENTE,FEMININO,PARDA,ENSINO MÉDIO COMPLETO,-4,OUTROS,PT
RN,Natal,VEREADOR,SUPLENTE,MASCULINO,PARDA,ENSINO MÉDIO INCOMPLETO,-4,ARTESÃO,PT
RN,Natal,VEREADOR,SUPLENTE,FEMININO,PARDA,ENSINO FUNDAMENTAL INCOMPLETO,-4,OUTROS,PV
RN,Natal,VICE-PREFEITO,NÃO ELEITO,MASCULINO,PARDA,SUPERIOR COMPLETO,-4,SACERDOTE OU MEMBRO DE ORDEM OU SEITA RELIGIOSA,PRTB
RN,Natal,VICE-PREFEITO,2º TURNO,MASCULINO,BRANCA,ENSINO MÉDIO COMPLETO,-4,VEREADOR,PV
RN,Natal,VEREADOR,NÃO ELEITO,FEMININO,BRANCA,ENSINO MÉDIO COMPLETO,-4,PROFESSOR DE ENSINO MÉDIO,UNIÃO
RN,Natal,VEREADOR,#NULO,MASCULINO,PARDA,ENSINO FUNDAMENTAL COMPLETO,-4,OUTROS,PSB
RN,Natal,PREFEITO,NÃO ELEITO,MASCULINO,PARDA,ENSINO MÉDIO INCOMPLETO,-4,SACERDOTE OU MEMBRO DE ORDEM OU SEITA RELIGIOSA,PRTB
RN,Natal,VEREADOR,NÃO ELEITO,MASCULINO,BRANCA,SUPERIOR COMPLETO,-4,MÉDICO,PDT
RN,Natal,VEREADOR,ELEITO POR QP,MASCULINO,BRANCA,SUPERIOR COMPLETO,-4,APOSENTADO (EXCETO SERVIDOR PÚBLICO),PL
RN,Natal,VEREADOR,SUPLENTE,MASCULINO,PRETA,ENSINO MÉDIO COMPLETO,-4,EMPRESÁRIO,PL
RN,Natal,VEREADOR,SUPLENTE,FEMININO,PARDA,ENSINO MÉDIO COMPLETO,-4,ADMINISTRADOR,PL
RN,Natal,VEREADOR,SUPLENTE,MASCULINO,PRETA,SUPERIOR COMPLETO,-4,AGENTE DE SAÚDE E SANITARISTA,REPUBLICANOS
RN,Natal,VEREADOR,SUPLENTE,MASCULINO,PARDA,SUPERIOR INCOMPLETO,-4,EMPRESÁRIO,REPUBLICANOS
RN,Natal,VEREADOR,ELEITO POR QP,MASCULINO,BRANCA,SUPERIOR COMPLETO,-4,SERVIDOR PÚBLICO ESTADUAL,REPUBLICANOS
RN,Natal,VEREADOR,SUPLENTE,MASCULINO,PARDA,SUPERIOR INCOMPLETO,-4,SERVIDOR PÚBLICO MUNICIPAL,PP
RN,Natal,VEREADOR,SUPLENTE,MASCULINO,BRANCA,ENSINO MÉDIO COMPLETO,-4,OUTROS,PP
RN,Natal,VEREADOR,SUPLENTE,FEMININO,BRANCA,SUPERIOR COMPLETO,-4,ENFERMEIRO,PP
RN,Natal,VEREADOR,SUPLENTE,FEMININO,PARDA,SUPERIOR COMPLETO,-4,PROFESSOR DE ENSINO FUNDAMENTAL,PP
RN,Natal,VEREADOR,SUPLENTE,MASCULINO,BRANCA,SUPERIOR COMPLETO,-4,PROFESSOR DE ENSINO FUNDAMENTAL,PP
RN,Natal,VEREADOR,SUPLENTE,FEMININO,BRANCA,SUPERIOR COMPLETO,-4,ASSISTENTE SOCIAL,PP
RN,Natal,VEREADOR,SUPLENTE,FEMININO,PRETA,ENSINO MÉDIO COMPLETO,-4,OUTROS,PP
RN,Natal,VEREADOR,NÃO ELEITO,MASCULINO,BRANCA,SUPERIOR COMPLETO,-4,ADMINISTRADOR,PSTU
RN,Natal,VEREADOR,SUPLENTE,MASCULINO,BRANCA,ENSINO FUNDAMENTAL INCOMPLETO,-4,FRENTISTA,SOLIDARIEDADE
RN,Natal,VEREADOR,SUPLENTE,MASCULINO,PARDA,SUPERIOR COMPLETO,-4,SERVIDOR PÚBLICO FEDERAL,SOLIDARIEDADE
RN,Natal,VEREADOR,SUPLENTE,MASCULINO,BRANCA,ENSINO FUNDAMENTAL COMPLETO,-4,MECÂNICO DE MANUTENÇÃO,SOLIDARIEDADE
RN,Natal,VEREADOR,SUPLENTE,FEMININO,BRANCA,ENSINO MÉDIO COMPLETO,-4,AUXILIAR DE ESCRITÓRIO E ASSEMELHADOS,SOLIDARIEDADE
RN,Natal,VEREADOR,SUPLENTE,MASCULINO,BRANCA,ENSINO MÉDIO COMPLETO,-4,COMERCIANTE,SOLIDARIEDADE
RN,Natal,VEREADOR,SUPLENTE,MASCULINO,BRANCA,SUPERIOR COMPLETO,-4,ADVOGADO,SOLIDARIEDADE
RN,Natal,VEREADOR,ELEITO POR QP,FEMININO,PARDA,ENSINO MÉDIO COMPLETO,-4,OUTROS,SOLIDARIEDADE
RN,Natal,VEREADOR,SUPLENTE,FEMININO,BRANCA,ENSINO MÉDIO COMPLETO,-4,OUTROS,UNIÃO
RN,Natal,VEREADOR,SUPLENTE,MASCULINO,PARDA,ENSINO MÉDIO COMPLETO,-4,VIGILANTE,UNIÃO
RN,Natal,VEREADOR,SUPLENTE,MASCULINO,PRETA,ENSINO MÉDIO COMPLETO,-4,ATLETA PROFISSIONAL E TÉCNICO EM DESPORTOS,UNIÃO
RN,Natal,VEREADOR,SUPLENTE,MASCULINO,PRETA,ENSINO MÉDIO COMPLETO,-4,AUXILIAR DE ESCRITÓRIO E ASSEMELHADOS,DC
RN,Natal,VEREADOR,SUPLENTE,MASCULINO,PRETA,ENSINO FUNDAMENTAL INCOMPLETO,-4,COMERCIANTE,DC
RN,Natal,VEREADOR,ELEITO POR QP,MASCULINO,BRANCA,ENSINO MÉDIO COMPLETO,-4,"TÉCNICO CONTABILIDADE, ESTATÍSTICA, ECONOMIA DOMÉSTICA E ADMINISTRAÇÃO",DC
RN,Natal,VEREADOR,SUPLENTE,MASCULINO,PARDA,ENSINO MÉDIO COMPLETO,-4,"PORTEIRO DE EDIFÍCIO, ASCENSORISTA, GARAGISTA E ZELADOR",DC
RN,Natal,VEREADOR,NÃO ELEITO,MASCULINO,PARDA,ENSINO MÉDIO INCOMPLETO,-4,EMPRESÁRIO,AVANTE
RN,Natal,VEREADOR,NÃO ELEITO,FEMININO,PRETA,SUPERIOR INCOMPLETO,-4,"ESTUDANTE, BOLSISTA, ESTAGIÁRIO E ASSEMELHADOS",AVANTE
RN,Natal,VEREADOR,NÃO ELEITO,MASCULINO,PARDA,SUPERIOR COMPLETO,-4,APOSENTADO (EXCETO SERVIDOR PÚBLICO),MDB
RN,Natal,VEREADOR,NÃO ELEITO,MASCULINO,PARDA,ENSINO FUNDAMENTAL COMPLETO,-4,COMERCIÁRIO,MDB
RN,Natal,VEREADOR,NÃO ELEITO,MASCULINO,PARDA,ENSINO MÉDIO COMPLETO,-4,MOTORISTA DE VEÍCULOS DE TRANSPORTE DE CARGA,PSB
RN,Natal,VEREADOR,NÃO ELEITO,MASCULINO,PARDA,ENSINO MÉDIO COMPLETO,-4,FRENTISTA,PSB
RN,Natal,VEREADOR,NÃO ELEITO,FEMININO,PARDA,SUPERIOR INCOMPLETO,-4,COZINHEIRO,PSB
RN,Natal,VEREADOR,NÃO ELEITO,MASCULINO,PARDA,SUPERIOR COMPLETO,-4,PROFESSOR DE ENSINO SUPERIOR,PSB
RN,Natal,VEREADOR,NÃO ELEITO,MASCULINO,PARDA,ENSINO FUNDAMENTAL INCOMPLETO,-4,ESTETICISTA,PSB
RN,Natal,VEREADOR,SUPLENTE,MASCULINO,PARDA,ENSINO MÉDIO COMPLETO,-4,OUTROS,PSOL
RN,Natal,VEREADOR,SUPLENTE,MASCULINO,BRANCA,ENSINO MÉDIO COMPLETO,-4,SERVIDOR PÚBLICO MUNICIPAL,PSOL
RN,Natal,VEREADOR,SUPLENTE,FEMININO,BRANCA,SUPERIOR COMPLETO,-4,SERVIDOR PÚBLICO MUNICIPAL,REDE
RN,Natal,VEREADOR,SUPLENTE,MASCULINO,PRETA,ENSINO MÉDIO COMPLETO,-4,OUTROS,PSOL
RN,Natal,VEREADOR,SUPLENTE,MASCULINO,PRETA,SUPERIOR COMPLETO,-4,CONTADOR,PSD
RN,Natal,VEREADOR,ELEITO POR QP,MASCULINO,BRANCA,SUPERIOR COMPLETO,-4,VEREADOR,PSD
RN,Natal,VEREADOR,SUPLENTE,FEMININO,PRETA,ENSINO MÉDIO COMPLETO,-4,OUTROS,CIDADANIA
RN,Natal,VEREADOR,SUPLENTE,MASCULINO,BRANCA,ENSINO FUNDAMENTAL COMPLETO,-4,EMPRESÁRIO,PSDB
RN,Natal,VEREADOR,SUPLENTE,MASCULINO,BRANCA,ENSINO MÉDIO COMPLETO,-4,OUTROS,PSDB
RN,Natal,VEREADOR,ELEITO POR QP,MASCULINO,BRANCA,SUPERIOR COMPLETO,-4,SERVIDOR PÚBLICO ESTADUAL,PSDB
RN,Natal,VEREADOR,SUPLENTE,FEMININO,PRETA,ENSINO MÉDIO COMPLETO,-4,CANTOR E COMPOSITOR,CIDADANIA
RN,Natal,VEREADOR,SUPLENTE,FEMININO,BRANCA,SUPERIOR COMPLETO,-4,EMPRESÁRIO,PODE
RN,Natal,VEREADOR,SUPLENTE,MASCULINO,PARDA,ENSINO FUNDAMENTAL COMPLETO,-4,EMPRESÁRIO,PODE
RN,Natal,VEREADOR,SUPLENTE,FEMININO,AMARELA,ENSINO FUNDAMENTAL COMPLETO,-4,OUTROS,PODE
RN,Natal,VEREADOR,SUPLENTE,FEMININO,PARDA,SUPERIOR COMPLETO,-4,ADVOGADO,PT
RN,Natal,VEREADOR,ELEITO POR QP,MASCULINO,BRANCA,SUPERIOR COMPLETO,-4,PROFESSOR DE ENSINO SUPERIOR,PT
RN,Natal,VICE-PREFEITO,ELEITO,FEMININO,BRANCA,SUPERIOR COMPLETO,-4,OUTROS,REPUBLICANOS
RN,Natal,VEREADOR,#NULO,MASCULINO,PARDA,ENSINO MÉDIO COMPLETO,-4,OUTROS,PDT
RN,Natal,PREFEITO,NÃO ELEITO,FEMININO,BRANCA,SUPERIOR COMPLETO,-4,ADVOGADO,PT
RN,Natal,VEREADOR,NÃO ELEITO,MASCULINO,PARDA,ENSINO MÉDIO INCOMPLETO,-4,OUTROS,PDT
RN,Natal,VEREADOR,NÃO ELEITO,MASCULINO,PARDA,SUPERIOR COMPLETO,-4,OUTROS,PDT
RN,Natal,VEREADOR,NÃO ELEITO,MASCULINO,BRANCA,SUPERIOR INCOMPLETO,-4,TERAPEUTA,PDT
RN,Natal,VEREADOR,NÃO ELEITO,FEMININO,BRANCA,SUPERIOR COMPLETO,-4,TÉCNICO DE ENFERMAGEM E ASSEMELHADOS (EXCETO ENFERMEIRO),PDT
RN,Natal,VEREADOR,SUPLENTE,MASCULINO,PARDA,ENSINO MÉDIO COMPLETO,-4,TRABALHADOR DE ARTES GRÁFICAS,PL
RN,Natal,VEREADOR,SUPLENTE,FEMININO,BRANCA,SUPERIOR INCOMPLETO,-4,SERVIDOR PÚBLICO MUNICIPAL,REPUBLICANOS
RN,Natal,VEREADOR,SUPLENTE,FEMININO,BRANCA,ENSINO MÉDIO COMPLETO,-4,OUTROS,REPUBLICANOS
RN,Natal,VEREADOR,SUPLENTE,FEMININO,PRETA,ENSINO MÉDIO COMPLETO,-4,DONA DE CASA,REPUBLICANOS
RN,Natal,VEREADOR,SUPLENTE,MASCULINO,PRETA,SUPERIOR COMPLETO,-4,SACERDOTE OU MEMBRO DE ORDEM OU SEITA RELIGIOSA,REPUBLICANOS
RN,Natal,VEREADOR,ELEITO POR QP,MASCULINO,BRANCA,SUPERIOR COMPLETO,-4,"ESTUDANTE, BOLSISTA, ESTAGIÁRIO E ASSEMELHADOS",PP
RN,Natal,VEREADOR,SUPLENTE,MASCULINO,BRANCA,ENSINO MÉDIO COMPLETO,-4,EMPRESÁRIO,PP
RN,Natal,VEREADOR,SUPLENTE,MASCULINO,PRETA,ENSINO FUNDAMENTAL COMPLETO,-4,OUTROS,PP
RN,Natal,VEREADOR,SUPLENTE,MASCULINO,BRANCA,SUPERIOR INCOMPLETO,-4,COMERCIANTE,SOLIDARIEDADE
RN,Natal,VEREADOR,SUPLENTE,MASCULINO,PARDA,SUPERIOR COMPLETO,-4,ADVOGADO,SOLIDARIEDADE
RN,Natal,VEREADOR,NÃO ELEITO,FEMININO,PARDA,ENSINO MÉDIO COMPLETO,-4,"ESTUDANTE, BOLSISTA, ESTAGIÁRIO E ASSEMELHADOS",UP
RN,Natal,VEREADOR,NÃO ELEITO,MASCULINO,PARDA,SUPERIOR COMPLETO,-4,SERVIDOR PÚBLICO FEDERAL,UP
RN,Natal,VEREADOR,ELEITO POR QP,FEMININO,BRANCA,SUPERIOR COMPLETO,-4,VEREADOR,UNIÃO
RN,Natal,VEREADOR,SUPLENTE,MASCULINO,BRANCA,SUPERIOR COMPLETO,-4,COMERCIANTE,DC
RN,Natal,VEREADOR,SUPLENTE,FEMININO,PARDA,SUPERIOR COMPLETO,-4,SERVIDOR PÚBLICO MUNICIPAL,DC
RN,Natal,VEREADOR,SUPLENTE,FEMININO,PARDA,ENSINO FUNDAMENTAL INCOMPLETO,-4,CANTOR E COMPOSITOR,DC
RN,Natal,VEREADOR,SUPLENTE,FEMININO,PARDA,SUPERIOR COMPLETO,-4,OUTROS,DC
RN,Natal,VEREADOR,SUPLENTE,MASCULINO,PRETA,ENSINO MÉDIO COMPLETO,-4,ADMINISTRADOR,DC
RN,Natal,VEREADOR,SUPLENTE,MASCULINO,PARDA,SUPERIOR COMPLETO,-4,SERVIDOR PÚBLICO MUNICIPAL,DC
RN,Natal,VEREADOR,SUPLENTE,MASCULINO,PARDA,ENSINO MÉDIO COMPLETO,-4,COMERCIANTE,DC
RN,Natal,VEREADOR,SUPLENTE,MASCULINO,PRETA,ENSINO MÉDIO COMPLETO,-4,OUTROS,DC
RN,Natal,VEREADOR,NÃO ELEITO,FEMININO,PRETA,ENSINO MÉDIO COMPLETO,-4,PEDAGOGO,AVANTE
RN,Natal,VEREADOR,NÃO ELEITO,MASCULINO,BRANCA,ENSINO MÉDIO COMPLETO,-4,"CORRETOR DE IMÓVEIS, SEGUROS, TÍTULOS E VALORES",AVANTE
RN,Natal,VEREADOR,NÃO ELEITO,MASCULINO,PRETA,ENSINO MÉDIO COMPLETO,-4,"CORRETOR DE IMÓVEIS, SEGUROS, TÍTULOS E VALORES",AVANTE
RN,Natal,VEREADOR,NÃO ELEITO,MASCULINO,PARDA,SUPERIOR COMPLETO,-4,ADVOGADO,MDB
RN,Natal,VEREADOR,NÃO ELEITO,FEMININO,BRANCA,ENSINO MÉDIO COMPLETO,-4,COMERCIANTE,MDB
RN,Natal,VEREADOR,NÃO ELEITO,MASCULINO,PARDA,SUPERIOR INCOMPLETO,-4,RECEPCIONISTA,PSB
RN,Natal,VEREADOR,NÃO ELEITO,MASCULINO,BRANCA,ENSINO MÉDIO COMPLETO,-4,TÉCNICO EM INFORMÁTICA,PSB
RN,Natal,VEREADOR,NÃO ELEITO,FEMININO,BRANCA,ENSINO FUNDAMENTAL INCOMPLETO,-4,COMERCIANTE,PSB
RN,Natal,VEREADOR,ELEITO POR MÉDIA,MASCULINO,BRANCA,SUPERIOR INCOMPLETO,-4,SERVIDOR PÚBLICO MUNICIPAL,REDE
RN,Natal,VEREADOR,SUPLENTE,MASCULINO,BRANCA,SUPERIOR COMPLETO,-4,ADMINISTRADOR,REDE
RN,Natal,VEREADOR,SUPLENTE,FEMININO,BRANCA,SUPERIOR COMPLETO,-4,MÉDICO,PSOL
RN,Natal,VEREADOR,SUPLENTE,MASCULINO,PRETA,ENSINO FUNDAMENTAL COMPLETO,-4,MOTORISTA DE VEÍCULOS DE TRANSPORTE COLETIVO DE PASSAGEIROS,PSOL
RN,Natal,VEREADOR,SUPLENTE,MASCULINO,AMARELA,SUPERIOR INCOMPLETO,-4,OUTROS,PSD
RN,Natal,VEREADOR,SUPLENTE,FEMININO,PRETA,ENSINO MÉDIO COMPLETO,-4,GARI OU LIXEIRO,PSD
RN,Natal,VEREADOR,SUPLENTE,FEMININO,BRANCA,SUPERIOR COMPLETO,-4,PSICÓLOGO,PSD
RN,Natal,VEREADOR,SUPLENTE,MASCULINO,PARDA,ENSINO MÉDIO COMPLETO,-4,LOCUTOR E COMENTARISTA DE RÁDIO E TELEVISÃO E RADIALISTA,PSDB
RN,Natal,VEREADOR,SUPLENTE,MASCULINO,BRANCA,ENSINO MÉDIO COMPLETO,-4,ADMINISTRADOR,PODE
RN,Natal,VEREADOR,SUPLENTE,MASCULINO,BRANCA,ENSINO FUNDAMENTAL COMPLETO,-4,APOSENTADO (EXCETO SERVIDOR PÚBLICO),PODE
RN,Natal,VEREADOR,SUPLENTE,MASCULINO,PARDA,SUPERIOR INCOMPLETO,-4,EMPRESÁRIO,PODE
RN,Natal,VEREADOR,SUPLENTE,MASCULINO,BRANCA,SUPERIOR COMPLETO,-4,EMPRESÁRIO,PODE
RN,Natal,VEREADOR,SUPLENTE,FEMININO,BRANCA,ENSINO FUNDAMENTAL COMPLETO,-4,AUXILIAR DE ESCRITÓRIO E ASSEMELHADOS,PODE
RN,Natal,VEREADOR,ELEITO POR QP,FEMININO,PRETA,SUPERIOR COMPLETO,-4,VEREADOR,PT
RN,Natal,VEREADOR,SUPLENTE,MASCULINO,BRANCA,ENSINO FUNDAMENTAL COMPLETO,-4,OUTROS,PC do B
RN,Natal,VEREADOR,SUPLENTE,MASCULINO,PARDA,SUPERIOR COMPLETO,-4,ARTISTA PLÁSTICO E ASSEMELHADOS,PT
RN,Natal,VEREADOR,#NULO,FEMININO,BRANCA,SUPERIOR INCOMPLETO,-4,APOSENTADO (EXCETO SERVIDOR PÚBLICO),PSB
RN,Natal,PREFEITO,NÃO ELEITO,MASCULINO,PARDA,SUPERIOR COMPLETO,-4,ADVOGADO,PSD
RN,Natal,VEREADOR,NÃO ELEITO,MASCULINO,PARDA,ENSINO MÉDIO COMPLETO,-4,SERVIDOR PÚBLICO MUNICIPAL,PDT
RN,Natal,VEREADOR,NÃO ELEITO,FEMININO,PARDA,SUPERIOR COMPLETO,-4,OUTROS,PDT
RN,Natal,VEREADOR,NÃO ELEITO,FEMININO,PARDA,ENSINO MÉDIO COMPLETO,-4,OUTROS,PDT
RN,Natal,VEREADOR,SUPLENTE,MASCULINO,PARDA,SUPERIOR COMPLETO,-4,"ESTUDANTE, BOLSISTA, ESTAGIÁRIO E ASSEMELHADOS",PL
RN,Natal,VEREADOR,SUPLENTE,MASCULINO,PARDA,SUPERIOR COMPLETO,-4,ADMINISTRADOR,PL
RN,Natal,VEREADOR,SUPLENTE,MASCULINO,BRANCA,ENSINO FUNDAMENTAL COMPLETO,-4,APOSENTADO (EXCETO SERVIDOR PÚBLICO),PL
RN,Natal,VEREADOR,SUPLENTE,FEMININO,PARDA,SUPERIOR COMPLETO,-4,ENFERMEIRO,REPUBLICANOS
RN,Natal,VEREADOR,SUPLENTE,FEMININO,PARDA,SUPERIOR COMPLETO,-4,ADVOGADO,REPUBLICANOS
RN,Natal,VEREADOR,ELEITO POR QP,MASCULINO,BRANCA,SUPERIOR COMPLETO,-4,OUTROS,REPUBLICANOS
RN,Natal,VEREADOR,SUPLENTE,MASCULINO,BRANCA,ENSINO MÉDIO COMPLETO,-4,MOTORISTA PARTICULAR,REPUBLICANOS
RN,Natal,VEREADOR,SUPLENTE,FEMININO,PARDA,ENSINO MÉDIO COMPLETO,-4,DECORADOR,PP
RN,Natal,VEREADOR,SUPLENTE,MASCULINO,PARDA,ENSINO FUNDAMENTAL INCOMPLETO,-4,OUTROS,PP
RN,Natal,VEREADOR,SUPLENTE,MASCULINO,PARDA,ENSINO MÉDIO INCOMPLETO,-4,"CARPINTEIRO, MARCENEIRO E ASSEMELHADOS",SOLIDARIEDADE
RN,Natal,VEREADOR,SUPLENTE,MASCULINO,BRANCA,SUPERIOR COMPLETO,-4,SACERDOTE OU MEMBRO DE ORDEM OU SEITA RELIGIOSA,SOLIDARIEDADE
RN,Natal,VEREADOR,SUPLENTE,FEMININO,BRANCA,SUPERIOR COMPLETO,-4,EMPRESÁRIO,SOLIDARIEDADE
RN,Natal,VEREADOR,SUPLENTE,FEMININO,PARDA,ENSINO MÉDIO COMPLETO,-4,OUTROS,UNIÃO
RN,Natal,VEREADOR,SUPLENTE,MASCULINO,PARDA,SUPERIOR COMPLETO,-4,VEREADOR,UNIÃO
RN,Natal,VEREADOR,SUPLENTE,MASCULINO,BRANCA,ENSINO MÉDIO COMPLETO,-4,TAXISTA,DC
RN,Natal,VEREADOR,NÃO ELEITO,MASCULINO,PARDA,ENSINO FUNDAMENTAL INCOMPLETO,-4,OUTROS,AVANTE
RN,Natal,VEREADOR,NÃO ELEITO,MASCULINO,BRANCA,ENSINO MÉDIO COMPLETO,-4,MOTORISTA DE VEÍCULOS DE TRANSPORTE DE CARGA,AVANTE
RN,Natal,VEREADOR,NÃO ELEITO,MASCULINO,BRANCA,SUPERIOR COMPLETO,-4,ADVOGADO,MDB
RN,Natal,VEREADOR,NÃO ELEITO,MASCULINO,PARDA,SUPERIOR COMPLETO,-4,PEDAGOGO,MDB
RN,Natal,VEREADOR,NÃO ELEITO,FEMININO,PARDA,SUPERIOR COMPLETO,-4,FAXINEIRO,MDB
RN,Natal,VEREADOR,NÃO ELEITO,FEMININO,BRANCA,LÊ E ESCREVE,-4,COMERCIANTE,PSB
RN,Natal,VEREADOR,SUPLENTE,MASCULINO,BRANCA,ENSINO MÉDIO COMPLETO,-4,EMPRESÁRIO,REDE
RN,Natal,VEREADOR,SUPLENTE,MASCULINO,BRANCA,ENSINO FUNDAMENTAL INCOMPLETO,-4,EMPRESÁRIO,REDE
RN,Natal,VEREADOR,SUPLENTE,FEMININO,BRANCA,SUPERIOR INCOMPLETO,-4,"ESTUDANTE, BOLSISTA, ESTAGIÁRIO E ASSEMELHADOS",REDE
RN,Natal,VEREADOR,SUPLENTE,MASCULINO,BRANCA,ENSINO MÉDIO COMPLETO,-4,OUTROS,PSD
RN,Natal,VEREADOR,SUPLENTE,MASCULINO,PRETA,SUPERIOR COMPLETO,-4,"ESTUDANTE, BOLSISTA, ESTAGIÁRIO E ASSEMELHADOS",PSD
RN,Natal,VEREADOR,SUPLENTE,MASCULINO,BRANCA,ENSINO MÉDIO COMPLETO,-4,EMPRESÁRIO,PSD
RN,Natal,VEREADOR,SUPLENTE,MASCULINO,PARDA,ENSINO FUNDAMENTAL COMPLETO,-4,OUTROS,PSD
RN,Natal,VEREADOR,SUPLENTE,MASCULINO,BRANCA,SUPERIOR COMPLETO,-4,ODONTÓLOGO,PSDB
RN,Natal,VEREADOR,SUPLENTE,MASCULINO,PARDA,ENSINO MÉDIO COMPLETO,-4,OUTROS,CIDADANIA
RN,Natal,VEREADOR,SUPLENTE,FEMININO,BRANCA,SUPERIOR COMPLETO,-4,PROFESSOR DE ENSINO SUPERIOR,PSDB
RN,Natal,VEREADOR,SUPLENTE,MASCULINO,BRANCA,SUPERIOR COMPLETO,-4,VEREADOR,PSDB
RN,Natal,VEREADOR,SUPLENTE,MASCULINO,PRETA,SUPERIOR INCOMPLETO,-4,GARI OU LIXEIRO,PODE
RN,Natal,VEREADOR,SUPLENTE,MASCULINO,PARDA,SUPERIOR COMPLETO,-4,SERVIDOR PÚBLICO MUNICIPAL,PODE
RN,Natal,VEREADOR,SUPLENTE,MASCULINO,BRANCA,ENSINO FUNDAMENTAL COMPLETO,-4,EMPRESÁRIO,PODE
RN,Natal,VEREADOR,ELEITO POR QP,MASCULINO,BRANCA,SUPERIOR COMPLETO,-4,ENGENHEIRO,PV
RN,Natal,VEREADOR,SUPLENTE,MASCULINO,PARDA,SUPERIOR INCOMPLETO,-4,"ESTUDANTE, BOLSISTA, ESTAGIÁRIO E ASSEMELHADOS",PT
RN,Natal,VEREADOR,SUPLENTE,FEMININO,BRANCA,SUPERIOR COMPLETO,-4,VEREADOR,PC do B
RN,Natal,VICE-PREFEITO,2º TURNO,FEMININO,BRANCA,SUPERIOR COMPLETO,-4,OUTROS,REPUBLICANOS
RN,Natal,VICE-PREFEITO,NÃO ELEITO,MASCULINO,BRANCA,SUPERIOR INCOMPLETO,-4,JORNALISTA E REDATOR,PSTU
RN,Natal,VICE-PREFEITO,NÃO ELEITO,MASCULINO,PARDA,ENSINO MÉDIO COMPLETO,-4,SERVIDOR PÚBLICO CIVIL APOSENTADO,AVANTE
RN,Natal,VEREADOR,NÃO ELEITO,MASCULINO,PARDA,SUPERIOR COMPLETO,-4,SERVIDOR PÚBLICO MUNICIPAL,PV
RN,Natal,VEREADOR,NÃO ELEITO,MASCULINO,BRANCA,ENSINO FUNDAMENTAL INCOMPLETO,-4,EMPRESÁRIO,MDB
RN,Natal,PREFEITO,ELEITO,MASCULINO,BRANCA,SUPERIOR INCOMPLETO,-4,EMPRESÁRIO,UNIÃO
RN,Natal,VEREADOR,NÃO ELEITO,MASCULINO,BRANCA,SUPERIOR COMPLETO,-4,POLICIAL MILITAR,PDT
RN,Natal,VEREADOR,SUPLENTE,FEMININO,PARDA,SUPERIOR COMPLETO,-4,CANTOR E COMPOSITOR,PL
RN,Natal,VEREADOR,SUPLENTE,FEMININO,BRANCA,ENSINO MÉDIO INCOMPLETO,-4,DONA DE CASA,PL
RN,Natal,VEREADOR,SUPLENTE,FEMININO,PARDA,ENSINO MÉDIO COMPLETO,-4,COMERCIANTE,PL
RN,Natal,VEREADOR,SUPLENTE,FEMININO,PARDA,ENSINO MÉDIO COMPLETO,-4,JORNALISTA E REDATOR,PL
RN,Natal,VEREADOR,SUPLENTE,FEMININO,PARDA,SUPERIOR COMPLETO,-4,TERAPEUTA,PL
RN,Natal,VEREADOR,SUPLENTE,FEMININO,PRETA,SUPERIOR INCOMPLETO,-4,OUTROS,REPUBLICANOS
RN,Natal,VEREADOR,ELEITO POR QP,MASCULINO,BRANCA,SUPERIOR COMPLETO,-4,PROFESSOR DE ENSINO MÉDIO,PP
RN,Natal,VEREADOR,SUPLENTE,FEMININO,BRANCA,SUPERIOR COMPLETO,-4,EMPRESÁRIO,PP
RN,Natal,VEREADOR,SUPLENTE,MASCULINO,BRANCA,ENSINO MÉDIO COMPLETO,-4,OUTROS,SOLIDARIEDADE
RN,Natal,VEREADOR,SUPLENTE,FEMININO,PRETA,ENSINO MÉDIO COMPLETO,-4,OUTROS,UNIÃO
RN,Natal,VEREADOR,SUPLENTE,MASCULINO,BRANCA,SUPERIOR COMPLETO,-4,MÉDICO,UNIÃO
RN,Natal,VEREADOR,SUPLENTE,MASCULINO,PARDA,SUPERIOR COMPLETO,-4,SERVIDOR PÚBLICO ESTADUAL,DC
RN,Natal,VEREADOR,SUPLENTE,MASCULINO,PRETA,ENSINO MÉDIO INCOMPLETO,-4,SERVIDOR PÚBLICO MUNICIPAL,DC
RN,Natal,VEREADOR,NÃO ELEITO,MASCULINO,PARDA,ENSINO MÉDIO COMPLETO,-4,FRENTISTA,AVANTE
RN,Natal,VEREADOR,NÃO ELEITO,FEMININO,PRETA,SUPERIOR COMPLETO,-4,EMPRESÁRIO,AVANTE
RN,Natal,VEREADOR,NÃO ELEITO,FEMININO,PARDA,SUPERIOR COMPLETO,-4,OUTROS,MDB
RN,Natal,VEREADOR,NÃO ELEITO,MASCULINO,BRANCA,SUPERIOR INCOMPLETO,-4,GERENTE,MDB
RN,Natal,VEREADOR,NÃO ELEITO,MASCULINO,PARDA,ENSINO MÉDIO COMPLETO,-4,TÉCNICO DE ENFERMAGEM E ASSEMELHADOS (EXCETO ENFERMEIRO),MDB
RN,Natal,VEREADOR,NÃO ELEITO,MASCULINO,PARDA,ENSINO MÉDIO COMPLETO,-4,OUTROS,MDB
RN,Natal,VEREADOR,SUPLENTE,MASCULINO,BRANCA,ENSINO MÉDIO COMPLETO,-4,REPRESENTANTE COMERCIAL,PSOL
RN,Natal,VEREADOR,ELEITO POR QP,FEMININO,PARDA,ENSINO MÉDIO COMPLETO,-4,VEREADOR,PSOL
RN,Natal,VEREADOR,SUPLENTE,FEMININO,PARDA,SUPERIOR COMPLETO,-4,PROFESSOR DE ENSINO MÉDIO,PSD
RN,Natal,VEREADOR,SUPLENTE,MASCULINO,BRANCA,ENSINO MÉDIO COMPLETO,-4,TÉCNICO DE ENFERMAGEM E ASSEMELHADOS (EXCETO ENFERMEIRO),PSDB
RN,Natal,VEREADOR,SUPLENTE,FEMININO,BRANCA,SUPERIOR COMPLETO,-4,SERVIDOR PÚBLICO MUNICIPAL,PODE
RN,Natal,VEREADOR,SUPLENTE,MASCULINO,PRETA,ENSINO MÉDIO COMPLETO,-4,EMPRESÁRIO,PODE
RN,Natal,VEREADOR,SUPLENTE,MASCULINO,PRETA,ENSINO MÉDIO COMPLETO,-4,OUTROS,PODE
RN,Natal,VEREADOR,SUPLENTE,FEMININO,PRETA,ENSINO MÉDIO COMPLETO,-4,COMERCIANTE,PODE
RN,Natal,VEREADOR,SUPLENTE,MASCULINO,BRANCA,SUPERIOR INCOMPLETO,-4,AUXILIAR DE ESCRITÓRIO E ASSEMELHADOS,PT
RN,Natal,VEREADOR,ELEITO POR MÉDIA,FEMININO,BRANCA,SUPERIOR COMPLETO,-4,ENGENHEIRO,PT
RN,Natal,VEREADOR,SUPLENTE,FEMININO,PRETA,SUPERIOR COMPLETO,-4,PROFESSOR DE ENSINO DE PRIMEIRO E SEGUNDO GRAUS,PT
RN,Natal,VEREADOR,SUPLENTE,FEMININO,BRANCA,SUPERIOR INCOMPLETO,-4,"ESTUDANTE, BOLSISTA, ESTAGIÁRIO E ASSEMELHADOS",PT
RN,Natal,VEREADOR,SUPLENTE,FEMININO,PARDA,ENSINO MÉDIO COMPLETO,-4,DECORADOR,PV
RN,Natal,VEREADOR,NÃO ELEITO,MASCULINO,PARDA,ENSINO FUNDAMENTAL COMPLETO,-4,"VENDEDOR PRACISTA, REPRESENTANTE, CAIXEIRO-VIAJANTE E ASSEMELHADOS",UNIÃO
RN,Natal,VEREADOR,NÃO ELEITO,MASCULINO,BRANCA,ENSINO FUNDAMENTAL INCOMPLETO,-4,COMERCIANTE,PSB
RN,Natal,VEREADOR,#NULO,MASCULINO,PARDA,ENSINO FUNDAMENTAL COMPLETO,-4,MÚSICO,PODE
RN,Natal,VEREADOR,NÃO ELEITO,MASCULINO,BRANCA,ENSINO MÉDIO COMPLETO,-4,EMPRESÁRIO,PDT
RN,Natal,VEREADOR,NÃO ELEITO,MASCULINO,BRANCA,ENSINO MÉDIO COMPLETO,-4,FOTÓGRAFO E ASSEMELHADOS,PDT
RN,Natal,VEREADOR,NÃO ELEITO,FEMININO,BRANCA,SUPERIOR COMPLETO,-4,"CORRETOR DE IMÓVEIS, SEGUROS, TÍTULOS E VALORES",PDT
RN,Natal,VEREADOR,NÃO ELEITO,MASCULINO,PARDA,SUPERIOR INCOMPLETO,-4,OUTROS,PDT
RN,Natal,VEREADOR,SUPLENTE,MASCULINO,PARDA,ENSINO MÉDIO COMPLETO,-4,POLICIAL MILITAR,PL
RN,Natal,VEREADOR,SUPLENTE,MASCULINO,BRANCA,SUPERIOR COMPLETO,-4,OUTROS,REPUBLICANOS
RN,Natal,VEREADOR,SUPLENTE,MASCULINO,PRETA,SUPERIOR INCOMPLETO,-4,OUTROS,REPUBLICANOS
RN,Natal,VEREADOR,SUPLENTE,FEMININO,BRANCA,SUPERIOR COMPLETO,-4,SERVIDOR PÚBLICO ESTADUAL,REPUBLICANOS
RN,Natal,VEREADOR,ELEITO POR MÉDIA,MASCULINO,BRANCA,SUPERIOR COMPLETO,-4,ADVOGADO,REPUBLICANOS
RN,Natal,VEREADOR,SUPLENTE,MASCULINO,PARDA,SUPERIOR COMPLETO,-4,OUTROS,REPUBLICANOS
RN,Natal,VEREADOR,SUPLENTE,MASCULINO,BRANCA,SUPERIOR COMPLETO,-4,ADVOGADO,PP
RN,Natal,VEREADOR,SUPLENTE,FEMININO,PARDA,SUPERIOR COMPLETO,-4,SERVIDOR PÚBLICO MUNICIPAL,PP
RN,Natal,VEREADOR,SUPLENTE,FEMININO,PARDA,SUPERIOR COMPLETO,-4,ODONTÓLOGO,PP
RN,Natal,VEREADOR,SUPLENTE,FEMININO,BRANCA,SUPERIOR COMPLETO,-4,ADVOGADO,PP
RN,Natal,VEREADOR,SUPLENTE,FEMININO,PRETA,SUPERIOR COMPLETO,-4,APOSENTADO (EXCETO SERVIDOR PÚBLICO),SOLIDARIEDADE
RN,Natal,VEREADOR,SUPLENTE,MASCULINO,BRANCA,SUPERIOR COMPLETO,-4,BANCÁRIO E ECONOMIÁRIO,SOLIDARIEDADE
RN,Natal,VEREADOR,NÃO ELEITO,MASCULINO,BRANCA,ENSINO MÉDIO COMPLETO,-4,APOSENTADO (EXCETO SERVIDOR PÚBLICO),PRTB
RN,Natal,VEREADOR,SUPLENTE,MASCULINO,PARDA,SUPERIOR COMPLETO,-4,ELETRICISTA E ASSEMELHADOS,DC
RN,Natal,VEREADOR,SUPLENTE,MASCULINO,PARDA,SUPERIOR INCOMPLETO,-4,"ESTUDANTE, BOLSISTA, ESTAGIÁRIO E ASSEMELHADOS",DC
RN,Natal,VEREADOR,NÃO ELEITO,MASCULINO,BRANCA,SUPERIOR COMPLETO,-4,ADMINISTRADOR,AVANTE
RN,Natal,VEREADOR,NÃO ELEITO,FEMININO,BRANCA,SUPERIOR COMPLETO,-4,ADVOGADO,AVANTE
RN,Natal,VEREADOR,NÃO ELEITO,MASCULINO,BRANCA,SUPERIOR INCOMPLETO,-4,"ESTUDANTE, BOLSISTA, ESTAGIÁRIO E ASSEMELHADOS",AVANTE
RN,Natal,VEREADOR,NÃO ELEITO,MASCULINO,PARDA,ENSINO MÉDIO COMPLETO,-4,MOTOBOY,AVANTE
RN,Natal,VEREADOR,NÃO ELEITO,MASCULINO,PARDA,ENSINO FUNDAMENTAL COMPLETO,-4,COMERCIANTE,AVANTE
RN,Natal,VEREADOR,NÃO ELEITO,MASCULINO,PRETA,ENSINO FUNDAMENTAL COMPLETO,-4,EMPRESÁRIO,MDB
RN,Natal,VEREADOR,NÃO ELEITO,MASCULINO,PRETA,ENSINO MÉDIO COMPLETO,-4,FAXINEIRO,MDB
RN,Natal,VEREADOR,NÃO ELEITO,MASCULINO,PRETA,SUPERIOR INCOMPLETO,-4,EMPRESÁRIO,PSB
RN,Natal,VEREADOR,NÃO ELEITO,MASCULINO,PARDA,SUPERIOR COMPLETO,-4,ENFERMEIRO,PSB
RN,Natal,VEREADOR,SUPLENTE,MASCULINO,BRANCA,SUPERIOR COMPLETO,-4,PROFESSOR DE ENSINO SUPERIOR,PSOL
RN,Natal,VEREADOR,SUPLENTE,MASCULINO,BRANCA,SUPERIOR COMPLETO,-4,COMUNICÓLOGO,PSOL
RN,Natal,VEREADOR,SUPLENTE,MASCULINO,BRANCA,ENSINO FUNDAMENTAL INCOMPLETO,-4,"PORTEIRO DE EDIFÍCIO, ASCENSORISTA, GARAGISTA E ZELADOR",REDE
RN,Natal,VEREADOR,SUPLENTE,FEMININO,PARDA,SUPERIOR COMPLETO,-4,SERVIDOR PÚBLICO MUNICIPAL,PSD
RN,Natal,VEREADOR,SUPLENTE,FEMININO,PRETA,ENSINO MÉDIO COMPLETO,-4,OUTROS,PSD
RN,Natal,VEREADOR,SUPLENTE,MASCULINO,PARDA,SUPERIOR COMPLETO,-4,SERVIDOR PÚBLICO MUNICIPAL,PSD
RN,Natal,VEREADOR,SUPLENTE,FEMININO,PARDA,SUPERIOR INCOMPLETO,-4,OUTROS,PSD
RN,Natal,VEREADOR,SUPLENTE,MASCULINO,PRETA,SUPERIOR COMPLETO,-4,OUTROS,PSD
RN,Natal,VEREADOR,SUPLENTE,MASCULINO,BRANCA,SUPERIOR COMPLETO,-4,VETERINÁRIO,PSD
RN,Natal,VEREADOR,SUPLENTE,MASCULINO,PARDA,SUPERIOR COMPLETO,-4,ENFERMEIRO,PSD
RN,Natal,VEREADOR,SUPLENTE,MASCULINO,PRETA,SUPERIOR INCOMPLETO,-4,MÚSICO,PSD
RN,Natal,VEREADOR,SUPLENTE,FEMININO,BRANCA,SUPERIOR COMPLETO,-4,OCUPANTE DE CARGO EM COMISSÃO,PSDB
RN,Natal,VEREADOR,SUPLENTE,MASCULINO,BRANCA,ENSINO MÉDIO COMPLETO,-4,OUTROS,CIDADANIA
RN,Natal,VEREADOR,SUPLENTE,MASCULINO,PRETA,ENSINO MÉDIO INCOMPLETO,-4,CABELEIREIRO E BARBEIRO,CIDADANIA
RN,Natal,VEREADOR,SUPLENTE,FEMININO,PARDA,ENSINO MÉDIO COMPLETO,-4,PRODUTOR DE ESPETÁCULOS PÚBLICOS,PSDB
RN,Natal,VEREADOR,SUPLENTE,MASCULINO,PRETA,SUPERIOR COMPLETO,-4,VEREADOR,PSDB
RN,Natal,VEREADOR,SUPLENTE,FEMININO,BRANCA,SUPERIOR COMPLETO,-4,VETERINÁRIO,PODE
RN,Natal,VEREADOR,SUPLENTE,MASCULINO,PARDA,ENSINO MÉDIO COMPLETO,-4,COMERCIÁRIO,PODE
RN,Natal,VEREADOR,SUPLENTE,MASCULINO,PARDA,ENSINO MÉDIO COMPLETO,-4,EMPRESÁRIO,PODE
RN,Natal,VEREADOR,SUPLENTE,MASCULINO,PARDA,SUPERIOR COMPLETO,-4,ENGENHEIRO,PODE
RN,Natal,VEREADOR,SUPLENTE,MASCULINO,BRANCA,ENSINO MÉDIO COMPLETO,-4,COMUNICÓLOGO,PODE
RN,Natal,VEREADOR,SUPLENTE,FEMININO,BRANCA,SUPERIOR COMPLETO,-4,"ESTUDANTE, BOLSISTA, ESTAGIÁRIO E ASSEMELHADOS",PT
RN,Natal,VEREADOR,SUPLENTE,MASCULINO,PRETA,SUPERIOR INCOMPLETO,-4,MÚSICO,PT
RN,Natal,VEREADOR,SUPLENTE,MASCULINO,PARDA,ENSINO MÉDIO COMPLETO,-4,"ESTUDANTE, BOLSISTA, ESTAGIÁRIO E ASSEMELHADOS",PT
RN,Natal,VEREADOR,SUPLENTE,MASCULINO,BRANCA,SUPERIOR COMPLETO,-4,SERVIDOR PÚBLICO FEDERAL,PT
PB,João Pessoa,VEREADOR,#NULO,MASCULINO,PARDA,ENSINO MÉDIO COMPLETO,-4,"TÉCNICO DE ELETRICIDADE, ELETRÔNICA E TELECOMUNICAÇÕES",DC
PB,João Pessoa,VEREADOR,SUPLENTE,MASCULINO,PARDA,ENSINO MÉDIO COMPLETO,-4,SERVIDOR PÚBLICO ESTADUAL,AGIR
PB,João Pessoa,VEREADOR,ELEITO POR MÉDIA,MASCULINO,PARDA,LÊ E ESCREVE,-4,COMERCIANTE,AGIR
PB,João Pessoa,VEREADOR,SUPLENTE,FEMININO,PRETA,ENSINO MÉDIO COMPLETO,-4,TÉCNICO DE ENFERMAGEM E ASSEMELHADOS (EXCETO ENFERMEIRO),AGIR
PB,João Pessoa,VEREADOR,SUPLENTE,MASCULINO,PARDA,ENSINO MÉDIO COMPLETO,-4,SERRALHEIRO,AGIR
PB,João Pessoa,VEREADOR,SUPLENTE,MASCULINO,BRANCA,ENSINO MÉDIO COMPLETO,-4,COMERCIANTE,SOLIDARIEDADE
PB,João Pessoa,VEREADOR,SUPLENTE,FEMININO,PRETA,ENSINO MÉDIO COMPLETO,-4,"TÉCNICO CONTABILIDADE, ESTATÍSTICA, ECONOMIA DOMÉSTICA E ADMINISTRAÇÃO",SOLIDARIEDADE
PB,João Pessoa,VEREADOR,SUPLENTE,MASCULINO,BRANCA,ENSINO MÉDIO COMPLETO,-4,EMPRESÁRIO,SOLIDARIEDADE
PB,João Pessoa,VEREADOR,SUPLENTE,MASCULINO,PARDA,ENSINO MÉDIO COMPLETO,-4,COMERCIÁRIO,SOLIDARIEDADE
PB,João Pessoa,VEREADOR,SUPLENTE,MASCULINO,BRANCA,ENSINO MÉDIO COMPLETO,-4,"CORRETOR DE IMÓVEIS, SEGUROS, TÍTULOS E VALORES",SOLIDARIEDADE
PB,João Pessoa,VEREADOR,SUPLENTE,MASCULINO,PARDA,ENSINO MÉDIO COMPLETO,-4,ECONOMISTA,SOLIDARIEDADE
PB,João Pessoa,VEREADOR,SUPLENTE,FEMININO,PARDA,SUPERIOR COMPLETO,-4,PROFESSOR DE ENSINO SUPERIOR,PP
PB,João Pessoa,VEREADOR,SUPLENTE,FEMININO,BRANCA,SUPERIOR INCOMPLETO,-4,"ESTUDANTE, BOLSISTA, ESTAGIÁRIO E ASSEMELHADOS",PP
PB,João Pessoa,VEREADOR,SUPLENTE,MASCULINO,BRANCA,SUPERIOR COMPLETO,-4,POLICIAL MILITAR,PP
PB,João Pessoa,VEREADOR,SUPLENTE,FEMININO,PRETA,ENSINO MÉDIO COMPLETO,-4,VENDEDOR DE COMÉRCIO VAREJISTA E ATACADISTA,PSD
PB,João Pessoa,VEREADOR,SUPLENTE,MASCULINO,PRETA,SUPERIOR COMPLETO,-4,SERVIDOR PÚBLICO ESTADUAL,PDT
PB,João Pessoa,VEREADOR,SUPLENTE,MASCULINO,PRETA,SUPERIOR COMPLETO,-4,SERVIDOR PÚBLICO MUNICIPAL,PDT
PB,João Pessoa,VEREADOR,SUPLENTE,MASCULINO,PARDA,SUPERIOR COMPLETO,-4,VEREADOR,PDT
PB,João Pessoa,VEREADOR,NÃO ELEITO,MASCULINO,PARDA,SUPERIOR COMPLETO,-4,OUTROS,REDE
PB,João Pessoa,VEREADOR,NÃO ELEITO,MASCULINO,BRANCA,ENSINO MÉDIO INCOMPLETO,-4,COMERCIANTE,REDE
PB,João Pessoa,VEREADOR,NÃO ELEITO,MASCULINO,BRANCA,ENSINO MÉDIO COMPLETO,-4,CABELEIREIRO E BARBEIRO,PSOL
PB,João Pessoa,VEREADOR,NÃO ELEITO,FEMININO,BRANCA,ENSINO MÉDIO COMPLETO,-4,"TÉCNICO CONTABILIDADE, ESTATÍSTICA, ECONOMIA DOMÉSTICA E ADMINISTRAÇÃO",PSOL
PB,João Pessoa,VEREADOR,SUPLENTE,MASCULINO,BRANCA,SUPERIOR COMPLETO,-4,PROFESSOR DE ENSINO MÉDIO,REPUBLICANOS
PB,João Pessoa,VEREADOR,SUPLENTE,MASCULINO,PRETA,SUPERIOR COMPLETO,-4,SERVIDOR PÚBLICO ESTADUAL,MDB
PB,João Pessoa,VEREADOR,ELEITO POR QP,MASCULINO,BRANCA,SUPERIOR COMPLETO,-4,VEREADOR,MDB
PB,João Pessoa,VEREADOR,SUPLENTE,MASCULINO,PARDA,ENSINO MÉDIO COMPLETO,-4,OUTROS,MDB
PB,João Pessoa,VEREADOR,SUPLENTE,MASCULINO,PARDA,ENSINO MÉDIO COMPLETO,-4,JORNALISTA E REDATOR,MDB
PB,João Pessoa,VEREADOR,SUPLENTE,MASCULINO,PARDA,SUPERIOR INCOMPLETO,-4,TÉCNICO DE ENFERMAGEM E ASSEMELHADOS (EXCETO ENFERMEIRO),MDB
PB,João Pessoa,VEREADOR,SUPLENTE,MASCULINO,PARDA,SUPERIOR COMPLETO,-4,SERVIDOR PÚBLICO FEDERAL,MDB
PB,João Pessoa,VEREADOR,SUPLENTE,MASCULINO,PARDA,ENSINO FUNDAMENTAL INCOMPLETO,-4,OUTROS,AVANTE
PB,João Pessoa,VEREADOR,SUPLENTE,FEMININO,PARDA,ENSINO MÉDIO COMPLETO,-4,OUTROS,AVANTE
PB,João Pessoa,VEREADOR,SUPLENTE,MASCULINO,PRETA,SUPERIOR COMPLETO,-4,AGENTE DE SAÚDE E SANITARISTA,AVANTE
PB,João Pessoa,VEREADOR,SUPLENTE,MASCULINO,PRETA,ENSINO MÉDIO COMPLETO,-4,OUTROS,AVANTE
PB,João Pessoa,VEREADOR,SUPLENTE,FEMININO,PRETA,ENSINO MÉDIO COMPLETO,-4,DONA DE CASA,AVANTE
PB,João Pessoa,VEREADOR,ELEITO POR QP,MASCULINO,BRANCA,SUPERIOR COMPLETO,-4,EMPRESÁRIO,PL
PB,João Pessoa,VEREADOR,SUPLENTE,MASCULINO,BRANCA,SUPERIOR COMPLETO,-4,OUTROS,DC
PB,João Pessoa,VEREADOR,SUPLENTE,FEMININO,PRETA,SUPERIOR INCOMPLETO,-4,OUTROS,DC
PB,João Pessoa,VEREADOR,SUPLENTE,MASCULINO,PARDA,ENSINO FUNDAMENTAL COMPLETO,-4,PESCADOR,DC
PB,João Pessoa,VEREADOR,SUPLENTE,MASCULINO,PRETA,ENSINO FUNDAMENTAL COMPLETO,-4,APOSENTADO (EXCETO SERVIDOR PÚBLICO),DC
PB,João Pessoa,VEREADOR,SUPLENTE,MASCULINO,BRANCA,SUPERIOR COMPLETO,-4,SERVIDOR PÚBLICO ESTADUAL,PSB
PB,João Pessoa,VEREADOR,SUPLENTE,MASCULINO,PARDA,ENSINO MÉDIO COMPLETO,-4,EMPRESÁRIO,PSB
PB,João Pessoa,VEREADOR,SUPLENTE,FEMININO,BRANCA,SUPERIOR COMPLETO,-4,EMPRESÁRIO,PSB
PB,João Pessoa,VEREADOR,SUPLENTE,FEMININO,PARDA,SUPERIOR INCOMPLETO,-4,SERVIDOR PÚBLICO ESTADUAL,PSB
PB,João Pessoa,VEREADOR,ELEITO POR QP,MASCULINO,PARDA,SUPERIOR COMPLETO,-4,PROFESSOR DE ENSINO MÉDIO,PSB
PB,João Pessoa,VEREADOR,NÃO ELEITO,MASCULINO,BRANCA,SUPERIOR COMPLETO,-4,SERVIDOR PÚBLICO ESTADUAL,NOVO
PB,João Pessoa,VEREADOR,NÃO ELEITO,MASCULINO,PARDA,ENSINO MÉDIO COMPLETO,-4,VENDEDOR DE COMÉRCIO VAREJISTA E ATACADISTA,NOVO
PB,João Pessoa,VEREADOR,SUPLENTE,MASCULINO,BRANCA,SUPERIOR COMPLETO,-4,SERVIDOR PÚBLICO ESTADUAL,PODE
PB,João Pessoa,VEREADOR,SUPLENTE,FEMININO,BRANCA,ENSINO FUNDAMENTAL COMPLETO,-4,OUTROS,PODE
PB,João Pessoa,VEREADOR,SUPLENTE,MASCULINO,PARDA,ENSINO MÉDIO COMPLETO,-4,OUTROS,PODE
PB,João Pessoa,VEREADOR,SUPLENTE,FEMININO,PARDA,SUPERIOR COMPLETO,-4,OUTROS,PODE
PB,João Pessoa,VEREADOR,SUPLENTE,MASCULINO,PRETA,ENSINO MÉDIO COMPLETO,-4,OUTROS,MOBILIZA
PB,João Pessoa,VEREADOR,SUPLENTE,MASCULINO,PARDA,ENSINO MÉDIO COMPLETO,-4,OUTROS,MOBILIZA
PB,João Pessoa,VEREADOR,SUPLENTE,MASCULINO,PARDA,ENSINO MÉDIO COMPLETO,-4,COMERCIANTE,MOBILIZA
PB,João Pessoa,VEREADOR,SUPLENTE,MASCULINO,PRETA,SUPERIOR COMPLETO,-4,CHAVEIRO,PT
PB,João Pessoa,VEREADOR,SUPLENTE,MASCULINO,PARDA,ENSINO MÉDIO COMPLETO,-4,MOTORISTA DE VEÍCULOS DE TRANSPORTE DE CARGA,PT
PB,João Pessoa,VEREADOR,SUPLENTE,FEMININO,PRETA,SUPERIOR COMPLETO,-4,APOSENTADO (EXCETO SERVIDOR PÚBLICO),PV
PB,João Pessoa,VEREADOR,SUPLENTE,FEMININO,PARDA,SUPERIOR COMPLETO,-4,COMUNICÓLOGO,PT
PB,João Pessoa,VEREADOR,#NULO,MASCULINO,PRETA,ENSINO MÉDIO COMPLETO,-4,OUTROS,MOBILIZA
PB,João Pessoa,VEREADOR,SUPLENTE,FEMININO,BRANCA,ENSINO MÉDIO COMPLETO,-4,OUTROS,SOLIDARIEDADE
PB,João Pessoa,VEREADOR,SUPLENTE,FEMININO,PARDA,ENSINO MÉDIO COMPLETO,-4,OUTROS,SOLIDARIEDADE
PB,João Pessoa,VEREADOR,SUPLENTE,MASCULINO,PARDA,ENSINO FUNDAMENTAL COMPLETO,-4,EMPRESÁRIO,SOLIDARIEDADE
PB,João Pessoa,VEREADOR,ELEITO POR MÉDIA,MASCULINO,BRANCA,SUPERIOR COMPLETO,-4,VEREADOR,PP
PB,João Pessoa,VEREADOR,SUPLENTE,MASCULINO,PARDA,SUPERIOR COMPLETO,-4,VEREADOR,PP
PB,João Pessoa,VEREADOR,SUPLENTE,MASCULINO,PARDA,ENSINO MÉDIO COMPLETO,-4,VIGILANTE,PP
PB,João Pessoa,VEREADOR,SUPLENTE,MASCULINO,PARDA,ENSINO MÉDIO COMPLETO,-4,OUTROS,PSD
PB,João Pessoa,VEREADOR,SUPLENTE,FEMININO,PARDA,SUPERIOR COMPLETO,-4,SERVIDOR PÚBLICO MUNICIPAL,PDT
PB,João Pessoa,VEREADOR,SUPLENTE,FEMININO,BRANCA,SUPERIOR COMPLETO,-4,PROFESSOR DE ENSINO SUPERIOR,PDT
PB,João Pessoa,VEREADOR,SUPLENTE,FEMININO,PARDA,ENSINO MÉDIO COMPLETO,-4,VENDEDOR DE COMÉRCIO VAREJISTA E ATACADISTA,PDT
PB,João Pessoa,VEREADOR,NÃO ELEITO,MASCULINO,PRETA,SUPERIOR INCOMPLETO,-4,SERVIDOR PÚBLICO ESTADUAL,REDE
PB,João Pessoa,VEREADOR,NÃO ELEITO,MASCULINO,PARDA,ENSINO FUNDAMENTAL COMPLETO,-4,"PORTEIRO DE EDIFÍCIO, ASCENSORISTA, GARAGISTA E ZELADOR",PSOL
PB,João Pessoa,VEREADOR,SUPLENTE,MASCULINO,BRANCA,ENSINO MÉDIO COMPLETO,-4,VEREADOR,REPUBLICANOS
PB,João Pessoa,VEREADOR,ELEITO POR QP,MASCULINO,PARDA,ENSINO MÉDIO COMPLETO,-4,VEREADOR,REPUBLICANOS
PB,João Pessoa,VEREADOR,SUPLENTE,MASCULINO,BRANCA,SUPERIOR INCOMPLETO,-4,EMPRESÁRIO,REPUBLICANOS
PB,João Pessoa,VEREADOR,SUPLENTE,FEMININO,PARDA,SUPERIOR COMPLETO,-4,ADVOGADO,REPUBLICANOS
PB,João Pessoa,VEREADOR,NÃO ELEITO,FEMININO,BRANCA,SUPERIOR COMPLETO,-4,APOSENTADO (EXCETO SERVIDOR PÚBLICO),PSTU
PB,João Pessoa,VEREADOR,SUPLENTE,FEMININO,PARDA,ENSINO MÉDIO COMPLETO,-4,OUTROS,MDB
PB,João Pessoa,VEREADOR,SUPLENTE,MASCULINO,PARDA,ENSINO FUNDAMENTAL INCOMPLETO,-4,OPERADOR DE APARELHOS DE PRODUÇÃO INDUSTRIAL,AVANTE
PB,João Pessoa,VEREADOR,ELEITO POR QP,MASCULINO,PARDA,ENSINO MÉDIO COMPLETO,-4,VEREADOR,AVANTE
PB,João Pessoa,VEREADOR,SUPLENTE,FEMININO,PARDA,SUPERIOR COMPLETO,-4,PEDAGOGO,AVANTE
PB,João Pessoa,VEREADOR,SUPLENTE,FEMININO,BRANCA,SUPERIOR COMPLETO,-4,ENFERMEIRO,PL
PB,João Pessoa,VEREADOR,SUPLENTE,FEMININO,BRANCA,ENSINO MÉDIO INCOMPLETO,-4,OUTROS,PL
PB,João Pessoa,VEREADOR,SUPLENTE,MASCULINO,PRETA,SUPERIOR COMPLETO,-4,ENFERMEIRO,DC
PB,João Pessoa,VEREADOR,SUPLENTE,FEMININO,PARDA,ENSINO FUNDAMENTAL COMPLETO,-4,VIGILANTE,DC
PB,João Pessoa,VEREADOR,SUPLENTE,FEMININO,PARDA,ENSINO MÉDIO COMPLETO,-4,POLICIAL MILITAR,DC
PB,João Pessoa,VEREADOR,SUPLENTE,MASCULINO,BRANCA,ENSINO FUNDAMENTAL COMPLETO,-4,OUTROS,DC
PB,João Pessoa,VEREADOR,NÃO ELEITO,MASCULINO,BRANCA,SUPERIOR COMPLETO,-4,ECONOMISTA,NOVO
PB,João Pessoa,VEREADOR,NÃO ELEITO,FEMININO,BRANCA,SUPERIOR COMPLETO,-4,PSICÓLOGO,NOVO
PB,João Pessoa,VEREADOR,NÃO ELEITO,MASCULINO,BRANCA,ENSINO MÉDIO COMPLETO,-4,"ESTUDANTE, BOLSISTA, ESTAGIÁRIO E ASSEMELHADOS",NOVO
PB,João Pessoa,VEREADOR,SUPLENTE,FEMININO,BRANCA,SUPERIOR COMPLETO,-4,PROFESSOR DE ENSINO SUPERIOR,PODE
PB,João Pessoa,VEREADOR,SUPLENTE,MASCULINO,BRANCA,SUPERIOR COMPLETO,-4,EMPRESÁRIO,PODE
PB,João Pessoa,VEREADOR,SUPLENTE,MASCULINO,PARDA,ENSINO FUNDAMENTAL COMPLETO,-4,COMERCIANTE,PODE
PB,João Pessoa,VEREADOR,SUPLENTE,MASCULINO,PRETA,ENSINO FUNDAMENTAL COMPLETO,-4,OUTROS,MOBILIZA
PB,João Pessoa,VEREADOR,SUPLENTE,FEMININO,BRANCA,ENSINO MÉDIO COMPLETO,-4,OUTROS,MOBILIZA
PB,João Pessoa,VEREADOR,ELEITO POR QP,MASCULINO,BRANCA,SUPERIOR COMPLETO,-4,VEREADOR,PT
PB,João Pessoa,VEREADOR,SUPLENTE,MASCULINO,PRETA,ENSINO MÉDIO COMPLETO,-4,SERVIDOR PÚBLICO ESTADUAL,PT
PB,João Pessoa,PREFEITO,2º TURNO,MASCULINO,PARDA,ENSINO MÉDIO COMPLETO,-4,PREFEITO,PP
PB,João Pessoa,VICE-PREFEITO,2º TURNO,MASCULINO,BRANCA,SUPERIOR COMPLETO,-4,SERVIDOR PÚBLICO FEDERAL,NOVO
PB,João Pessoa,VICE-PREFEITO,NÃO ELEITO,FEMININO,PRETA,ENSINO FUNDAMENTAL COMPLETO,-4,"VENDEDOR PRACISTA, REPRESENTANTE, CAIXEIRO-VIAJANTE E ASSEMELHADOS",UP
PB,João Pessoa,VICE-PREFEITO,2º TURNO,MASCULINO,BRANCA,SUPERIOR COMPLETO,-4,EMPRESÁRIO,PSB
PB,João Pessoa,VEREADOR,#NULO,MASCULINO,BRANCA,SUPERIOR COMPLETO,-4,MÉDICO,PP
PB,João Pessoa,VEREADOR,#NULO,MASCULINO,PRETA,ENSINO MÉDIO COMPLETO,-4,DIRETOR DE ESTABELECIMENTO DE ENSINO,PL
PB,João Pessoa,VEREADOR,#NULO,MASCULINO,BRANCA,SUPERIOR COMPLETO,-4,MÚSICO,NOVO
PB,João Pessoa,VEREADOR,SUPLENTE,MASCULINO,BRANCA,LÊ E ESCREVE,-4,OUTROS,AGIR
PB,João Pessoa,VEREADOR,SUPLENTE,FEMININO,PARDA,ENSINO MÉDIO COMPLETO,-4,SERVIDOR PÚBLICO MUNICIPAL,AGIR
PB,João Pessoa,VEREADOR,SUPLENTE,MASCULINO,PARDA,SUPERIOR COMPLETO,-4,ADVOGADO,SOLIDARIEDADE
PB,João Pessoa,VEREADOR,SUPLENTE,MASCULINO,PARDA,ENSINO FUNDAMENTAL INCOMPLETO,-4,"FEIRANTE, AMBULANTE E MASCATE",SOLIDARIEDADE
PB,João Pessoa,VEREADOR,ELEITO POR QP,MASCULINO,BRANCA,SUPERIOR COMPLETO,-4,ADMINISTRADOR,SOLIDARIEDADE
PB,João Pessoa,VEREADOR,SUPLENTE,FEMININO,BRANCA,SUPERIOR COMPLETO,-4,AGENTE DE SAÚDE E SANITARISTA,SOLIDARIEDADE
PB,João Pessoa,VEREADOR,SUPLENTE,MASCULINO,PARDA,ENSINO MÉDIO COMPLETO,-4,POLICIAL MILITAR,SOLIDARIEDADE
PB,João Pessoa,VEREADOR,ELEITO POR QP,MASCULINO,BRANCA,ENSINO MÉDIO COMPLETO,-4,VEREADOR,PP
PB,João Pessoa,VEREADOR,SUPLENTE,MASCULINO,BRANCA,SUPERIOR COMPLETO,-4,AUXILIAR DE ESCRITÓRIO E ASSEMELHADOS,PP
PB,João Pessoa,VEREADOR,SUPLENTE,FEMININO,PARDA,SUPERIOR COMPLETO,-4,SERVIDOR PÚBLICO ESTADUAL,PP
PB,João Pessoa,VEREADOR,SUPLENTE,FEMININO,BRANCA,SUPERIOR COMPLETO,-4,ADMINISTRADOR,PP
PB,João Pessoa,VEREADOR,SUPLENTE,MASCULINO,PRETA,ENSINO MÉDIO COMPLETO,-4,TAXISTA,PP
PB,João Pessoa,VEREADOR,SUPLENTE,FEMININO,BRANCA,ENSINO MÉDIO COMPLETO,-4,OUTROS,PSD
PB,João Pessoa,VEREADOR,SUPLENTE,MASCULINO,PARDA,SUPERIOR COMPLETO,-4,OUTROS,PSD
PB,João Pessoa,VEREADOR,SUPLENTE,MASCULINO,BRANCA,SUPERIOR COMPLETO,-4,SERVIDOR PÚBLICO FEDERAL,PSD
PB,João Pessoa,VEREADOR,SUPLENTE,MASCULINO,BRANCA,SUPERIOR COMPLETO,-4,ADVOGADO,PSD
PB,João Pessoa,VEREADOR,SUPLENTE,FEMININO,BRANCA,ENSINO MÉDIO INCOMPLETO,-4,OUTROS,PSD
PB,João Pessoa,VEREADOR,SUPLENTE,FEMININO,PARDA,SUPERIOR COMPLETO,-4,ADVOGADO,PSD
PB,João Pessoa,VEREADOR,SUPLENTE,FEMININO,BRANCA,SUPERIOR COMPLETO,-4,CONTADOR,PSD
PB,João Pessoa,VEREADOR,SUPLENTE,MASCULINO,BRANCA,ENSINO MÉDIO COMPLETO,-4,OUTROS,PSD
PB,João Pessoa,VEREADOR,ELEITO POR QP,MASCULINO,BRANCA,SUPERIOR COMPLETO,-4,SERVIDOR PÚBLICO MUNICIPAL,PDT
PB,João Pessoa,VEREADOR,SUPLENTE,MASCULINO,PRETA,ENSINO MÉDIO COMPLETO,-4,SERVIDOR PÚBLICO MUNICIPAL,PDT
PB,João Pessoa,VEREADOR,SUPLENTE,MASCULINO,PARDA,ENSINO MÉDIO COMPLETO,-4,CABELEIREIRO E BARBEIRO,PDT
PB,João Pessoa,VEREADOR,SUPLENTE,MASCULINO,PARDA,SUPERIOR COMPLETO,-4,ADMINISTRADOR,PDT
PB,João Pessoa,VEREADOR,NÃO ELEITO,MASCULINO,BRANCA,ENSINO MÉDIO COMPLETO,-4,JORNALISTA E REDATOR,PSOL
PB,João Pessoa,VEREADOR,NÃO ELEITO,MASCULINO,BRANCA,SUPERIOR COMPLETO,-4,PROFESSOR DE ENSINO SUPERIOR,REDE
PB,João Pessoa,VEREADOR,SUPLENTE,MASCULINO,BRANCA,SUPERIOR COMPLETO,-4,SERVIDOR PÚBLICO ESTADUAL,REPUBLICANOS
PB,João Pessoa,VEREADOR,SUPLENTE,MASCULINO,BRANCA,SUPERIOR COMPLETO,-4,ADMINISTRADOR,REPUBLICANOS
PB,João Pessoa,VEREADOR,SUPLENTE,FEMININO,BRANCA,ENSINO MÉDIO COMPLETO,-4,"VENDEDOR PRACISTA, REPRESENTANTE, CAIXEIRO-VIAJANTE E ASSEMELHADOS",REPUBLICANOS
PB,João Pessoa,VEREADOR,SUPLENTE,FEMININO,BRANCA,SUPERIOR COMPLETO,-4,EMPRESÁRIO,REPUBLICANOS
PB,João Pessoa,VEREADOR,SUPLENTE,MASCULINO,PARDA,ENSINO MÉDIO COMPLETO,-4,ATLETA PROFISSIONAL E TÉCNICO EM DESPORTOS,REPUBLICANOS
PB,João Pessoa,VEREADOR,NÃO ELEITO,MASCULINO,PARDA,ENSINO MÉDIO COMPLETO,-4,MOTOBOY,PSTU
PB,João Pessoa,VEREADOR,SUPLENTE,FEMININO,BRANCA,SUPERIOR COMPLETO,-4,ADMINISTRADOR,MDB
PB,João Pessoa,VEREADOR,SUPLENTE,FEMININO,BRANCA,ENSINO FUNDAMENTAL COMPLETO,-4,APOSENTADO (EXCETO SERVIDOR PÚBLICO),AVANTE
PB,João Pessoa,VEREADOR,SUPLENTE,MASCULINO,BRANCA,SUPERIOR COMPLETO,-4,OUTROS,AVANTE
PB,João Pessoa,VEREADOR,SUPLENTE,MASCULINO,PARDA,SUPERIOR COMPLETO,-4,VEREADOR,AVANTE
PB,João Pessoa,VEREADOR,SUPLENTE,FEMININO,PARDA,SUPERIOR COMPLETO,-4,EMPRESÁRIO,PL
PB,João Pessoa,VEREADOR,SUPLENTE,FEMININO,PARDA,SUPERIOR COMPLETO,-4,OUTROS,PL
PB,João Pessoa,VEREADOR,SUPLENTE,MASCULINO,BRANCA,SUPERIOR COMPLETO,-4,POLICIAL MILITAR,PL
PB,João Pessoa,VEREADOR,SUPLENTE,MASCULINO,PARDA,ENSINO MÉDIO COMPLETO,-4,EMPRESÁRIO,PL
PB,João Pessoa,VEREADOR,ELEITO POR QP,MASCULINO,BRANCA,SUPERIOR COMPLETO,-4,VEREADOR,PL
PB,João Pessoa,VEREADOR,SUPLENTE,MASCULINO,PARDA,ENSINO FUNDAMENTAL COMPLETO,-4,POLICIAL MILITAR,PL
PB,João Pessoa,VEREADOR,SUPLENTE,MASCULINO,PARDA,SUPERIOR COMPLETO,-4,PECUARISTA,PL
PB,João Pessoa,VEREADOR,SUPLENTE,MASCULINO,PARDA,ENSINO FUNDAMENTAL COMPLETO,-4,ADMINISTRADOR,PSB
PB,João Pessoa,VEREADOR,SUPLENTE,FEMININO,PRETA,SUPERIOR COMPLETO,-4,PROFESSOR DE ENSINO FUNDAMENTAL,PSB
PB,João Pessoa,VEREADOR,SUPLENTE,FEMININO,PRETA,SUPERIOR COMPLETO,-4,SERVIDOR PÚBLICO ESTADUAL,PSB
PB,João Pessoa,VEREADOR,SUPLENTE,MASCULINO,BRANCA,SUPERIOR COMPLETO,-4,PROFESSOR DE ENSINO MÉDIO,PSB
PB,João Pessoa,VEREADOR,SUPLENTE,MASCULINO,PRETA,SUPERIOR COMPLETO,-4,PROFESSOR DE ENSINO MÉDIO,PSB
PB,João Pessoa,VEREADOR,NÃO ELEITO,MASCULINO,BRANCA,SUPERIOR INCOMPLETO,-4,POLICIAL MILITAR,NOVO
PB,João Pessoa,VEREADOR,NÃO ELEITO,FEMININO,PARDA,SUPERIOR COMPLETO,-4,SERVIDOR PÚBLICO ESTADUAL,NOVO
PB,João Pessoa,VEREADOR,NÃO ELEITO,FEMININO,PARDA,ENSINO MÉDIO INCOMPLETO,-4,AUXILIAR DE ESCRITÓRIO E ASSEMELHADOS,NOVO
PB,João Pessoa,VEREADOR,NÃO ELEITO,MASCULINO,PARDA,SUPERIOR COMPLETO,-4,POLICIAL MILITAR,NOVO
PB,João Pessoa,VEREADOR,NÃO ELEITO,MASCULINO,BRANCA,ENSINO MÉDIO COMPLETO,-4,VENDEDOR DE COMÉRCIO VAREJISTA E ATACADISTA,NOVO
PB,João Pessoa,VEREADOR,NÃO ELEITO,FEMININO,PARDA,ENSINO MÉDIO INCOMPLETO,-4,DONA DE CASA,NOVO
PB,João Pessoa,VEREADOR,SUPLENTE,MASCULINO,PARDA,SUPERIOR COMPLETO,-4,PROFESSOR E INSTRUTOR DE FORMAÇÃO PROFISSIONAL,PODE
PB,João Pessoa,VEREADOR,SUPLENTE,MASCULINO,PARDA,ENSINO MÉDIO COMPLETO,-4,EMPRESÁRIO,PODE
PB,João Pessoa,VEREADOR,SUPLENTE,FEMININO,BRANCA,SUPERIOR COMPLETO,-4,PROFESSOR DE ENSINO MÉDIO,PODE
PB,João Pessoa,VEREADOR,SUPLENTE,FEMININO,BRANCA,ENSINO MÉDIO INCOMPLETO,-4,OUTROS,MOBILIZA
PB,João Pessoa,VEREADOR,SUPLENTE,FEMININO,PRETA,ENSINO MÉDIO COMPLETO,-4,OUTROS,MOBILIZA
PB,João Pessoa,VEREADOR,SUPLENTE,MASCULINO,PRETA,SUPERIOR INCOMPLETO,-4,OUTROS,MOBILIZA
PB,João Pessoa,VEREADOR,SUPLENTE,FEMININO,PRETA,ENSINO MÉDIO INCOMPLETO,-4,OUTROS,MOBILIZA
PB,João Pessoa,VEREADOR,SUPLENTE,MASCULINO,PARDA,SUPERIOR COMPLETO,-4,ENFERMEIRO,MOBILIZA
PB,João Pessoa,VEREADOR,SUPLENTE,MASCULINO,BRANCA,SUPERIOR COMPLETO,-4,OUTROS,MOBILIZA
PB,João Pessoa,VEREADOR,SUPLENTE,FEMININO,PRETA,SUPERIOR INCOMPLETO,-4,"ESTUDANTE, BOLSISTA, ESTAGIÁRIO E ASSEMELHADOS",PT
PB,João Pessoa,PREFEITO,NÃO ELEITO,MASCULINO,BRANCA,SUPERIOR COMPLETO,-4,FARMACÊUTICO,PT
PB,João Pessoa,PREFEITO,NÃO ELEITO,MASCULINO,BRANCA,SUPERIOR COMPLETO,-4,MÉDICO,PL
PB,João Pessoa,VICE-PREFEITO,NÃO ELEITO,FEMININO,BRANCA,SUPERIOR COMPLETO,-4,POLICIAL CIVIL,MDB
PB,João Pessoa,VICE-PREFEITO,ELEITO,MASCULINO,BRANCA,SUPERIOR COMPLETO,-4,EMPRESÁRIO,PSB
PB,João Pessoa,VEREADOR,NÃO ELEITO,FEMININO,BRANCA,ENSINO MÉDIO COMPLETO,-4,OUTROS,MDB
PB,João Pessoa,VEREADOR,NÃO ELEITO,FEMININO,BRANCA,SUPERIOR COMPLETO,-4,PEDAGOGO,PSB
PB,João Pessoa,VEREADOR,NÃO ELEITO,MASCULINO,PARDA,SUPERIOR COMPLETO,-4,SERVIDOR PÚBLICO ESTADUAL,PSOL
PB,João Pessoa,VEREADOR,SUPLENTE,MASCULINO,BRANCA,ENSINO MÉDIO COMPLETO,-4,OUTROS,AGIR
PB,João Pessoa,VEREADOR,SUPLENTE,FEMININO,AMARELA,SUPERIOR COMPLETO,-4,ADMINISTRADOR,SOLIDARIEDADE
PB,João Pessoa,VEREADOR,SUPLENTE,FEMININO,PARDA,ENSINO MÉDIO COMPLETO,-4,TÉCNICO DE ENFERMAGEM E ASSEMELHADOS (EXCETO ENFERMEIRO),SOLIDARIEDADE
PB,João Pessoa,VEREADOR,SUPLENTE,MASCULINO,PRETA,SUPERIOR INCOMPLETO,-4,MÚSICO,PP
PB,João Pessoa,VEREADOR,SUPLENTE,FEMININO,PRETA,ENSINO MÉDIO COMPLETO,-4,SECRETÁRIO E DATILÓGRAFO,PP
PB,João Pessoa,VEREADOR,ELEITO POR QP,MASCULINO,BRANCA,SUPERIOR COMPLETO,-4,VEREADOR,PP
PB,João Pessoa,VEREADOR,SUPLENTE,MASCULINO,BRANCA,ENSINO FUNDAMENTAL COMPLETO,-4,POLICIAL MILITAR,PSD
PB,João Pessoa,VEREADOR,SUPLENTE,MASCULINO,BRANCA,ENSINO MÉDIO COMPLETO,-4,EMPRESÁRIO,PSD
PB,João Pessoa,VEREADOR,SUPLENTE,MASCULINO,PRETA,SUPERIOR COMPLETO,-4,FISCAL,PDT
PB,João Pessoa,VEREADOR,SUPLENTE,FEMININO,PARDA,ENSINO MÉDIO COMPLETO,-4,ADMINISTRADOR,PDT
PB,João Pessoa,VEREADOR,SUPLENTE,MASCULINO,PRETA,ENSINO MÉDIO COMPLETO,-4,EMPRESÁRIO,PDT
PB,João Pessoa,VEREADOR,NÃO ELEITO,MASCULINO,BRANCA,SUPERIOR COMPLETO,-4,ARQUITETO,REDE
PB,João Pessoa,VEREADOR,NÃO ELEITO,MASCULINO,PARDA,SUPERIOR COMPLETO,-4,PROFESSOR DE ENSINO SUPERIOR,PSOL
PB,João Pessoa,VEREADOR,NÃO ELEITO,MASCULINO,BRANCA,ENSINO FUNDAMENTAL COMPLETO,-4,EMPRESÁRIO,REDE
PB,João Pessoa,VEREADOR,NÃO ELEITO,FEMININO,BRANCA,ENSINO MÉDIO COMPLETO,-4,MECÂNICO DE MANUTENÇÃO,REDE
PB,João Pessoa,VEREADOR,ELEITO POR MÉDIA,MASCULINO,PARDA,SUPERIOR COMPLETO,-4,SERVIDOR PÚBLICO ESTADUAL,REPUBLICANOS
PB,João Pessoa,VEREADOR,SUPLENTE,MASCULINO,PARDA,SUPERIOR INCOMPLETO,-4,DIGITADOR,REPUBLICANOS
PB,João Pessoa,VEREADOR,SUPLENTE,FEMININO,PARDA,SUPERIOR INCOMPLETO,-4,SERVIDOR PÚBLICO ESTADUAL,REPUBLICANOS
PB,João Pessoa,VEREADOR,SUPLENTE,FEMININO,BRANCA,SUPERIOR COMPLETO,-4,SERVIDOR PÚBLICO ESTADUAL,REPUBLICANOS
PB,João Pessoa,VEREADOR,SUPLENTE,MASCULINO,PARDA,LÊ E ESCREVE,-4,APOSENTADO (EXCETO SERVIDOR PÚBLICO),REPUBLICANOS
PB,João Pessoa,VEREADOR,SUPLENTE,FEMININO,BRANCA,ENSINO MÉDIO COMPLETO,-4,OUTROS,AVANTE
PB,João Pessoa,VEREADOR,SUPLENTE,MASCULINO,PARDA,ENSINO MÉDIO COMPLETO,-4,OUTROS,AVANTE
PB,João Pessoa,VEREADOR,SUPLENTE,FEMININO,PARDA,ENSINO MÉDIO COMPLETO,-4,OUTROS,PL
PB,João Pessoa,VEREADOR,SUPLENTE,MASCULINO,BRANCA,SUPERIOR INCOMPLETO,-4,"ESTUDANTE, BOLSISTA, ESTAGIÁRIO E ASSEMELHADOS",PL
PB,João Pessoa,VEREADOR,SUPLENTE,MASCULINO,PARDA,ENSINO MÉDIO COMPLETO,-4,MOTORISTA DE VEÍCULOS DE TRANSPORTE DE CARGA,PL
PB,João Pessoa,VEREADOR,SUPLENTE,MASCULINO,BRANCA,SUPERIOR COMPLETO,-4,PROFESSOR DE ENSINO FUNDAMENTAL,DC
PB,João Pessoa,VEREADOR,SUPLENTE,FEMININO,PARDA,ENSINO MÉDIO COMPLETO,-4,OUTROS,DC
PB,João Pessoa,VEREADOR,SUPLENTE,FEMININO,BRANCA,ENSINO FUNDAMENTAL COMPLETO,-4,OUTROS,DC
PB,João Pessoa,VEREADOR,ELEITO POR MÉDIA,MASCULINO,BRANCA,SUPERIOR COMPLETO,-4,VEREADOR,DC
PB,João Pessoa,VEREADOR,SUPLENTE,MASCULINO,PRETA,SUPERIOR COMPLETO,-4,EMPRESÁRIO,PSB
PB,João Pessoa,VEREADOR,NÃO ELEITO,MASCULINO,PARDA,SUPERIOR INCOMPLETO,-4,"CORRETOR DE IMÓVEIS, SEGUROS, TÍTULOS E VALORES",NOVO
PB,João Pessoa,VEREADOR,NÃO ELEITO,MASCULINO,PARDA,SUPERIOR COMPLETO,-4,AGENTE ADMINISTRATIVO,NOVO
PB,João Pessoa,VEREADOR,NÃO ELEITO,MASCULINO,BRANCA,ENSINO MÉDIO COMPLETO,-4,ELETRICISTA E ASSEMELHADOS,NOVO
PB,João Pessoa,VEREADOR,SUPLENTE,MASCULINO,PARDA,SUPERIOR COMPLETO,-4,CONTADOR,PODE
PB,João Pessoa,VEREADOR,ELEITO POR QP,MASCULINO,BRANCA,SUPERIOR COMPLETO,-4,ARQUITETO,PODE
PB,João Pessoa,VEREADOR,SUPLENTE,FEMININO,PARDA,SUPERIOR COMPLETO,-4,SERVIDOR PÚBLICO ESTADUAL,PODE
PB,João Pessoa,VEREADOR,SUPLENTE,FEMININO,BRANCA,SUPERIOR INCOMPLETO,-4,SERVIDOR PÚBLICO CIVIL APOSENTADO,PODE
PB,João Pessoa,VEREADOR,SUPLENTE,MASCULINO,INDÍGENA,ENSINO MÉDIO COMPLETO,-4,OUTROS,MOBILIZA
PB,João Pessoa,VEREADOR,SUPLENTE,FEMININO,PRETA,ENSINO MÉDIO COMPLETO,-4,"VENDEDOR PRACISTA, REPRESENTANTE, CAIXEIRO-VIAJANTE E ASSEMELHADOS",PT
PB,João Pessoa,PREFEITO,2º TURNO,MASCULINO,BRANCA,SUPERIOR COMPLETO,-4,MÉDICO,PL
PB,João Pessoa,VICE-PREFEITO,NÃO ELEITO,FEMININO,BRANCA,SUPERIOR COMPLETO,-4,CONTADOR,PT
PB,João Pessoa,VICE-PREFEITO,NÃO ELEITO,MASCULINO,BRANCA,SUPERIOR COMPLETO,-4,SERVIDOR PÚBLICO FEDERAL,NOVO
PB,João Pessoa,VEREADOR,NÃO ELEITO,FEMININO,PARDA,ENSINO MÉDIO COMPLETO,-4,OUTROS,PSD
PB,João Pessoa,VEREADOR,#NULO,MASCULINO,BRANCA,SUPERIOR COMPLETO,-4,ANALISTA DE SISTEMAS,REDE
PB,João Pessoa,VEREADOR,SUPLENTE,MASCULINO,BRANCA,SUPERIOR COMPLETO,-4,OUTROS,AGIR
PB,João Pessoa,VEREADOR,SUPLENTE,MASCULINO,BRANCA,ENSINO MÉDIO COMPLETO,-4,"PORTEIRO DE EDIFÍCIO, ASCENSORISTA, GARAGISTA E ZELADOR",AGIR
PB,João Pessoa,VEREADOR,SUPLENTE,MASCULINO,BRANCA,SUPERIOR COMPLETO,-4,PROFESSOR DE ENSINO MÉDIO,AGIR
PB,João Pessoa,VEREADOR,SUPLENTE,FEMININO,PARDA,LÊ E ESCREVE,-4,SACERDOTE OU MEMBRO DE ORDEM OU SEITA RELIGIOSA,AGIR
PB,João Pessoa,VEREADOR,SUPLENTE,MASCULINO,PARDA,ENSINO MÉDIO COMPLETO,-4,JORNALISTA E REDATOR,SOLIDARIEDADE
PB,João Pessoa,VEREADOR,SUPLENTE,MASCULINO,BRANCA,SUPERIOR COMPLETO,-4,OUTROS,PP
PB,João Pessoa,VEREADOR,SUPLENTE,MASCULINO,PARDA,ENSINO MÉDIO COMPLETO,-4,APOSENTADO (EXCETO SERVIDOR PÚBLICO),PP
PB,João Pessoa,VEREADOR,ELEITO POR QP,MASCULINO,BRANCA,SUPERIOR COMPLETO,-4,OUTROS,PSD
PB,João Pessoa,VEREADOR,SUPLENTE,MASCULINO,BRANCA,ENSINO MÉDIO COMPLETO,-4,EMPRESÁRIO,PDT
PB,João Pessoa,VEREADOR,SUPLENTE,FEMININO,BRANCA,SUPERIOR COMPLETO,-4,PSICÓLOGO,PDT
PB,João Pessoa,VEREADOR,SUPLENTE,FEMININO,BRANCA,SUPERIOR COMPLETO,-4,PROFESSOR DE ENSINO MÉDIO,PDT
PB,João Pessoa,VEREADOR,NÃO ELEITO,FEMININO,PRETA,ENSINO FUNDAMENTAL COMPLETO,-4,OUTROS,PSOL
PB,João Pessoa,VEREADOR,SUPLENTE,MASCULINO,PARDA,ENSINO FUNDAMENTAL COMPLETO,-4,CABELEIREIRO E BARBEIRO,REPUBLICANOS
PB,João Pessoa,VEREADOR,SUPLENTE,MASCULINO,PRETA,SUPERIOR COMPLETO,-4,SERVIDOR PÚBLICO MUNICIPAL,REPUBLICANOS
PB,João Pessoa,VEREADOR,SUPLENTE,MASCULINO,PARDA,SUPERIOR COMPLETO,-4,SERVIDOR PÚBLICO MUNICIPAL,REPUBLICANOS
PB,João Pessoa,VEREADOR,ELEITO POR QP,MASCULINO,BRANCA,ENSINO MÉDIO COMPLETO,-4,VEREADOR,REPUBLICANOS
PB,João Pessoa,VEREADOR,SUPLENTE,MASCULINO,PARDA,SUPERIOR COMPLETO,-4,ENFERMEIRO,REPUBLICANOS
PB,João Pessoa,VEREADOR,SUPLENTE,MASCULINO,PARDA,ENSINO MÉDIO COMPLETO,-4,EMPRESÁRIO,MDB
PB,João Pessoa,VEREADOR,SUPLENTE,MASCULINO,PARDA,SUPERIOR COMPLETO,-4,OUTROS,MDB
PB,João Pessoa,VEREADOR,SUPLENTE,MASCULINO,PARDA,ENSINO MÉDIO COMPLETO,-4,MOTOBOY,MDB
PB,João Pessoa,VEREADOR,SUPLENTE,MASCULINO,PARDA,SUPERIOR COMPLETO,-4,PROFESSOR DE ENSINO MÉDIO,AVANTE
PB,João Pessoa,VEREADOR,SUPLENTE,FEMININO,PARDA,ENSINO MÉDIO COMPLETO,-4,TÉCNICO DE ENFERMAGEM E ASSEMELHADOS (EXCETO ENFERMEIRO),AVANTE
PB,João Pessoa,VEREADOR,ELEITO POR QP,MASCULINO,BRANCA,ENSINO MÉDIO COMPLETO,-4,VEREADOR,AVANTE
PB,João Pessoa,VEREADOR,SUPLENTE,MASCULINO,PARDA,SUPERIOR COMPLETO,-4,PROFESSOR DE ENSINO MÉDIO,PL
PB,João Pessoa,VEREADOR,SUPLENTE,MASCULINO,PARDA,ENSINO MÉDIO COMPLETO,-4,MILITAR REFORMADO,PL
PB,João Pessoa,VEREADOR,SUPLENTE,FEMININO,PARDA,SUPERIOR COMPLETO,-4,POLICIAL MILITAR,PL
PB,João Pessoa,VEREADOR,SUPLENTE,FEMININO,PARDA,SUPERIOR COMPLETO,-4,FISIOTERAPEUTA E TERAPEUTA OCUPACIONAL,PL
PB,João Pessoa,VEREADOR,SUPLENTE,MASCULINO,BRANCA,SUPERIOR COMPLETO,-4,EMPRESÁRIO,PL
PB,João Pessoa,VEREADOR,SUPLENTE,MASCULINO,BRANCA,ENSINO MÉDIO COMPLETO,-4,OUTROS,DC
PB,João Pessoa,VEREADOR,SUPLENTE,MASCULINO,BRANCA,SUPERIOR COMPLETO,-4,MILITAR REFORMADO,DC
PB,João Pessoa,VEREADOR,SUPLENTE,MASCULINO,PARDA,ENSINO MÉDIO COMPLETO,-4,EMPRESÁRIO,DC
PB,João Pessoa,VEREADOR,SUPLENTE,MASCULINO,PARDA,SUPERIOR COMPLETO,-4,ADVOGADO,PSB
PB,João Pessoa,VEREADOR,SUPLENTE,MASCULINO,BRANCA,SUPERIOR COMPLETO,-4,ADVOGADO,PSB
PB,João Pessoa,VEREADOR,NÃO ELEITO,MASCULINO,BRANCA,SUPERIOR COMPLETO,-4,ADVOGADO,NOVO
PB,João Pessoa,VEREADOR,SUPLENTE,MASCULINO,PARDA,ENSINO FUNDAMENTAL COMPLETO,-4,OUTROS,PODE
PB,João Pessoa,VEREADOR,SUPLENTE,MASCULINO,BRANCA,SUPERIOR INCOMPLETO,-4,"ESTUDANTE, BOLSISTA, ESTAGIÁRIO E ASSEMELHADOS",PODE
PB,João Pessoa,VEREADOR,SUPLENTE,FEMININO,BRANCA,SUPERIOR COMPLETO,-4,ENFERMEIRO,PODE
PB,João Pessoa,VEREADOR,SUPLENTE,FEMININO,PRETA,ENSINO FUNDAMENTAL COMPLETO,-4,OUTROS,MOBILIZA
PB,João Pessoa,VEREADOR,SUPLENTE,MASCULINO,PARDA,SUPERIOR COMPLETO,-4,OUTROS,MOBILIZA
PB,João Pessoa,VEREADOR,SUPLENTE,MASCULINO,BRANCA,ENSINO MÉDIO COMPLETO,-4,OUTROS,MOBILIZA
PB,João Pessoa,VEREADOR,NÃO ELEITO,MASCULINO,PARDA,SUPERIOR COMPLETO,-4,SERVIDOR PÚBLICO FEDERAL,UP
PB,João Pessoa,VEREADOR,NÃO ELEITO,FEMININO,PRETA,SUPERIOR COMPLETO,-4,SERVIDOR PÚBLICO MUNICIPAL,UP
PB,João Pessoa,VEREADOR,NÃO ELEITO,MASCULINO,PARDA,ENSINO MÉDIO COMPLETO,-4,GARI OU LIXEIRO,UP
PB,João Pessoa,VEREADOR,SUPLENTE,MASCULINO,PRETA,SUPERIOR COMPLETO,-4,PROFESSOR DE ENSINO SUPERIOR,PT
PB,João Pessoa,VEREADOR,SUPLENTE,FEMININO,PARDA,ENSINO MÉDIO COMPLETO,-4,OUTROS,PC do B
PB,João Pessoa,VICE-PREFEITO,NÃO ELEITO,MASCULINO,BRANCA,SUPERIOR INCOMPLETO,-4,"ESTUDANTE, BOLSISTA, ESTAGIÁRIO E ASSEMELHADOS",PCO
PB,João Pessoa,VEREADOR,#NULO,FEMININO,BRANCA,ENSINO FUNDAMENTAL COMPLETO,-4,APOSENTADO (EXCETO SERVIDOR PÚBLICO),PT
PB,João Pessoa,VEREADOR,SUPLENTE,MASCULINO,BRANCA,ENSINO MÉDIO COMPLETO,-4,SERVIDOR PÚBLICO ESTADUAL,AGIR
PB,João Pessoa,VEREADOR,SUPLENTE,FEMININO,PARDA,SUPERIOR COMPLETO,-4,NUTRICIONISTA E ASSEMELHADOS,AGIR
PB,João Pessoa,VEREADOR,SUPLENTE,FEMININO,BRANCA,SUPERIOR COMPLETO,-4,ASSISTENTE SOCIAL,AGIR
PB,João Pessoa,VEREADOR,SUPLENTE,MASCULINO,PARDA,ENSINO MÉDIO COMPLETO,-4,REPRESENTANTE COMERCIAL,SOLIDARIEDADE
PB,João Pessoa,VEREADOR,SUPLENTE,FEMININO,PRETA,ENSINO MÉDIO COMPLETO,-4,DONA DE CASA,SOLIDARIEDADE
PB,João Pessoa,VEREADOR,SUPLENTE,MASCULINO,PARDA,ENSINO FUNDAMENTAL INCOMPLETO,-4,RELOJOEIRO E MONTADOR DE INSTRUMENTO DE PRECISÃO,SOLIDARIEDADE
PB,João Pessoa,VEREADOR,SUPLENTE,MASCULINO,PRETA,SUPERIOR INCOMPLETO,-4,TÉCNICO DE ENFERMAGEM E ASSEMELHADOS (EXCETO ENFERMEIRO),PP
PB,João Pessoa,VEREADOR,ELEITO POR QP,FEMININO,BRANCA,SUPERIOR COMPLETO,-4,VEREADOR,PP
PB,João Pessoa,VEREADOR,SUPLENTE,MASCULINO,BRANCA,SUPERIOR COMPLETO,-4,EMPRESÁRIO,PP
PB,João Pessoa,VEREADOR,SUPLENTE,FEMININO,PRETA,ENSINO MÉDIO COMPLETO,-4,OUTROS,PP
PB,João Pessoa,VEREADOR,SUPLENTE,MASCULINO,PARDA,ENSINO MÉDIO COMPLETO,-4,AGRICULTOR,PP
PB,João Pessoa,VEREADOR,SUPLENTE,MASCULINO,AMARELA,ENSINO FUNDAMENTAL COMPLETO,-4,OUTROS,PP
PB,João Pessoa,VEREADOR,SUPLENTE,FEMININO,PARDA,ENSINO MÉDIO COMPLETO,-4,OUTROS,PSD
PB,João Pessoa,VEREADOR,SUPLENTE,MASCULINO,BRANCA,SUPERIOR COMPLETO,-4,MÉDICO,PSD
PB,João Pessoa,VEREADOR,SUPLENTE,MASCULINO,PRETA,ENSINO MÉDIO COMPLETO,-4,MECÂNICO DE MANUTENÇÃO,PSD
PB,João Pessoa,VEREADOR,SUPLENTE,MASCULINO,BRANCA,SUPERIOR INCOMPLETO,-4,OUTROS,PSD
PB,João Pessoa,VEREADOR,SUPLENTE,FEMININO,PRETA,ENSINO MÉDIO COMPLETO,-4,SERVIDOR PÚBLICO MUNICIPAL,PSD
PB,João Pessoa,VEREADOR,SUPLENTE,MASCULINO,BRANCA,ENSINO FUNDAMENTAL COMPLETO,-4,EMPRESÁRIO,PSD
PB,João Pessoa,VEREADOR,SUPLENTE,MASCULINO,PARDA,ENSINO MÉDIO INCOMPLETO,-4,OUTROS,PSD
PB,João Pessoa,VEREADOR,SUPLENTE,MASCULINO,BRANCA,SUPERIOR COMPLETO,-4,NUTRICIONISTA E ASSEMELHADOS,PSD
PB,João Pessoa,VEREADOR,SUPLENTE,FEMININO,BRANCA,SUPERIOR COMPLETO,-4,JORNALISTA E REDATOR,PSD
PB,João Pessoa,VEREADOR,SUPLENTE,MASCULINO,PARDA,ENSINO MÉDIO COMPLETO,-4,EMPRESÁRIO,PDT
PB,João Pessoa,VEREADOR,SUPLENTE,FEMININO,PARDA,ENSINO MÉDIO COMPLETO,-4,COZINHEIRO,PDT
PB,João Pessoa,VEREADOR,SUPLENTE,FEMININO,PRETA,SUPERIOR COMPLETO,-4,PROFESSOR DE ENSINO SUPERIOR,PDT
PB,João Pessoa,VEREADOR,NÃO ELEITO,FEMININO,BRANCA,ENSINO MÉDIO INCOMPLETO,-4,OUTROS,REDE
PB,João Pessoa,VEREADOR,NÃO ELEITO,MASCULINO,PARDA,SUPERIOR COMPLETO,-4,ASSISTENTE SOCIAL,PSOL
PB,João Pessoa,VEREADOR,NÃO ELEITO,FEMININO,PARDA,SUPERIOR COMPLETO,-4,PROFESSOR DE ENSINO MÉDIO,REDE
PB,João Pessoa,VEREADOR,NÃO ELEITO,FEMININO,PRETA,ENSINO FUNDAMENTAL COMPLETO,-4,OUTROS,REDE
PB,João Pessoa,VEREADOR,SUPLENTE,FEMININO,PARDA,SUPERIOR COMPLETO,-4,SERVIDOR PÚBLICO ESTADUAL,REPUBLICANOS
PB,João Pessoa,VEREADOR,SUPLENTE,FEMININO,PARDA,SUPERIOR COMPLETO,-4,ENFERMEIRO,REPUBLICANOS
PB,João Pessoa,VEREADOR,SUPLENTE,MASCULINO,BRANCA,SUPERIOR COMPLETO,-4,MILITAR REFORMADO,REPUBLICANOS
PB,João Pessoa,VEREADOR,SUPLENTE,FEMININO,BRANCA,SUPERIOR COMPLETO,-4,PROFESSOR DE ENSINO SUPERIOR,REPUBLICANOS
PB,João Pessoa,VEREADOR,SUPLENTE,MASCULINO,BRANCA,SUPERIOR COMPLETO,-4,ENGENHEIRO,MDB
PB,João Pessoa,VEREADOR,SUPLENTE,MASCULINO,PRETA,SUPERIOR COMPLETO,-4,OUTROS,MDB
PB,João Pessoa,VEREADOR,SUPLENTE,FEMININO,PRETA,SUPERIOR INCOMPLETO,-4,OUTROS,MDB
PB,João Pessoa,VEREADOR,SUPLENTE,MASCULINO,BRANCA,ENSINO MÉDIO COMPLETO,-4,OUTROS,MDB
PB,João Pessoa,VEREADOR,SUPLENTE,FEMININO,PARDA,SUPERIOR COMPLETO,-4,"ESTUDANTE, BOLSISTA, ESTAGIÁRIO E ASSEMELHADOS",MDB
PB,João Pessoa,VEREADOR,SUPLENTE,MASCULINO,PARDA,ENSINO FUNDAMENTAL COMPLETO,-4,EMPRESÁRIO,MDB
PB,João Pessoa,VEREADOR,SUPLENTE,MASCULINO,BRANCA,SUPERIOR INCOMPLETO,-4,OUTROS,MDB
PB,João Pessoa,VEREADOR,SUPLENTE,FEMININO,PARDA,SUPERIOR COMPLETO,-4,OUTROS,AVANTE
PB,João Pessoa,VEREADOR,SUPLENTE,MASCULINO,PRETA,ENSINO FUNDAMENTAL COMPLETO,-4,COMERCIANTE,AVANTE
PB,João Pessoa,VEREADOR,SUPLENTE,FEMININO,BRANCA,SUPERIOR COMPLETO,-4,ODONTÓLOGO,AVANTE
PB,João Pessoa,VEREADOR,SUPLENTE,MASCULINO,PARDA,ENSINO MÉDIO COMPLETO,-4,"TÉCNICO DE ELETRICIDADE, ELETRÔNICA E TELECOMUNICAÇÕES",AVANTE
PB,João Pessoa,VEREADOR,SUPLENTE,MASCULINO,PARDA,ENSINO MÉDIO INCOMPLETO,-4,ELETRICISTA E ASSEMELHADOS,AVANTE
PB,João Pessoa,VEREADOR,SUPLENTE,MASCULINO,BRANCA,SUPERIOR COMPLETO,-4,PROFESSOR DE ENSINO MÉDIO,AVANTE
PB,João Pessoa,VEREADOR,SUPLENTE,MASCULINO,BRANCA,SUPERIOR INCOMPLETO,-4,OUTROS,PL
PB,João Pessoa,VEREADOR,ELEITO POR MÉDIA,MASCULINO,PARDA,SUPERIOR COMPLETO,-4,VEREADOR,PL
PB,João Pessoa,VEREADOR,SUPLENTE,MASCULINO,PRETA,SUPERIOR COMPLETO,-4,EMPRESÁRIO,PL
PB,João Pessoa,VEREADOR,SUPLENTE,MASCULINO,PARDA,SUPERIOR COMPLETO,-4,EMPRESÁRIO,DC
PB,João Pessoa,VEREADOR,SUPLENTE,FEMININO,PARDA,ENSINO FUNDAMENTAL COMPLETO,-4,OUTROS,DC
PB,João Pessoa,VEREADOR,SUPLENTE,FEMININO,BRANCA,SUPERIOR COMPLETO,-4,POLICIAL MILITAR,DC
PB,João Pessoa,VEREADOR,SUPLENTE,FEMININO,BRANCA,ENSINO MÉDIO COMPLETO,-4,OUTROS,DC
PB,João Pessoa,VEREADOR,SUPLENTE,MASCULINO,PRETA,ENSINO MÉDIO COMPLETO,-4,OUTROS,DC
PB,João Pessoa,VEREADOR,SUPLENTE,MASCULINO,BRANCA,ENSINO MÉDIO COMPLETO,-4,OUTROS,PSB
PB,João Pessoa,VEREADOR,ELEITO POR MÉDIA,MASCULINO,BRANCA,SUPERIOR COMPLETO,-4,ADVOGADO,PSB
PB,João Pessoa,VEREADOR,ELEITO POR QP,FEMININO,PRETA,SUPERIOR COMPLETO,-4,SERVIDOR PÚBLICO ESTADUAL,PSB
PB,João Pessoa,VEREADOR,SUPLENTE,FEMININO,PARDA,ENSINO MÉDIO COMPLETO,-4,EMPRESÁRIO,PSB
PB,João Pessoa,VEREADOR,SUPLENTE,MASCULINO,PARDA,ENSINO MÉDIO COMPLETO,-4,OUTROS,PSB
PB,João Pessoa,VEREADOR,SUPLENTE,FEMININO,BRANCA,SUPERIOR COMPLETO,-4,ASSISTENTE SOCIAL,PSB
PB,João Pessoa,VEREADOR,NÃO ELEITO,FEMININO,BRANCA,SUPERIOR COMPLETO,-4,SERVIDOR PÚBLICO ESTADUAL,NOVO
PB,João Pessoa,VEREADOR,NÃO ELEITO,MASCULINO,BRANCA,SUPERIOR INCOMPLETO,-4,SACERDOTE OU MEMBRO DE ORDEM OU SEITA RELIGIOSA,NOVO
PB,João Pessoa,VEREADOR,NÃO ELEITO,MASCULINO,BRANCA,ENSINO MÉDIO COMPLETO,-4,REPRESENTANTE COMERCIAL,NOVO
PB,João Pessoa,VEREADOR,SUPLENTE,MASCULINO,BRANCA,SUPERIOR COMPLETO,-4,ADVOGADO,PODE
PB,João Pessoa,VEREADOR,SUPLENTE,FEMININO,BRANCA,SUPERIOR COMPLETO,-4,ADMINISTRADOR,PODE
PB,João Pessoa,VEREADOR,SUPLENTE,MASCULINO,PARDA,ENSINO FUNDAMENTAL COMPLETO,-4,POLICIAL MILITAR,PODE
PB,João Pessoa,VEREADOR,SUPLENTE,FEMININO,PARDA,ENSINO FUNDAMENTAL INCOMPLETO,-4,OUTROS,MOBILIZA
PB,João Pessoa,VEREADOR,SUPLENTE,FEMININO,PARDA,ENSINO MÉDIO COMPLETO,-4,OUTROS,MOBILIZA
PB,João Pessoa,VEREADOR,SUPLENTE,MASCULINO,BRANCA,ENSINO MÉDIO COMPLETO,-4,OUTROS,PV
PB,João Pessoa,PREFEITO,NÃO ELEITO,MASCULINO,BRANCA,SUPERIOR COMPLETO,-4,DEPUTADO,PODE
PB,João Pessoa,VEREADOR,NÃO ELEITO,MASCULINO,PARDA,ENSINO MÉDIO COMPLETO,-4,OUTROS,AGIR
PB,João Pessoa,PREFEITO,NÃO ELEITO,MASCULINO,PARDA,SUPERIOR COMPLETO,-4,SERVIDOR PÚBLICO FEDERAL,PCO
PB,João Pessoa,VEREADOR,#NULO,MASCULINO,BRANCA,SUPERIOR COMPLETO,-4,ENGENHEIRO,PDT
PB,João Pessoa,VEREADOR,SUPLENTE,MASCULINO,PARDA,LÊ E ESCREVE,-4,EMPRESÁRIO,AGIR
PB,João Pessoa,VEREADOR,SUPLENTE,FEMININO,PRETA,ENSINO MÉDIO COMPLETO,-4,AGENTE DE SAÚDE E SANITARISTA,AGIR
PB,João Pessoa,VEREADOR,SUPLENTE,MASCULINO,BRANCA,ENSINO MÉDIO COMPLETO,-4,EMPRESÁRIO,AGIR
PB,João Pessoa,VEREADOR,SUPLENTE,FEMININO,BRANCA,SUPERIOR COMPLETO,-4,ADMINISTRADOR,AGIR
PB,João Pessoa,VEREADOR,SUPLENTE,MASCULINO,PRETA,ENSINO MÉDIO COMPLETO,-4,SACERDOTE OU MEMBRO DE ORDEM OU SEITA RELIGIOSA,AGIR
PB,João Pessoa,VEREADOR,SUPLENTE,MASCULINO,PARDA,ENSINO MÉDIO COMPLETO,-4,OUTROS,SOLIDARIEDADE
PB,João Pessoa,VEREADOR,SUPLENTE,MASCULINO,PARDA,SUPERIOR COMPLETO,-4,ANALISTA DE SISTEMAS,SOLIDARIEDADE
PB,João Pessoa,VEREADOR,SUPLENTE,MASCULINO,BRANCA,SUPERIOR INCOMPLETO,-4,OUTROS,PP
PB,João Pessoa,VEREADOR,SUPLENTE,FEMININO,PARDA,ENSINO MÉDIO COMPLETO,-4,OUTROS,PP
PB,João Pessoa,VEREADOR,SUPLENTE,MASCULINO,BRANCA,SUPERIOR COMPLETO,-4,MÉDICO,PP
PB,João Pessoa,VEREADOR,SUPLENTE,MASCULINO,PARDA,ENSINO MÉDIO COMPLETO,-4,POLICIAL MILITAR,PSD
PB,João Pessoa,VEREADOR,ELEITO POR QP,MASCULINO,BRANCA,ENSINO MÉDIO COMPLETO,-4,VEREADOR,PSD
PB,João Pessoa,VEREADOR,SUPLENTE,MASCULINO,PARDA,SUPERIOR COMPLETO,-4,COMUNICÓLOGO,PDT
PB,João Pessoa,VEREADOR,SUPLENTE,MASCULINO,BRANCA,SUPERIOR COMPLETO,-4,ADVOGADO,PDT
PB,João Pessoa,VEREADOR,NÃO ELEITO,MASCULINO,AMARELA,SUPERIOR INCOMPLETO,-4,BANCÁRIO E ECONOMIÁRIO,PSOL
PB,João Pessoa,VEREADOR,NÃO ELEITO,FEMININO,PARDA,SUPERIOR COMPLETO,-4,PROFESSOR DE ENSINO FUNDAMENTAL,PSOL
PB,João Pessoa,VEREADOR,SUPLENTE,MASCULINO,BRANCA,ENSINO MÉDIO COMPLETO,-4,SERVIDOR PÚBLICO ESTADUAL,REPUBLICANOS
PB,João Pessoa,VEREADOR,SUPLENTE,FEMININO,BRANCA,SUPERIOR COMPLETO,-4,DONA DE CASA,REPUBLICANOS
PB,João Pessoa,VEREADOR,ELEITO POR QP,MASCULINO,BRANCA,SUPERIOR COMPLETO,-4,ADVOGADO,REPUBLICANOS
PB,João Pessoa,VEREADOR,SUPLENTE,MASCULINO,PRETA,SUPERIOR COMPLETO,-4,SERVIDOR PÚBLICO MUNICIPAL,MDB
PB,João Pessoa,VEREADOR,SUPLENTE,FEMININO,PRETA,SUPERIOR INCOMPLETO,-4,"ESTUDANTE, BOLSISTA, ESTAGIÁRIO E ASSEMELHADOS",MDB
PB,João Pessoa,VEREADOR,SUPLENTE,MASCULINO,PRETA,SUPERIOR COMPLETO,-4,ECONOMISTA,MDB
PB,João Pessoa,VEREADOR,SUPLENTE,MASCULINO,PARDA,SUPERIOR COMPLETO,-4,PROFESSOR DE ENSINO FUNDAMENTAL,AVANTE
PB,João Pessoa,VEREADOR,SUPLENTE,FEMININO,INDÍGENA,ENSINO MÉDIO COMPLETO,-4,OUTROS,AVANTE
PB,João Pessoa,VEREADOR,SUPLENTE,MASCULINO,BRANCA,ENSINO MÉDIO COMPLETO,-4,OUTROS,PL
PB,João Pessoa,VEREADOR,SUPLENTE,MASCULINO,PARDA,ENSINO MÉDIO COMPLETO,-4,PROFESSOR DE ENSINO FUNDAMENTAL,DC
PB,João Pessoa,VEREADOR,SUPLENTE,MASCULINO,PRETA,ENSINO FUNDAMENTAL COMPLETO,-4,OUTROS,DC
PB,João Pessoa,VEREADOR,SUPLENTE,MASCULINO,PRETA,SUPERIOR COMPLETO,-4,POLICIAL MILITAR,DC
PB,João Pessoa,VEREADOR,SUPLENTE,FEMININO,BRANCA,SUPERIOR COMPLETO,-4,BIÓLOGO,PSB
PB,João Pessoa,VEREADOR,SUPLENTE,MASCULINO,PARDA,ENSINO MÉDIO COMPLETO,-4,SERVIDOR PÚBLICO MUNICIPAL,PSB
PB,João Pessoa,VEREADOR,SUPLENTE,MASCULINO,PARDA,ENSINO MÉDIO COMPLETO,-4,VEREADOR,PSB
PB,João Pessoa,VEREADOR,SUPLENTE,MASCULINO,PRETA,SUPERIOR COMPLETO,-4,OUTROS,PSB
PB,João Pessoa,VEREADOR,SUPLENTE,FEMININO,BRANCA,ENSINO MÉDIO COMPLETO,-4,GERENTE,PSB
PB,João Pessoa,VEREADOR,NÃO ELEITO,FEMININO,BRANCA,ENSINO MÉDIO INCOMPLETO,-4,DONA DE CASA,NOVO
PB,João Pessoa,VEREADOR,NÃO ELEITO,MASCULINO,BRANCA,ENSINO MÉDIO COMPLETO,-4,BOMBEIRO MILITAR,NOVO
PB,João Pessoa,VEREADOR,NÃO ELEITO,MASCULINO,BRANCA,SUPERIOR COMPLETO,-4,ADMINISTRADOR,NOVO
PB,João Pessoa,VEREADOR,SUPLENTE,MASCULINO,PARDA,ENSINO MÉDIO COMPLETO,-4,MÚSICO,PODE
PB,João Pessoa,VEREADOR,SUPLENTE,FEMININO,PRETA,SUPERIOR COMPLETO,-4,ENFERMEIRO,PODE
PB,João Pessoa,VEREADOR,SUPLENTE,MASCULINO,PARDA,SUPERIOR COMPLETO,-4,ADVOGADO,MOBILIZA
PB,João Pessoa,VEREADOR,NÃO ELEITO,FEMININO,PARDA,SUPERIOR INCOMPLETO,-4,OUTROS,UP
PB,João Pessoa,VEREADOR,SUPLENTE,MASCULINO,PRETA,SUPERIOR INCOMPLETO,-4,ARTISTA PLÁSTICO E ASSEMELHADOS,PC do B
PB,João Pessoa,VEREADOR,SUPLENTE,MASCULINO,BRANCA,SUPERIOR COMPLETO,-4,"TÉCNICO CONTABILIDADE, ESTATÍSTICA, ECONOMIA DOMÉSTICA E ADMINISTRAÇÃO",PT
PB,João Pessoa,VEREADOR,SUPLENTE,FEMININO,PARDA,SUPERIOR INCOMPLETO,-4,CABELEIREIRO E BARBEIRO,PV
PB,João Pessoa,PREFEITO,ELEITO,MASCULINO,PARDA,ENSINO MÉDIO COMPLETO,-4,PREFEITO,PP
PB,João Pessoa,VEREADOR,NÃO ELEITO,MASCULINO,BRANCA,SUPERIOR COMPLETO,-4,AGRICULTOR,SOLIDARIEDADE
PB,João Pessoa,VEREADOR,#NULO,MASCULINO,PARDA,ENSINO MÉDIO COMPLETO,-4,OUTROS,MOBILIZA
PB,João Pessoa,VEREADOR,SUPLENTE,MASCULINO,PARDA,LÊ E ESCREVE,-4,COMERCIANTE,AGIR
PB,João Pessoa,VEREADOR,SUPLENTE,MASCULINO,PARDA,SUPERIOR COMPLETO,-4,SERVIDOR PÚBLICO FEDERAL,SOLIDARIEDADE
PB,João Pessoa,VEREADOR,SUPLENTE,MASCULINO,BRANCA,SUPERIOR COMPLETO,-4,ADMINISTRADOR,SOLIDARIEDADE
PB,João Pessoa,VEREADOR,SUPLENTE,MASCULINO,PARDA,ENSINO FUNDAMENTAL COMPLETO,-4,MOTOBOY,PP
PB,João Pessoa,VEREADOR,SUPLENTE,MASCULINO,PARDA,ENSINO MÉDIO COMPLETO,-4,OUTROS,PP
PB,João Pessoa,VEREADOR,SUPLENTE,FEMININO,BRANCA,SUPERIOR COMPLETO,-4,OUTROS,PP
PB,João Pessoa,VEREADOR,SUPLENTE,MASCULINO,PARDA,SUPERIOR COMPLETO,-4,SERVIDOR PÚBLICO MUNICIPAL,PSD
PB,João Pessoa,VEREADOR,SUPLENTE,MASCULINO,PRETA,ENSINO FUNDAMENTAL COMPLETO,-4,OUTROS,PSD
PB,João Pessoa,VEREADOR,SUPLENTE,FEMININO,BRANCA,SUPERIOR COMPLETO,-4,VETERINÁRIO,PDT
PB,João Pessoa,VEREADOR,ELEITO POR QP,MASCULINO,BRANCA,SUPERIOR COMPLETO,-4,SERVIDOR PÚBLICO FEDERAL,PDT
PB,João Pessoa,VEREADOR,SUPLENTE,FEMININO,PRETA,ENSINO MÉDIO COMPLETO,-4,SERVIDOR PÚBLICO MUNICIPAL,PDT
PB,João Pessoa,VEREADOR,SUPLENTE,MASCULINO,PARDA,SUPERIOR COMPLETO,-4,SERVIDOR PÚBLICO ESTADUAL,PDT
PB,João Pessoa,VEREADOR,NÃO ELEITO,FEMININO,PARDA,ENSINO MÉDIO COMPLETO,-4,OUTROS,REDE
PB,João Pessoa,VEREADOR,NÃO ELEITO,FEMININO,BRANCA,SUPERIOR INCOMPLETO,-4,"ESTUDANTE, BOLSISTA, ESTAGIÁRIO E ASSEMELHADOS",PCO
PB,João Pessoa,VEREADOR,NÃO ELEITO,MASCULINO,BRANCA,SUPERIOR COMPLETO,-4,SERVIDOR PÚBLICO FEDERAL,PCO
PB,João Pessoa,VEREADOR,SUPLENTE,MASCULINO,PARDA,SUPERIOR INCOMPLETO,-4,COMERCIANTE,MDB
PB,João Pessoa,VEREADOR,SUPLENTE,FEMININO,PARDA,ENSINO MÉDIO INCOMPLETO,-4,CABELEIREIRO E BARBEIRO,MDB
PB,João Pessoa,VEREADOR,SUPLENTE,FEMININO,PARDA,SUPERIOR COMPLETO,-4,COMERCIANTE,MDB
PB,João Pessoa,VEREADOR,SUPLENTE,FEMININO,BRANCA,ENSINO MÉDIO COMPLETO,-4,COMERCIANTE,MDB
PB,João Pessoa,VEREADOR,SUPLENTE,MASCULINO,BRANCA,SUPERIOR COMPLETO,-4,VEREADOR,AVANTE
PB,João Pessoa,VEREADOR,SUPLENTE,MASCULINO,BRANCA,ENSINO MÉDIO COMPLETO,-4,EMPRESÁRIO,AVANTE
PB,João Pessoa,VEREADOR,SUPLENTE,FEMININO,BRANCA,ENSINO MÉDIO COMPLETO,-4,OUTROS,PL
PB,João Pessoa,VEREADOR,SUPLENTE,MASCULINO,PARDA,SUPERIOR COMPLETO,-4,POLICIAL CIVIL,PL
PB,João Pessoa,VEREADOR,SUPLENTE,MASCULINO,BRANCA,SUPERIOR COMPLETO,-4,OUTROS,PL
PB,João Pessoa,VEREADOR,SUPLENTE,FEMININO,BRANCA,SUPERIOR INCOMPLETO,-4,TÉCNICO DE ENFERMAGEM E ASSEMELHADOS (EXCETO ENFERMEIRO),PL
PB,João Pessoa,VEREADOR,SUPLENTE,FEMININO,BRANCA,SUPERIOR COMPLETO,-4,OUTROS,PL
PB,João Pessoa,VEREADOR,SUPLENTE,MASCULINO,BRANCA,ENSINO MÉDIO INCOMPLETO,-4,OUTROS,PL
PB,João Pessoa,VEREADOR,SUPLENTE,MASCULINO,BRANCA,ENSINO FUNDAMENTAL COMPLETO,-4,MOTORISTA DE VEÍCULOS DE TRANSPORTE COLETIVO DE PASSAGEIROS,DC
PB,João Pessoa,VEREADOR,SUPLENTE,MASCULINO,PRETA,ENSINO MÉDIO INCOMPLETO,-4,OUTROS,DC
PB,João Pessoa,VEREADOR,SUPLENTE,FEMININO,BRANCA,ENSINO MÉDIO COMPLETO,-4,TERAPEUTA,PSB
PB,João Pessoa,VEREADOR,SUPLENTE,MASCULINO,BRANCA,SUPERIOR COMPLETO,-4,MÉDICO,PSB
PB,João Pessoa,VEREADOR,NÃO ELEITO,FEMININO,PARDA,SUPERIOR COMPLETO,-4,ADMINISTRADOR,NOVO
PB,João Pessoa,VEREADOR,NÃO ELEITO,FEMININO,PARDA,SUPERIOR INCOMPLETO,-4,PEDAGOGO,NOVO
PB,João Pessoa,VEREADOR,SUPLENTE,FEMININO,PRETA,SUPERIOR COMPLETO,-4,ASSISTENTE SOCIAL,PODE
PB,João Pessoa,VEREADOR,SUPLENTE,MASCULINO,PARDA,ENSINO MÉDIO COMPLETO,-4,CABELEIREIRO E BARBEIRO,PODE
PB,João Pessoa,VEREADOR,SUPLENTE,MASCULINO,BRANCA,SUPERIOR COMPLETO,-4,ADMINISTRADOR,PODE
PB,João Pessoa,VEREADOR,SUPLENTE,MASCULINO,PARDA,ENSINO MÉDIO COMPLETO,-4,BOMBEIRO MILITAR,PODE
PB,João Pessoa,VEREADOR,ELEITO POR QP,MASCULINO,PARDA,SUPERIOR COMPLETO,-4,OUTROS,MOBILIZA
PB,João Pessoa,VEREADOR,SUPLENTE,MASCULINO,PARDA,ENSINO MÉDIO INCOMPLETO,-4,OUTROS,MOBILIZA
PB,João Pessoa,VEREADOR,SUPLENTE,FEMININO,BRANCA,ENSINO FUNDAMENTAL COMPLETO,-4,OUTROS,MOBILIZA
PB,João Pessoa,VEREADOR,SUPLENTE,MASCULINO,PRETA,ENSINO MÉDIO COMPLETO,-4,ESCRITOR E CRÍTICO,PV
PB,João Pessoa,VEREADOR,ELEITO POR QP,MASCULINO,BRANCA,SUPERIOR COMPLETO,-4,ADMINISTRADOR,PV
PB,João Pessoa,VEREADOR,SUPLENTE,MASCULINO,PARDA,SUPERIOR COMPLETO,-4,SERVIDOR PÚBLICO ESTADUAL,PT
PB,João Pessoa,PREFEITO,NÃO ELEITO,MASCULINO,PARDA,SUPERIOR COMPLETO,-4,ADVOGADO,UP
PE,Recife,VEREADOR,NÃO ELEITO,FEMININO,BRANCA,SUPERIOR COMPLETO,-4,OUTROS,PCO
PE,Recife,PREFEITO,NÃO ELEITO,MASCULINO,PRETA,ENSINO MÉDIO COMPLETO,-4,JORNALISTA E REDATOR,PCO
PE,Recife,VEREADOR,#NULO,FEMININO,BRANCA,SUPERIOR COMPLETO,-4,SERVIDOR PÚBLICO ESTADUAL,AVANTE
PE,Recife,VEREADOR,#NULO,MASCULINO,PARDA,ENSINO MÉDIO COMPLETO,-4,ELETRICISTA E ASSEMELHADOS,PSDB
PE,Recife,VEREADOR,#NULO,FEMININO,PARDA,SUPERIOR INCOMPLETO,-4,OUTROS,MDB
PE,Recife,VEREADOR,SUPLENTE,MASCULINO,BRANCA,ENSINO MÉDIO COMPLETO,-4,ADMINISTRADOR,PRD
PE,Recife,VEREADOR,SUPLENTE,FEMININO,PARDA,ENSINO MÉDIO COMPLETO,-4,AGENTE ADMINISTRATIVO,PRD
PE,Recife,VEREADOR,SUPLENTE,MASCULINO,PARDA,ENSINO MÉDIO COMPLETO,-4,EMPRESÁRIO,PRD
PE,Recife,VEREADOR,SUPLENTE,MASCULINO,PARDA,ENSINO MÉDIO COMPLETO,-4,OUTROS,PRD
PE,Recife,VEREADOR,SUPLENTE,MASCULINO,BRANCA,SUPERIOR COMPLETO,-4,MEMBRO DAS FORÇAS ARMADAS,PRD
PE,Recife,VEREADOR,SUPLENTE,FEMININO,PRETA,ENSINO MÉDIO COMPLETO,-4,ENFERMEIRO,PRD
PE,Recife,VEREADOR,SUPLENTE,MASCULINO,PRETA,ENSINO FUNDAMENTAL COMPLETO,-4,ELETRICISTA E ASSEMELHADOS,AVANTE
PE,Recife,VEREADOR,SUPLENTE,MASCULINO,PARDA,ENSINO MÉDIO INCOMPLETO,-4,OUTROS,AVANTE
PE,Recife,VEREADOR,SUPLENTE,FEMININO,BRANCA,SUPERIOR COMPLETO,-4,OUTROS,AVANTE
PE,Recife,VEREADOR,ELEITO POR QP,MASCULINO,BRANCA,SUPERIOR COMPLETO,-4,EMPRESÁRIO,PSB
PE,Recife,VEREADOR,SUPLENTE,FEMININO,PRETA,SUPERIOR COMPLETO,-4,"ESTUDANTE, BOLSISTA, ESTAGIÁRIO E ASSEMELHADOS",PSB
PE,Recife,VEREADOR,SUPLENTE,MASCULINO,PARDA,ENSINO MÉDIO COMPLETO,-4,EMPRESÁRIO,PV
PE,Recife,VEREADOR,SUPLENTE,MASCULINO,BRANCA,ENSINO MÉDIO COMPLETO,-4,OUTROS,PT
PE,Recife,VEREADOR,SUPLENTE,MASCULINO,BRANCA,ENSINO MÉDIO COMPLETO,-4,EMPRESÁRIO,PV
PE,Recife,VEREADOR,SUPLENTE,MASCULINO,BRANCA,SUPERIOR COMPLETO,-4,ADVOGADO,PT
PE,Recife,VEREADOR,SUPLENTE,MASCULINO,BRANCA,SUPERIOR COMPLETO,-4,ADMINISTRADOR,PT
PE,Recife,VEREADOR,NÃO ELEITO,FEMININO,PRETA,ENSINO MÉDIO COMPLETO,-4,VENDEDOR DE COMÉRCIO VAREJISTA E ATACADISTA,DC
PE,Recife,VEREADOR,NÃO ELEITO,FEMININO,BRANCA,ENSINO MÉDIO COMPLETO,-4,"ESTUDANTE, BOLSISTA, ESTAGIÁRIO E ASSEMELHADOS",DC
PE,Recife,VEREADOR,NÃO ELEITO,MASCULINO,PARDA,SUPERIOR INCOMPLETO,-4,OUTROS,DC
PE,Recife,VEREADOR,SUPLENTE,FEMININO,PRETA,SUPERIOR COMPLETO,-4,PROFESSOR DE ENSINO DE PRIMEIRO E SEGUNDO GRAUS,PSOL
PE,Recife,VEREADOR,SUPLENTE,FEMININO,PRETA,ENSINO FUNDAMENTAL COMPLETO,-4,OUTROS,PSOL
PE,Recife,VEREADOR,SUPLENTE,FEMININO,PARDA,SUPERIOR COMPLETO,-4,PROFESSOR DE ENSINO MÉDIO,PSOL
PE,Recife,VEREADOR,SUPLENTE,MASCULINO,PRETA,ENSINO MÉDIO COMPLETO,-4,EMPRESÁRIO,REDE
PE,Recife,VEREADOR,SUPLENTE,MASCULINO,PARDA,SUPERIOR COMPLETO,-4,APOSENTADO (EXCETO SERVIDOR PÚBLICO),PL
PE,Recife,VEREADOR,SUPLENTE,MASCULINO,PARDA,SUPERIOR COMPLETO,-4,EMPRESÁRIO,PL
PE,Recife,VEREADOR,SUPLENTE,MASCULINO,BRANCA,SUPERIOR COMPLETO,-4,MÉDICO,PSD
PE,Recife,VEREADOR,SUPLENTE,MASCULINO,PARDA,ENSINO MÉDIO COMPLETO,-4,VIGILANTE,PSD
PE,Recife,VEREADOR,SUPLENTE,MASCULINO,PRETA,ENSINO MÉDIO COMPLETO,-4,OUTROS,PSD
PE,Recife,VEREADOR,SUPLENTE,FEMININO,PARDA,SUPERIOR COMPLETO,-4,EMPRESÁRIO,PP
PE,Recife,VEREADOR,SUPLENTE,FEMININO,PARDA,ENSINO MÉDIO COMPLETO,-4,OUTROS,PP
PE,Recife,VEREADOR,SUPLENTE,MASCULINO,BRANCA,ENSINO MÉDIO COMPLETO,-4,OUTROS,PP
PE,Recife,VEREADOR,SUPLENTE,MASCULINO,PARDA,SUPERIOR COMPLETO,-4,OUTROS,PP
PE,Recife,VEREADOR,SUPLENTE,FEMININO,PARDA,ENSINO FUNDAMENTAL COMPLETO,-4,TÉCNICO DE ENFERMAGEM E ASSEMELHADOS (EXCETO ENFERMEIRO),PP
PE,Recife,VEREADOR,SUPLENTE,MASCULINO,PARDA,ENSINO FUNDAMENTAL INCOMPLETO,-4,OUTROS,PP
PE,Recife,VEREADOR,NÃO ELEITO,MASCULINO,PARDA,SUPERIOR COMPLETO,-4,OUTROS,CIDADANIA
PE,Recife,VEREADOR,NÃO ELEITO,MASCULINO,BRANCA,SUPERIOR INCOMPLETO,-4,COMERCIANTE,PSDB
PE,Recife,VEREADOR,SUPLENTE,MASCULINO,BRANCA,ENSINO MÉDIO COMPLETO,-4,SERVIDOR PÚBLICO MUNICIPAL,MDB
PE,Recife,VEREADOR,SUPLENTE,MASCULINO,PARDA,ENSINO MÉDIO INCOMPLETO,-4,EMPRESÁRIO,MDB
PE,Recife,VEREADOR,NÃO ELEITO,MASCULINO,BRANCA,SUPERIOR COMPLETO,-4,OUTROS,MOBILIZA
PE,Recife,VEREADOR,NÃO ELEITO,MASCULINO,BRANCA,ENSINO MÉDIO COMPLETO,-4,OUTROS,MOBILIZA
PE,Recife,VEREADOR,NÃO ELEITO,FEMININO,PRETA,ENSINO MÉDIO INCOMPLETO,-4,OUTROS,MOBILIZA
PE,Recife,VEREADOR,NÃO ELEITO,MASCULINO,PARDA,ENSINO MÉDIO COMPLETO,-4,OUTROS,MOBILIZA
PE,Recife,VEREADOR,SUPLENTE,MASCULINO,PARDA,ENSINO MÉDIO COMPLETO,-4,POLICIAL MILITAR,REPUBLICANOS
PE,Recife,VEREADOR,SUPLENTE,MASCULINO,PARDA,ENSINO MÉDIO COMPLETO,-4,ADMINISTRADOR,REPUBLICANOS
PE,Recife,VEREADOR,SUPLENTE,FEMININO,BRANCA,ENSINO MÉDIO COMPLETO,-4,ADMINISTRADOR,REPUBLICANOS
PE,Recife,VEREADOR,SUPLENTE,FEMININO,PARDA,SUPERIOR COMPLETO,-4,ADVOGADO,NOVO
PE,Recife,VEREADOR,SUPLENTE,MASCULINO,BRANCA,SUPERIOR COMPLETO,-4,ADMINISTRADOR,NOVO
PE,Recife,VEREADOR,SUPLENTE,MASCULINO,BRANCA,SUPERIOR COMPLETO,-4,MÉDICO,NOVO
PE,Recife,PREFEITO,NÃO ELEITO,FEMININO,PRETA,SUPERIOR COMPLETO,-4,ENFERMEIRO,UP
PE,Recife,VEREADOR,NÃO ELEITO,FEMININO,PARDA,ENSINO MÉDIO COMPLETO,-4,OUTROS,AVANTE
PE,Recife,VEREADOR,#NULO,MASCULINO,BRANCA,ENSINO MÉDIO COMPLETO,-4,"PORTEIRO DE EDIFÍCIO, ASCENSORISTA, GARAGISTA E ZELADOR",PSD
PE,Recife,VEREADOR,#NULO,MASCULINO,PRETA,ENSINO MÉDIO COMPLETO,-4,MOTORISTA DE VEÍCULOS DE TRANSPORTE DE CARGA,PP
PE,Recife,VEREADOR,#NULO,MASCULINO,BRANCA,ENSINO FUNDAMENTAL INCOMPLETO,-4,OUTROS,PP
PE,Recife,VEREADOR,#NULO,MASCULINO,PARDA,ENSINO MÉDIO INCOMPLETO,-4,EMPRESÁRIO,PSDB
PE,Recife,VEREADOR,NÃO ELEITO,FEMININO,PRETA,SUPERIOR COMPLETO,-4,SERVIDOR PÚBLICO CIVIL APOSENTADO,PSTU
PE,Recife,VEREADOR,ELEITO POR QP,MASCULINO,PARDA,SUPERIOR COMPLETO,-4,VEREADOR,PRD
PE,Recife,VEREADOR,SUPLENTE,FEMININO,PARDA,ENSINO MÉDIO COMPLETO,-4,DONA DE CASA,PRD
PE,Recife,VEREADOR,SUPLENTE,MASCULINO,BRANCA,SUPERIOR COMPLETO,-4,SERVIDOR PÚBLICO ESTADUAL,PRD
PE,Recife,VEREADOR,SUPLENTE,MASCULINO,PARDA,SUPERIOR COMPLETO,-4,ADVOGADO,PRD
PE,Recife,VEREADOR,SUPLENTE,MASCULINO,PARDA,ENSINO MÉDIO COMPLETO,-4,OUTROS,AVANTE
PE,Recife,VEREADOR,SUPLENTE,MASCULINO,PARDA,SUPERIOR COMPLETO,-4,OUTROS,AVANTE
PE,Recife,VEREADOR,SUPLENTE,MASCULINO,BRANCA,SUPERIOR COMPLETO,-4,SERVIDOR PÚBLICO MUNICIPAL,AVANTE
PE,Recife,VEREADOR,SUPLENTE,FEMININO,PARDA,ENSINO MÉDIO COMPLETO,-4,OUTROS,AVANTE
PE,Recife,VEREADOR,ELEITO POR QP,MASCULINO,PRETA,SUPERIOR COMPLETO,-4,ADMINISTRADOR,PSB
PE,Recife,VEREADOR,SUPLENTE,MASCULINO,PARDA,SUPERIOR COMPLETO,-4,OUTROS,PSB
PE,Recife,VEREADOR,ELEITO POR QP,MASCULINO,PRETA,SUPERIOR COMPLETO,-4,VEREADOR,PSB
PE,Recife,VEREADOR,SUPLENTE,FEMININO,BRANCA,SUPERIOR COMPLETO,-4,MÉDICO,PSB
PE,Recife,VEREADOR,SUPLENTE,MASCULINO,PRETA,ENSINO MÉDIO COMPLETO,-4,OUTROS,PSB
PE,Recife,VEREADOR,ELEITO POR QP,MASCULINO,BRANCA,SUPERIOR COMPLETO,-4,VEREADOR,PSB
PE,Recife,VEREADOR,ELEITO POR QP,MASCULINO,BRANCA,SUPERIOR INCOMPLETO,-4,VEREADOR,PV
PE,Recife,VEREADOR,SUPLENTE,MASCULINO,BRANCA,ENSINO MÉDIO COMPLETO,-4,"ESTUDANTE, BOLSISTA, ESTAGIÁRIO E ASSEMELHADOS",PV
PE,Recife,VEREADOR,SUPLENTE,MASCULINO,BRANCA,ENSINO MÉDIO COMPLETO,-4,VEREADOR,PV
PE,Recife,VEREADOR,SUPLENTE,MASCULINO,BRANCA,ENSINO MÉDIO COMPLETO,-4,COMERCIANTE,PV
PE,Recife,VEREADOR,SUPLENTE,FEMININO,BRANCA,SUPERIOR COMPLETO,-4,ARQUITETO,PV
PE,Recife,VEREADOR,NÃO ELEITO,FEMININO,BRANCA,ENSINO MÉDIO COMPLETO,-4,OUTROS,DC
PE,Recife,VEREADOR,NÃO ELEITO,FEMININO,PRETA,SUPERIOR COMPLETO,-4,PROFESSOR DE ENSINO FUNDAMENTAL,DC
PE,Recife,VEREADOR,NÃO ELEITO,MASCULINO,BRANCA,ENSINO FUNDAMENTAL COMPLETO,-4,EMPRESÁRIO,DC
PE,Recife,VEREADOR,NÃO ELEITO,MASCULINO,PARDA,SUPERIOR COMPLETO,-4,TÉCNICO DE LABORATÓRIO E RAIOS X,DC
PE,Recife,VEREADOR,NÃO ELEITO,MASCULINO,PARDA,SUPERIOR COMPLETO,-4,ODONTÓLOGO,DC
PE,Recife,VEREADOR,NÃO ELEITO,MASCULINO,BRANCA,ENSINO MÉDIO COMPLETO,-4,OUTROS,DC
PE,Recife,VEREADOR,SUPLENTE,MASCULINO,BRANCA,SUPERIOR COMPLETO,-4,MÉDICO,REDE
PE,Recife,VEREADOR,SUPLENTE,FEMININO,PRETA,ENSINO MÉDIO COMPLETO,-4,OUTROS,PSOL
PE,Recife,VEREADOR,SUPLENTE,FEMININO,PARDA,SUPERIOR COMPLETO,-4,"ESTUDANTE, BOLSISTA, ESTAGIÁRIO E ASSEMELHADOS",PSOL
PE,Recife,VEREADOR,SUPLENTE,FEMININO,BRANCA,SUPERIOR COMPLETO,-4,ADMINISTRADOR,PL
PE,Recife,VEREADOR,SUPLENTE,FEMININO,BRANCA,ENSINO FUNDAMENTAL COMPLETO,-4,OUTROS,PL
PE,Recife,VEREADOR,SUPLENTE,FEMININO,BRANCA,SUPERIOR COMPLETO,-4,TÉCNICO DE ENFERMAGEM E ASSEMELHADOS (EXCETO ENFERMEIRO),PL
PE,Recife,VEREADOR,ELEITO POR QP,MASCULINO,BRANCA,SUPERIOR COMPLETO,-4,EMPRESÁRIO,PL
PE,Recife,VEREADOR,SUPLENTE,MASCULINO,PARDA,ENSINO MÉDIO COMPLETO,-4,OUTROS,PL
PE,Recife,VEREADOR,SUPLENTE,FEMININO,PRETA,SUPERIOR COMPLETO,-4,ASSISTENTE SOCIAL,PSD
PE,Recife,VEREADOR,ELEITO POR QP,MASCULINO,PARDA,ENSINO MÉDIO COMPLETO,-4,VEREADOR,PSD
PE,Recife,VEREADOR,SUPLENTE,MASCULINO,PARDA,ENSINO FUNDAMENTAL COMPLETO,-4,COMERCIANTE,PSD
PE,Recife,VEREADOR,SUPLENTE,FEMININO,BRANCA,SUPERIOR INCOMPLETO,-4,EMPRESÁRIO,PSD
PE,Recife,VEREADOR,NÃO ELEITO,MASCULINO,PARDA,SUPERIOR INCOMPLETO,-4,"ESTUDANTE, BOLSISTA, ESTAGIÁRIO E ASSEMELHADOS",SOLIDARIEDADE
PE,Recife,VEREADOR,SUPLENTE,MASCULINO,PRETA,SUPERIOR INCOMPLETO,-4,OUTROS,PP
PE,Recife,VEREADOR,SUPLENTE,FEMININO,BRANCA,SUPERIOR INCOMPLETO,-4,AGENTE DE VIAGEM,PP
PE,Recife,VEREADOR,SUPLENTE,MASCULINO,BRANCA,SUPERIOR COMPLETO,-4,APOSENTADO (EXCETO SERVIDOR PÚBLICO),PP
PE,Recife,VEREADOR,SUPLENTE,MASCULINO,PARDA,ENSINO MÉDIO COMPLETO,-4,OUTROS,PP
PE,Recife,VEREADOR,NÃO ELEITO,MASCULINO,BRANCA,ENSINO FUNDAMENTAL COMPLETO,-4,COMERCIANTE,CIDADANIA
PE,Recife,VEREADOR,NÃO ELEITO,FEMININO,BRANCA,SUPERIOR COMPLETO,-4,OUTROS,CIDADANIA
PE,Recife,VEREADOR,NÃO ELEITO,FEMININO,BRANCA,ENSINO MÉDIO COMPLETO,-4,OUTROS,PSDB
PE,Recife,VEREADOR,SUPLENTE,FEMININO,BRANCA,SUPERIOR INCOMPLETO,-4,AUXILIAR DE ESCRITÓRIO E ASSEMELHADOS,MDB
PE,Recife,VEREADOR,SUPLENTE,FEMININO,PRETA,ENSINO MÉDIO COMPLETO,-4,OUTROS,MDB
PE,Recife,VEREADOR,SUPLENTE,MASCULINO,PARDA,ENSINO MÉDIO COMPLETO,-4,ADMINISTRADOR,MDB
PE,Recife,VEREADOR,SUPLENTE,MASCULINO,PRETA,ENSINO MÉDIO COMPLETO,-4,OUTROS,MDB
PE,Recife,VEREADOR,SUPLENTE,MASCULINO,PARDA,ENSINO MÉDIO COMPLETO,-4,OUTROS,MDB
PE,Recife,VEREADOR,SUPLENTE,MASCULINO,BRANCA,SUPERIOR COMPLETO,-4,ADMINISTRADOR,REPUBLICANOS
PE,Recife,VEREADOR,SUPLENTE,MASCULINO,BRANCA,ENSINO MÉDIO COMPLETO,-4,ADMINISTRADOR,REPUBLICANOS
PE,Recife,VEREADOR,SUPLENTE,MASCULINO,BRANCA,ENSINO MÉDIO COMPLETO,-4,SERVIDOR PÚBLICO MUNICIPAL,REPUBLICANOS
PE,Recife,VEREADOR,SUPLENTE,MASCULINO,PRETA,ENSINO MÉDIO COMPLETO,-4,ADMINISTRADOR,REPUBLICANOS
PE,Recife,VEREADOR,SUPLENTE,MASCULINO,PRETA,ENSINO MÉDIO COMPLETO,-4,EMPRESÁRIO,REPUBLICANOS
PE,Recife,VEREADOR,SUPLENTE,MASCULINO,PARDA,SUPERIOR COMPLETO,-4,SERVIDOR PÚBLICO FEDERAL,NOVO
PE,Recife,VEREADOR,SUPLENTE,MASCULINO,PARDA,SUPERIOR INCOMPLETO,-4,EMPRESÁRIO,NOVO
PE,Recife,VEREADOR,SUPLENTE,MASCULINO,PARDA,SUPERIOR COMPLETO,-4,EMPRESÁRIO,NOVO
PE,Recife,VEREADOR,SUPLENTE,MASCULINO,PARDA,ENSINO MÉDIO INCOMPLETO,-4,"ESTUDANTE, BOLSISTA, ESTAGIÁRIO E ASSEMELHADOS",NOVO
PE,Recife,VEREADOR,ELEITO POR MÉDIA,MASCULINO,BRANCA,SUPERIOR COMPLETO,-4,JORNALISTA E REDATOR,NOVO
PE,Recife,VICE-PREFEITO,NÃO ELEITO,FEMININO,BRANCA,ENSINO MÉDIO COMPLETO,-4,ADMINISTRADOR,PL
PE,Recife,VEREADOR,#NULO,FEMININO,PRETA,ENSINO MÉDIO COMPLETO,-4,PROFESSOR DE ENSINO DE PRIMEIRO E SEGUNDO GRAUS,PSOL
PE,Recife,VEREADOR,#NULO,FEMININO,BRANCA,SUPERIOR INCOMPLETO,-4,SERVIDOR PÚBLICO MUNICIPAL,PSD
PE,Recife,VEREADOR,#NULO,FEMININO,PARDA,SUPERIOR COMPLETO,-4,OUTROS,PSDB
PE,Recife,VEREADOR,SUPLENTE,FEMININO,BRANCA,ENSINO MÉDIO INCOMPLETO,-4,COMERCIANTE,PRD
PE,Recife,VEREADOR,SUPLENTE,MASCULINO,BRANCA,ENSINO MÉDIO COMPLETO,-4,COMERCIANTE,PRD
PE,Recife,VEREADOR,SUPLENTE,MASCULINO,PRETA,SUPERIOR COMPLETO,-4,PROFESSOR DE ENSINO MÉDIO,PRD
PE,Recife,VEREADOR,SUPLENTE,MASCULINO,PARDA,ENSINO MÉDIO COMPLETO,-4,POLICIAL MILITAR,PRD
PE,Recife,VEREADOR,NÃO ELEITO,FEMININO,PARDA,ENSINO MÉDIO COMPLETO,-4,FAXINEIRO,UP
PE,Recife,VEREADOR,SUPLENTE,FEMININO,BRANCA,ENSINO MÉDIO COMPLETO,-4,OUTROS,AVANTE
PE,Recife,VEREADOR,SUPLENTE,MASCULINO,PRETA,ENSINO MÉDIO COMPLETO,-4,SERVIDOR PÚBLICO MUNICIPAL,AVANTE
PE,Recife,VEREADOR,SUPLENTE,MASCULINO,BRANCA,ENSINO MÉDIO COMPLETO,-4,OUTROS,AVANTE
PE,Recife,VEREADOR,SUPLENTE,FEMININO,PARDA,SUPERIOR COMPLETO,-4,EMPRESÁRIO,AVANTE
PE,Recife,VEREADOR,SUPLENTE,FEMININO,PARDA,LÊ E ESCREVE,-4,OUTROS,PSB
PE,Recife,VEREADOR,SUPLENTE,MASCULINO,BRANCA,SUPERIOR COMPLETO,-4,VEREADOR,PSB
PE,Recife,VEREADOR,SUPLENTE,FEMININO,BRANCA,SUPERIOR COMPLETO,-4,EMPRESÁRIO,PSB
PE,Recife,VEREADOR,ELEITO POR QP,FEMININO,BRANCA,SUPERIOR COMPLETO,-4,MÉDICO,PV
PE,Recife,VEREADOR,SUPLENTE,FEMININO,BRANCA,SUPERIOR COMPLETO,-4,ADVOGADO,PC do B
PE,Recife,VEREADOR,SUPLENTE,FEMININO,PARDA,SUPERIOR COMPLETO,-4,JORNALISTA E REDATOR,PV
PE,Recife,VEREADOR,SUPLENTE,FEMININO,PRETA,SUPERIOR COMPLETO,-4,PROFESSOR DE ENSINO MÉDIO,PV
PE,Recife,VEREADOR,NÃO ELEITO,MASCULINO,PARDA,ENSINO FUNDAMENTAL COMPLETO,-4,COMERCIANTE,DC
PE,Recife,VEREADOR,NÃO ELEITO,MASCULINO,PARDA,LÊ E ESCREVE,-4,COMERCIANTE,DC
PE,Recife,VEREADOR,NÃO ELEITO,FEMININO,BRANCA,ENSINO MÉDIO INCOMPLETO,-4,OUTROS,DC
PE,Recife,VEREADOR,NÃO ELEITO,MASCULINO,BRANCA,SUPERIOR COMPLETO,-4,MÉDICO,DC
PE,Recife,VEREADOR,NÃO ELEITO,MASCULINO,BRANCA,ENSINO MÉDIO COMPLETO,-4,APOSENTADO (EXCETO SERVIDOR PÚBLICO),DC
PE,Recife,VEREADOR,SUPLENTE,MASCULINO,PRETA,SUPERIOR COMPLETO,-4,OUTROS,PSOL
PE,Recife,VEREADOR,SUPLENTE,MASCULINO,BRANCA,ENSINO MÉDIO COMPLETO,-4,OUTROS,PSOL
PE,Recife,VEREADOR,SUPLENTE,FEMININO,BRANCA,SUPERIOR INCOMPLETO,-4,APOSENTADO (EXCETO SERVIDOR PÚBLICO),REDE
PE,Recife,VEREADOR,SUPLENTE,MASCULINO,BRANCA,ENSINO MÉDIO COMPLETO,-4,OUTROS,PL
PE,Recife,VEREADOR,SUPLENTE,FEMININO,BRANCA,SUPERIOR COMPLETO,-4,OUTROS,PL
PE,Recife,VEREADOR,SUPLENTE,MASCULINO,PARDA,SUPERIOR COMPLETO,-4,ADVOGADO,PL
PE,Recife,VEREADOR,SUPLENTE,FEMININO,PARDA,ENSINO MÉDIO INCOMPLETO,-4,OUTROS,PSD
PE,Recife,VEREADOR,SUPLENTE,FEMININO,PARDA,SUPERIOR COMPLETO,-4,SERVIDOR PÚBLICO ESTADUAL,PSD
PE,Recife,VEREADOR,ELEITO POR QP,MASCULINO,PRETA,ENSINO FUNDAMENTAL INCOMPLETO,-4,VEREADOR,PSD
PE,Recife,VEREADOR,SUPLENTE,MASCULINO,BRANCA,ENSINO MÉDIO COMPLETO,-4,APOSENTADO (EXCETO SERVIDOR PÚBLICO),PP
PE,Recife,VEREADOR,SUPLENTE,MASCULINO,PARDA,SUPERIOR INCOMPLETO,-4,OUTROS,PP
PE,Recife,VEREADOR,NÃO ELEITO,MASCULINO,BRANCA,ENSINO MÉDIO COMPLETO,-4,APOSENTADO (EXCETO SERVIDOR PÚBLICO),PSDB
PE,Recife,VEREADOR,NÃO ELEITO,MASCULINO,BRANCA,SUPERIOR COMPLETO,-4,EMPRESÁRIO,PSDB
PE,Recife,VEREADOR,NÃO ELEITO,MASCULINO,PRETA,SUPERIOR COMPLETO,-4,ADMINISTRADOR,PSDB
PE,Recife,VEREADOR,SUPLENTE,FEMININO,AMARELA,SUPERIOR INCOMPLETO,-4,OUTROS,MDB
PE,Recife,VEREADOR,SUPLENTE,MASCULINO,PRETA,ENSINO MÉDIO COMPLETO,-4,"PORTEIRO DE EDIFÍCIO, ASCENSORISTA, GARAGISTA E ZELADOR",MDB
PE,Recife,VEREADOR,SUPLENTE,MASCULINO,PARDA,SUPERIOR COMPLETO,-4,POLICIAL MILITAR,MDB
PE,Recife,VEREADOR,NÃO ELEITO,MASCULINO,PRETA,ENSINO MÉDIO COMPLETO,-4,OUTROS,MOBILIZA
PE,Recife,VEREADOR,NÃO ELEITO,MASCULINO,BRANCA,SUPERIOR COMPLETO,-4,EMPRESÁRIO,MOBILIZA
PE,Recife,VEREADOR,NÃO ELEITO,MASCULINO,PARDA,LÊ E ESCREVE,-4,OUTROS,MOBILIZA
PE,Recife,VEREADOR,NÃO ELEITO,FEMININO,BRANCA,SUPERIOR COMPLETO,-4,OUTROS,MOBILIZA
PE,Recife,VEREADOR,SUPLENTE,MASCULINO,BRANCA,SUPERIOR COMPLETO,-4,ADVOGADO,REPUBLICANOS
PE,Recife,VEREADOR,ELEITO POR QP,FEMININO,BRANCA,SUPERIOR COMPLETO,-4,PROFESSOR DE ENSINO FUNDAMENTAL,REPUBLICANOS
PE,Recife,VEREADOR,SUPLENTE,MASCULINO,BRANCA,SUPERIOR COMPLETO,-4,COMUNICÓLOGO,REPUBLICANOS
PE,Recife,VEREADOR,SUPLENTE,FEMININO,PRETA,SUPERIOR COMPLETO,-4,PROFESSOR DE ENSINO MÉDIO,REPUBLICANOS
PE,Recife,VEREADOR,SUPLENTE,MASCULINO,PARDA,ENSINO MÉDIO INCOMPLETO,-4,SERRALHEIRO,NOVO
PE,Recife,VEREADOR,SUPLENTE,MASCULINO,BRANCA,SUPERIOR INCOMPLETO,-4,MILITAR REFORMADO,NOVO
PE,Recife,VEREADOR,SUPLENTE,FEMININO,PARDA,SUPERIOR COMPLETO,-4,VETERINÁRIO,NOVO
PE,Recife,VEREADOR,SUPLENTE,FEMININO,BRANCA,SUPERIOR COMPLETO,-4,RELAÇÕES-PÚBLICAS,NOVO
PE,Recife,VICE-PREFEITO,ELEITO,MASCULINO,BRANCA,SUPERIOR COMPLETO,-4,ENGENHEIRO,PC do B
PE,Recife,VEREADOR,NÃO ELEITO,FEMININO,BRANCA,ENSINO MÉDIO COMPLETO,-4,EMPRESÁRIO,REDE
PE,Recife,VEREADOR,#NULO,MASCULINO,PARDA,SUPERIOR INCOMPLETO,-4,OUTROS,AVANTE
PE,Recife,VEREADOR,#NULO,FEMININO,PARDA,SUPERIOR COMPLETO,-4,EMPRESÁRIO,PP
PE,Recife,VEREADOR,#NULO,MASCULINO,PARDA,SUPERIOR COMPLETO,-4,SERVIDOR PÚBLICO FEDERAL,PP
PE,Recife,VEREADOR,#NULO,MASCULINO,PARDA,ENSINO MÉDIO COMPLETO,-4,ADMINISTRADOR,REPUBLICANOS
PE,Recife,VEREADOR,NÃO ELEITO,MASCULINO,PRETA,SUPERIOR INCOMPLETO,-4,"ESTUDANTE, BOLSISTA, ESTAGIÁRIO E ASSEMELHADOS",PSTU
PE,Recife,VEREADOR,SUPLENTE,MASCULINO,BRANCA,SUPERIOR COMPLETO,-4,ENGENHEIRO,PRD
PE,Recife,VEREADOR,SUPLENTE,FEMININO,PARDA,ENSINO FUNDAMENTAL COMPLETO,-4,COMERCIANTE,PRD
PE,Recife,VEREADOR,SUPLENTE,MASCULINO,PARDA,SUPERIOR COMPLETO,-4,COMUNICÓLOGO,PRD
PE,Recife,VEREADOR,SUPLENTE,MASCULINO,PARDA,SUPERIOR COMPLETO,-4,COMERCIANTE,PRD
PE,Recife,VEREADOR,SUPLENTE,MASCULINO,PARDA,ENSINO MÉDIO COMPLETO,-4,COMERCIANTE,PRD
PE,Recife,VEREADOR,SUPLENTE,MASCULINO,PRETA,SUPERIOR COMPLETO,-4,OUTROS,AVANTE
PE,Recife,VEREADOR,SUPLENTE,FEMININO,BRANCA,SUPERIOR COMPLETO,-4,VEREADOR,PSB
PE,Recife,VEREADOR,SUPLENTE,MASCULINO,PRETA,LÊ E ESCREVE,-4,OUTROS,PSB
PE,Recife,VEREADOR,ELEITO POR MÉDIA,FEMININO,BRANCA,SUPERIOR INCOMPLETO,-4,"ESTUDANTE, BOLSISTA, ESTAGIÁRIO E ASSEMELHADOS",PT
PE,Recife,VEREADOR,SUPLENTE,MASCULINO,PRETA,ENSINO MÉDIO COMPLETO,-4,OUTROS,PC do B
PE,Recife,VEREADOR,SUPLENTE,FEMININO,PARDA,ENSINO MÉDIO INCOMPLETO,-4,OUTROS,PT
PE,Recife,VEREADOR,SUPLENTE,FEMININO,PRETA,ENSINO FUNDAMENTAL COMPLETO,-4,OUTROS,PC do B
PE,Recife,VEREADOR,NÃO ELEITO,MASCULINO,PRETA,ENSINO MÉDIO COMPLETO,-4,OUTROS,DC
PE,Recife,VEREADOR,NÃO ELEITO,MASCULINO,PARDA,SUPERIOR COMPLETO,-4,POLICIAL MILITAR,DC
PE,Recife,VEREADOR,NÃO ELEITO,MASCULINO,PARDA,ENSINO FUNDAMENTAL INCOMPLETO,-4,OUTROS,DC
PE,Recife,VEREADOR,NÃO ELEITO,MASCULINO,BRANCA,SUPERIOR COMPLETO,-4,BOMBEIRO MILITAR,DC
PE,Recife,VEREADOR,SUPLENTE,MASCULINO,BRANCA,SUPERIOR COMPLETO,-4,ADVOGADO,REDE
PE,Recife,VEREADOR,SUPLENTE,MASCULINO,PARDA,ENSINO MÉDIO COMPLETO,-4,OUTROS,PSOL
PE,Recife,VEREADOR,SUPLENTE,MASCULINO,PARDA,ENSINO MÉDIO COMPLETO,-4,AUXILIAR DE ESCRITÓRIO E ASSEMELHADOS,PL
PE,Recife,VEREADOR,SUPLENTE,FEMININO,BRANCA,SUPERIOR COMPLETO,-4,PSICÓLOGO,PL
PE,Recife,VEREADOR,SUPLENTE,MASCULINO,BRANCA,ENSINO FUNDAMENTAL COMPLETO,-4,OUTROS,PL
PE,Recife,VEREADOR,SUPLENTE,MASCULINO,BRANCA,ENSINO MÉDIO INCOMPLETO,-4,EMPRESÁRIO,PL
PE,Recife,VEREADOR,SUPLENTE,MASCULINO,BRANCA,SUPERIOR COMPLETO,-4,PROFESSOR DE ENSINO SUPERIOR,PSD
PE,Recife,VEREADOR,SUPLENTE,MASCULINO,PARDA,SUPERIOR INCOMPLETO,-4,COMERCIÁRIO,PSD
PE,Recife,VEREADOR,SUPLENTE,FEMININO,BRANCA,SUPERIOR COMPLETO,-4,OUTROS,PSD
PE,Recife,VEREADOR,SUPLENTE,FEMININO,PARDA,SUPERIOR INCOMPLETO,-4,EMPRESÁRIO,MDB
PE,Recife,VEREADOR,SUPLENTE,MASCULINO,PARDA,ENSINO FUNDAMENTAL INCOMPLETO,-4,COMERCIANTE,MDB
PE,Recife,VEREADOR,SUPLENTE,MASCULINO,PARDA,ENSINO MÉDIO COMPLETO,-4,VIGILANTE,MDB
PE,Recife,VEREADOR,SUPLENTE,MASCULINO,PARDA,SUPERIOR COMPLETO,-4,PROFESSOR DE ENSINO FUNDAMENTAL,REPUBLICANOS
PE,Recife,VEREADOR,SUPLENTE,FEMININO,BRANCA,SUPERIOR COMPLETO,-4,ADMINISTRADOR,REPUBLICANOS
PE,Recife,VEREADOR,SUPLENTE,FEMININO,AMARELA,ENSINO MÉDIO COMPLETO,-4,ADMINISTRADOR,REPUBLICANOS
PE,Recife,VEREADOR,SUPLENTE,FEMININO,PARDA,ENSINO MÉDIO COMPLETO,-4,OUTROS,NOVO
PE,Recife,VEREADOR,SUPLENTE,MASCULINO,BRANCA,ENSINO MÉDIO COMPLETO,-4,ADMINISTRADOR,NOVO
PE,Recife,VEREADOR,SUPLENTE,MASCULINO,PARDA,SUPERIOR COMPLETO,-4,PROGRAMADOR DE COMPUTADOR,NOVO
PE,Recife,VEREADOR,SUPLENTE,MASCULINO,BRANCA,SUPERIOR COMPLETO,-4,OUTROS,NOVO
PE,Recife,VEREADOR,SUPLENTE,FEMININO,PARDA,ENSINO MÉDIO COMPLETO,-4,VIGILANTE,NOVO
PE,Recife,VEREADOR,SUPLENTE,MASCULINO,PARDA,SUPERIOR COMPLETO,-4,PROFESSOR DE ENSINO MÉDIO,NOVO
PE,Recife,VEREADOR,SUPLENTE,FEMININO,PARDA,SUPERIOR COMPLETO,-4,EMPRESÁRIO,NOVO
PE,Recife,VEREADOR,SUPLENTE,MASCULINO,PARDA,SUPERIOR INCOMPLETO,-4,SERVIDOR PÚBLICO ESTADUAL,NOVO
PE,Recife,PREFEITO,NÃO ELEITO,MASCULINO,BRANCA,SUPERIOR COMPLETO,-4,ADMINISTRADOR,PSD
PE,Recife,PREFEITO,ELEITO,MASCULINO,BRANCA,SUPERIOR COMPLETO,-4,ENGENHEIRO,PSB
PE,Recife,VEREADOR,#NULO,MASCULINO,PARDA,SUPERIOR COMPLETO,-4,SERVIDOR PÚBLICO MUNICIPAL,PL
PE,Recife,VEREADOR,#NULO,MASCULINO,PARDA,ENSINO MÉDIO COMPLETO,-4,OUTROS,PP
PE,Recife,VEREADOR,#NULO,MASCULINO,BRANCA,ENSINO FUNDAMENTAL INCOMPLETO,-4,OUTROS,MOBILIZA
PE,Recife,VEREADOR,SUPLENTE,MASCULINO,BRANCA,ENSINO MÉDIO COMPLETO,-4,EMPRESÁRIO,PRD
PE,Recife,VEREADOR,SUPLENTE,MASCULINO,BRANCA,SUPERIOR COMPLETO,-4,ADVOGADO,PRD
PE,Recife,VEREADOR,SUPLENTE,MASCULINO,PARDA,SUPERIOR COMPLETO,-4,BOMBEIRO MILITAR,PRD
PE,Recife,VEREADOR,SUPLENTE,FEMININO,PRETA,ENSINO MÉDIO COMPLETO,-4,OUTROS,PRD
PE,Recife,VEREADOR,SUPLENTE,FEMININO,PRETA,ENSINO MÉDIO COMPLETO,-4,AUXILIAR DE ESCRITÓRIO E ASSEMELHADOS,PRD
PE,Recife,VEREADOR,SUPLENTE,MASCULINO,PARDA,ENSINO MÉDIO COMPLETO,-4,"TÉCNICO DE ELETRICIDADE, ELETRÔNICA E TELECOMUNICAÇÕES",PRD
PE,Recife,VEREADOR,NÃO ELEITO,MASCULINO,BRANCA,SUPERIOR INCOMPLETO,-4,"ESTUDANTE, BOLSISTA, ESTAGIÁRIO E ASSEMELHADOS",UP
PE,Recife,VEREADOR,SUPLENTE,FEMININO,PARDA,ENSINO FUNDAMENTAL COMPLETO,-4,OUTROS,AVANTE
PE,Recife,VEREADOR,ELEITO POR QP,MASCULINO,PRETA,SUPERIOR COMPLETO,-4,POLICIAL MILITAR,PSB
PE,Recife,VEREADOR,ELEITO POR QP,FEMININO,BRANCA,SUPERIOR COMPLETO,-4,VEREADOR,PSB
PE,Recife,VEREADOR,SUPLENTE,MASCULINO,PARDA,ENSINO FUNDAMENTAL INCOMPLETO,-4,OUTROS,PSB
PE,Recife,VEREADOR,SUPLENTE,FEMININO,PRETA,ENSINO FUNDAMENTAL INCOMPLETO,-4,OUTROS,PSB
PE,Recife,VEREADOR,SUPLENTE,MASCULINO,BRANCA,ENSINO MÉDIO COMPLETO,-4,OUTROS,PSB
PE,Recife,VEREADOR,SUPLENTE,FEMININO,PARDA,SUPERIOR COMPLETO,-4,ENFERMEIRO,PSB
PE,Recife,VEREADOR,SUPLENTE,MASCULINO,BRANCA,ENSINO MÉDIO COMPLETO,-4,VEREADOR,PSB
PE,Recife,VEREADOR,ELEITO POR MÉDIA,MASCULINO,BRANCA,SUPERIOR COMPLETO,-4,VEREADOR,PSB
PE,Recife,VEREADOR,SUPLENTE,FEMININO,BRANCA,SUPERIOR COMPLETO,-4,FISCAL,PSB
PE,Recife,VEREADOR,SUPLENTE,FEMININO,PARDA,SUPERIOR COMPLETO,-4,PROFESSOR DE ENSINO SUPERIOR,PT
PE,Recife,VEREADOR,SUPLENTE,FEMININO,PRETA,ENSINO MÉDIO COMPLETO,-4,OUTROS,PC do B
PE,Recife,VEREADOR,NÃO ELEITO,FEMININO,BRANCA,ENSINO MÉDIO COMPLETO,-4,DONA DE CASA,DC
PE,Recife,VEREADOR,NÃO ELEITO,MASCULINO,BRANCA,SUPERIOR COMPLETO,-4,SERVIDOR PÚBLICO MUNICIPAL,DC
PE,Recife,VEREADOR,NÃO ELEITO,MASCULINO,BRANCA,SUPERIOR COMPLETO,-4,PROFESSOR DE ENSINO MÉDIO,DC
PE,Recife,VEREADOR,NÃO ELEITO,FEMININO,PARDA,ENSINO MÉDIO COMPLETO,-4,TÉCNICO DE ENFERMAGEM E ASSEMELHADOS (EXCETO ENFERMEIRO),DC
PE,Recife,VEREADOR,NÃO ELEITO,MASCULINO,BRANCA,SUPERIOR COMPLETO,-4,SERVIDOR PÚBLICO FEDERAL,DC
PE,Recife,VEREADOR,SUPLENTE,FEMININO,BRANCA,SUPERIOR COMPLETO,-4,OUTROS,PSOL
PE,Recife,VEREADOR,SUPLENTE,MASCULINO,BRANCA,SUPERIOR COMPLETO,-4,ENGENHEIRO,REDE
PE,Recife,VEREADOR,SUPLENTE,MASCULINO,BRANCA,SUPERIOR COMPLETO,-4,OUTROS,PSOL
PE,Recife,VEREADOR,SUPLENTE,MASCULINO,PRETA,ENSINO MÉDIO COMPLETO,-4,OUTROS,PSOL
PE,Recife,VEREADOR,SUPLENTE,MASCULINO,PARDA,SUPERIOR COMPLETO,-4,GERENTE,REDE
PE,Recife,VEREADOR,SUPLENTE,MASCULINO,BRANCA,SUPERIOR COMPLETO,-4,POLICIAL MILITAR,PL
PE,Recife,VEREADOR,SUPLENTE,FEMININO,PRETA,ENSINO MÉDIO COMPLETO,-4,TÉCNICO DE ENFERMAGEM E ASSEMELHADOS (EXCETO ENFERMEIRO),PL
PE,Recife,VEREADOR,ELEITO POR QP,MASCULINO,PARDA,ENSINO MÉDIO COMPLETO,-4,VEREADOR,PL
PE,Recife,VEREADOR,SUPLENTE,FEMININO,PARDA,ENSINO FUNDAMENTAL COMPLETO,-4,OUTROS,PL
PE,Recife,VEREADOR,SUPLENTE,MASCULINO,BRANCA,ENSINO MÉDIO COMPLETO,-4,EMPRESÁRIO,PL
PE,Recife,VEREADOR,SUPLENTE,FEMININO,BRANCA,ENSINO MÉDIO COMPLETO,-4,TÉCNICO DE ENFERMAGEM E ASSEMELHADOS (EXCETO ENFERMEIRO),PL
PE,Recife,VEREADOR,SUPLENTE,MASCULINO,PARDA,SUPERIOR COMPLETO,-4,ADMINISTRADOR,PSD
PE,Recife,VEREADOR,SUPLENTE,MASCULINO,PARDA,ENSINO MÉDIO COMPLETO,-4,OUTROS,PSD
PE,Recife,VEREADOR,SUPLENTE,MASCULINO,BRANCA,SUPERIOR COMPLETO,-4,SERVIDOR PÚBLICO ESTADUAL,PSD
PE,Recife,VEREADOR,SUPLENTE,MASCULINO,BRANCA,ENSINO MÉDIO COMPLETO,-4,CANTOR E COMPOSITOR,PP
PE,Recife,VEREADOR,ELEITO POR QP,MASCULINO,PARDA,SUPERIOR INCOMPLETO,-4,"ESTUDANTE, BOLSISTA, ESTAGIÁRIO E ASSEMELHADOS",PP
PE,Recife,VEREADOR,SUPLENTE,FEMININO,PRETA,ENSINO MÉDIO COMPLETO,-4,AGENTE DE SAÚDE E SANITARISTA,PP
PE,Recife,VEREADOR,SUPLENTE,MASCULINO,PARDA,ENSINO MÉDIO COMPLETO,-4,AUXILIAR DE ESCRITÓRIO E ASSEMELHADOS,PP
PE,Recife,VEREADOR,SUPLENTE,FEMININO,PARDA,ENSINO MÉDIO COMPLETO,-4,DONA DE CASA,MDB
PE,Recife,VEREADOR,SUPLENTE,MASCULINO,PARDA,SUPERIOR COMPLETO,-4,VIGILANTE,MDB
PE,Recife,VEREADOR,SUPLENTE,FEMININO,PARDA,SUPERIOR COMPLETO,-4,FISIOTERAPEUTA E TERAPEUTA OCUPACIONAL,MDB
PE,Recife,VEREADOR,NÃO ELEITO,FEMININO,PARDA,ENSINO MÉDIO COMPLETO,-4,OUTROS,MOBILIZA
PE,Recife,VEREADOR,NÃO ELEITO,FEMININO,BRANCA,SUPERIOR COMPLETO,-4,ENFERMEIRO,MOBILIZA
PE,Recife,VEREADOR,ELEITO POR QP,MASCULINO,BRANCA,SUPERIOR COMPLETO,-4,VEREADOR,REPUBLICANOS
PE,Recife,VEREADOR,SUPLENTE,FEMININO,BRANCA,SUPERIOR COMPLETO,-4,COMUNICÓLOGO,REPUBLICANOS
PE,Recife,VEREADOR,SUPLENTE,FEMININO,PRETA,ENSINO MÉDIO COMPLETO,-4,ADMINISTRADOR,REPUBLICANOS
PE,Recife,VEREADOR,SUPLENTE,MASCULINO,BRANCA,SUPERIOR COMPLETO,-4,PSICÓLOGO,NOVO
PE,Recife,VEREADOR,SUPLENTE,MASCULINO,BRANCA,SUPERIOR COMPLETO,-4,FONOAUDIÓLOGO,NOVO
PE,Recife,VEREADOR,SUPLENTE,MASCULINO,BRANCA,SUPERIOR COMPLETO,-4,ADVOGADO,NOVO
PE,Recife,VEREADOR,SUPLENTE,FEMININO,PARDA,SUPERIOR COMPLETO,-4,AGENTE DE VIAGEM,NOVO
PE,Recife,PREFEITO,NÃO ELEITO,FEMININO,PRETA,SUPERIOR COMPLETO,-4,ADVOGADO,PSOL
PE,Recife,VICE-PREFEITO,NÃO ELEITO,MASCULINO,PARDA,SUPERIOR COMPLETO,-4,APOSENTADO (EXCETO SERVIDOR PÚBLICO),UP
PE,Recife,VEREADOR,#NULO,MASCULINO,BRANCA,SUPERIOR COMPLETO,-4,PSICÓLOGO,PCO
PE,Recife,VEREADOR,#NULO,MASCULINO,PARDA,ENSINO MÉDIO COMPLETO,-4,TÉCNICO DE ENFERMAGEM E ASSEMELHADOS (EXCETO ENFERMEIRO),PSD
PE,Recife,VEREADOR,#NULO,MASCULINO,PARDA,ENSINO FUNDAMENTAL COMPLETO,-4,COMERCIANTE,PSDB
PE,Recife,VEREADOR,SUPLENTE,FEMININO,PARDA,ENSINO MÉDIO COMPLETO,-4,OUTROS,PRD
PE,Recife,VEREADOR,SUPLENTE,MASCULINO,PARDA,SUPERIOR COMPLETO,-4,OUTROS,PRD
PE,Recife,VEREADOR,SUPLENTE,MASCULINO,PARDA,ENSINO MÉDIO COMPLETO,-4,ADMINISTRADOR,AVANTE
PE,Recife,VEREADOR,SUPLENTE,MASCULINO,PARDA,SUPERIOR COMPLETO,-4,EMPRESÁRIO,AVANTE
PE,Recife,VEREADOR,SUPLENTE,FEMININO,PARDA,SUPERIOR COMPLETO,-4,OUTROS,PSB
PE,Recife,VEREADOR,SUPLENTE,MASCULINO,PARDA,ENSINO MÉDIO COMPLETO,-4,POLICIAL MILITAR,PSB
PE,Recife,VEREADOR,ELEITO POR QP,FEMININO,BRANCA,SUPERIOR INCOMPLETO,-4,VEREADOR,PSB
PE,Recife,VEREADOR,SUPLENTE,MASCULINO,BRANCA,SUPERIOR COMPLETO,-4,PROFESSOR DE ENSINO SUPERIOR,PSB
PE,Recife,VEREADOR,ELEITO POR MÉDIA,MASCULINO,PARDA,ENSINO MÉDIO COMPLETO,-4,VEREADOR,PSB
PE,Recife,VEREADOR,SUPLENTE,MASCULINO,BRANCA,ENSINO FUNDAMENTAL COMPLETO,-4,EMPRESÁRIO,PT
PE,Recife,VEREADOR,ELEITO POR QP,FEMININO,BRANCA,SUPERIOR COMPLETO,-4,ADVOGADO,PC do B
PE,Recife,VEREADOR,SUPLENTE,MASCULINO,BRANCA,SUPERIOR COMPLETO,-4,POLICIAL CIVIL,PT
PE,Recife,VEREADOR,SUPLENTE,MASCULINO,PARDA,ENSINO FUNDAMENTAL COMPLETO,-4,EMPRESÁRIO,PV
PE,Recife,VEREADOR,SUPLENTE,MASCULINO,PARDA,SUPERIOR COMPLETO,-4,OUTROS,PT
PE,Recife,VEREADOR,SUPLENTE,MASCULINO,PRETA,ENSINO MÉDIO COMPLETO,-4,"VENDEDOR PRACISTA, REPRESENTANTE, CAIXEIRO-VIAJANTE E ASSEMELHADOS",PV
PE,Recife,VEREADOR,SUPLENTE,MASCULINO,PRETA,SUPERIOR COMPLETO,-4,ADVOGADO,PT
PE,Recife,VEREADOR,SUPLENTE,FEMININO,PRETA,SUPERIOR COMPLETO,-4,BANCÁRIO E ECONOMIÁRIO,PT
PE,Recife,VEREADOR,NÃO ELEITO,MASCULINO,PARDA,ENSINO MÉDIO COMPLETO,-4,OUTROS,DC
PE,Recife,VEREADOR,NÃO ELEITO,FEMININO,PRETA,SUPERIOR COMPLETO,-4,OUTROS,DC
PE,Recife,VEREADOR,NÃO ELEITO,MASCULINO,PARDA,ENSINO MÉDIO COMPLETO,-4,APOSENTADO (EXCETO SERVIDOR PÚBLICO),DC
PE,Recife,VEREADOR,SUPLENTE,FEMININO,PARDA,SUPERIOR COMPLETO,-4,PROFESSOR DE ENSINO FUNDAMENTAL,REDE
PE,Recife,VEREADOR,SUPLENTE,MASCULINO,PRETA,SUPERIOR COMPLETO,-4,SERVIDOR PÚBLICO FEDERAL,PSOL
PE,Recife,VEREADOR,SUPLENTE,FEMININO,PARDA,ENSINO MÉDIO COMPLETO,-4,TÉCNICO DE ENFERMAGEM E ASSEMELHADOS (EXCETO ENFERMEIRO),REDE
PE,Recife,VEREADOR,SUPLENTE,MASCULINO,BRANCA,ENSINO MÉDIO COMPLETO,-4,DIRETOR DE EMPRESAS,PL
PE,Recife,VEREADOR,SUPLENTE,MASCULINO,BRANCA,SUPERIOR COMPLETO,-4,OUTROS,PL
PE,Recife,VEREADOR,SUPLENTE,MASCULINO,BRANCA,SUPERIOR COMPLETO,-4,SERVIDOR PÚBLICO ESTADUAL,PL
PE,Recife,VEREADOR,SUPLENTE,MASCULINO,BRANCA,ENSINO FUNDAMENTAL COMPLETO,-4,REPRESENTANTE COMERCIAL,PL
PE,Recife,VEREADOR,SUPLENTE,FEMININO,BRANCA,SUPERIOR COMPLETO,-4,ENFERMEIRO,PSD
PE,Recife,VEREADOR,SUPLENTE,MASCULINO,BRANCA,ENSINO MÉDIO COMPLETO,-4,OUTROS,PSD
PE,Recife,VEREADOR,SUPLENTE,MASCULINO,PRETA,ENSINO MÉDIO COMPLETO,-4,MOTORISTA PARTICULAR,PSD
PE,Recife,VEREADOR,SUPLENTE,FEMININO,PARDA,ENSINO FUNDAMENTAL COMPLETO,-4,OUTROS,PSD
PE,Recife,VEREADOR,SUPLENTE,FEMININO,PRETA,ENSINO MÉDIO COMPLETO,-4,OUTROS,PSD
PE,Recife,VEREADOR,SUPLENTE,MASCULINO,PARDA,SUPERIOR INCOMPLETO,-4,"ESTUDANTE, BOLSISTA, ESTAGIÁRIO E ASSEMELHADOS",PSD
PE,Recife,VEREADOR,SUPLENTE,MASCULINO,PARDA,SUPERIOR COMPLETO,-4,PROFESSOR DE ENSINO SUPERIOR,PSD
PE,Recife,VEREADOR,SUPLENTE,MASCULINO,BRANCA,SUPERIOR COMPLETO,-4,ENFERMEIRO,PP
PE,Recife,VEREADOR,SUPLENTE,FEMININO,PRETA,ENSINO MÉDIO COMPLETO,-4,CABELEIREIRO E BARBEIRO,PP
PE,Recife,VEREADOR,SUPLENTE,FEMININO,PARDA,SUPERIOR COMPLETO,-4,OUTROS,PP
PE,Recife,VEREADOR,SUPLENTE,MASCULINO,BRANCA,SUPERIOR COMPLETO,-4,"CORRETOR DE IMÓVEIS, SEGUROS, TÍTULOS E VALORES",PP
PE,Recife,VEREADOR,NÃO ELEITO,MASCULINO,BRANCA,SUPERIOR COMPLETO,-4,PROFESSOR DE ENSINO DE PRIMEIRO E SEGUNDO GRAUS,PSDB
PE,Recife,VEREADOR,NÃO ELEITO,MASCULINO,PARDA,ENSINO MÉDIO COMPLETO,-4,OUTROS,PSDB
PE,Recife,VEREADOR,NÃO ELEITO,FEMININO,PARDA,ENSINO MÉDIO COMPLETO,-4,OUTROS,PSDB
PE,Recife,VEREADOR,NÃO ELEITO,MASCULINO,BRANCA,ENSINO MÉDIO COMPLETO,-4,"PORTEIRO DE EDIFÍCIO, ASCENSORISTA, GARAGISTA E ZELADOR",CIDADANIA
PE,Recife,VEREADOR,SUPLENTE,MASCULINO,BRANCA,SUPERIOR INCOMPLETO,-4,COMERCIANTE,MDB
PE,Recife,VEREADOR,SUPLENTE,FEMININO,BRANCA,ENSINO MÉDIO COMPLETO,-4,EMPRESÁRIO,MDB
PE,Recife,VEREADOR,SUPLENTE,MASCULINO,BRANCA,SUPERIOR COMPLETO,-4,OUTROS,MDB
PE,Recife,VEREADOR,SUPLENTE,MASCULINO,PARDA,ENSINO MÉDIO COMPLETO,-4,LOCUTOR E COMENTARISTA DE RÁDIO E TELEVISÃO E RADIALISTA,MDB
PE,Recife,VEREADOR,SUPLENTE,FEMININO,PARDA,ENSINO MÉDIO COMPLETO,-4,OUTROS,MDB
PE,Recife,VEREADOR,ELEITO POR QP,MASCULINO,BRANCA,SUPERIOR COMPLETO,-4,VEREADOR,MDB
PE,Recife,VEREADOR,SUPLENTE,MASCULINO,PARDA,SUPERIOR COMPLETO,-4,EMPRESÁRIO,MDB
PE,Recife,VEREADOR,SUPLENTE,FEMININO,PARDA,SUPERIOR COMPLETO,-4,PROFESSOR DE ENSINO MÉDIO,MDB
PE,Recife,VEREADOR,NÃO ELEITO,MASCULINO,PRETA,SUPERIOR COMPLETO,-4,OUTROS,MOBILIZA
PE,Recife,VEREADOR,SUPLENTE,MASCULINO,PRETA,ENSINO MÉDIO COMPLETO,-4,POLICIAL MILITAR,REPUBLICANOS
PE,Recife,VEREADOR,SUPLENTE,FEMININO,BRANCA,SUPERIOR COMPLETO,-4,ENFERMEIRO,REPUBLICANOS
PE,Recife,VEREADOR,SUPLENTE,MASCULINO,AMARELA,SUPERIOR COMPLETO,-4,POLICIAL MILITAR,REPUBLICANOS
PE,Recife,VEREADOR,SUPLENTE,MASCULINO,BRANCA,ENSINO MÉDIO COMPLETO,-4,EMPRESÁRIO,NOVO
PE,Recife,VEREADOR,ELEITO POR QP,MASCULINO,BRANCA,SUPERIOR COMPLETO,-4,VEREADOR,NOVO
PE,Recife,VEREADOR,SUPLENTE,MASCULINO,PARDA,SUPERIOR COMPLETO,-4,COMERCIANTE,NOVO
PE,Recife,PREFEITO,NÃO ELEITO,FEMININO,BRANCA,SUPERIOR COMPLETO,-4,ADMINISTRADOR,PSTU
PE,Recife,VICE-PREFEITO,NÃO ELEITO,MASCULINO,BRANCA,SUPERIOR COMPLETO,-4,PROFESSOR DE ENSINO MÉDIO,PSTU
PE,Recife,VICE-PREFEITO,NÃO ELEITO,FEMININO,BRANCA,SUPERIOR COMPLETO,-4,ADMINISTRADOR,NOVO
PE,Recife,VEREADOR,NÃO ELEITO,FEMININO,PARDA,SUPERIOR COMPLETO,-4,OUTROS,AVANTE
PE,Recife,VEREADOR,NÃO ELEITO,MASCULINO,BRANCA,SUPERIOR INCOMPLETO,-4,EMPRESÁRIO,PSD
PE,Recife,VEREADOR,#NULO,MASCULINO,PARDA,SUPERIOR COMPLETO,-4,SERVIDOR PÚBLICO ESTADUAL,AVANTE
PE,Recife,VEREADOR,#NULO,MASCULINO,PRETA,ENSINO MÉDIO COMPLETO,-4,OUTROS,AVANTE
PE,Recife,VEREADOR,SUPLENTE,FEMININO,PARDA,SUPERIOR COMPLETO,-4,SOCIÓLOGO,PRD
PE,Recife,VEREADOR,SUPLENTE,MASCULINO,PRETA,SUPERIOR COMPLETO,-4,PSICÓLOGO,PRD
PE,Recife,VEREADOR,SUPLENTE,FEMININO,PRETA,ENSINO MÉDIO COMPLETO,-4,DONA DE CASA,PRD
PE,Recife,VEREADOR,SUPLENTE,MASCULINO,PARDA,SUPERIOR COMPLETO,-4,ODONTÓLOGO,PRD
PE,Recife,VEREADOR,SUPLENTE,MASCULINO,PARDA,ENSINO MÉDIO COMPLETO,-4,CABELEIREIRO E BARBEIRO,AVANTE
PE,Recife,VEREADOR,SUPLENTE,MASCULINO,PRETA,SUPERIOR INCOMPLETO,-4,OUTROS,AVANTE
PE,Recife,VEREADOR,ELEITO POR QP,MASCULINO,PARDA,ENSINO MÉDIO COMPLETO,-4,VEREADOR,AVANTE
PE,Recife,VEREADOR,SUPLENTE,MASCULINO,BRANCA,SUPERIOR COMPLETO,-4,SERVIDOR PÚBLICO FEDERAL,PT
PE,Recife,VEREADOR,SUPLENTE,MASCULINO,PRETA,SUPERIOR COMPLETO,-4,ASSISTENTE SOCIAL,PV
PE,Recife,VEREADOR,SUPLENTE,MASCULINO,PARDA,ENSINO MÉDIO COMPLETO,-4,OUTROS,PT
PE,Recife,VEREADOR,NÃO ELEITO,MASCULINO,BRANCA,SUPERIOR COMPLETO,-4,EMPRESÁRIO,DC
PE,Recife,VEREADOR,SUPLENTE,MASCULINO,PARDA,SUPERIOR COMPLETO,-4,PROFESSOR DE ENSINO FUNDAMENTAL,REDE
PE,Recife,VEREADOR,SUPLENTE,FEMININO,BRANCA,SUPERIOR COMPLETO,-4,SERVIDOR PÚBLICO ESTADUAL,PSOL
PE,Recife,VEREADOR,SUPLENTE,MASCULINO,PARDA,SUPERIOR INCOMPLETO,-4,"ESTUDANTE, BOLSISTA, ESTAGIÁRIO E ASSEMELHADOS",PSOL
PE,Recife,VEREADOR,ELEITO POR QP,FEMININO,PRETA,ENSINO MÉDIO COMPLETO,-4,OUTROS,PSOL
PE,Recife,VEREADOR,SUPLENTE,FEMININO,PRETA,ENSINO MÉDIO COMPLETO,-4,VEREADOR,PSOL
PE,Recife,VEREADOR,ELEITO POR QP,MASCULINO,BRANCA,SUPERIOR INCOMPLETO,-4,OUTROS,PL
PE,Recife,VEREADOR,SUPLENTE,MASCULINO,PRETA,ENSINO MÉDIO COMPLETO,-4,OUTROS,PL
PE,Recife,VEREADOR,SUPLENTE,FEMININO,PARDA,SUPERIOR COMPLETO,-4,PROFESSOR DE ENSINO MÉDIO,PL
PE,Recife,VEREADOR,SUPLENTE,FEMININO,PARDA,ENSINO MÉDIO COMPLETO,-4,DONA DE CASA,PL
PE,Recife,VEREADOR,SUPLENTE,FEMININO,BRANCA,SUPERIOR COMPLETO,-4,ADVOGADO,PSD
PE,Recife,VEREADOR,SUPLENTE,MASCULINO,PRETA,ENSINO FUNDAMENTAL COMPLETO,-4,OUTROS,PSD
PE,Recife,VEREADOR,SUPLENTE,FEMININO,PARDA,SUPERIOR INCOMPLETO,-4,OUTROS,PSD
PE,Recife,VEREADOR,SUPLENTE,MASCULINO,BRANCA,SUPERIOR COMPLETO,-4,ECONOMISTA,PSD
PE,Recife,VEREADOR,SUPLENTE,FEMININO,PARDA,ENSINO MÉDIO COMPLETO,-4,PROFESSOR DE ENSINO MÉDIO,PSD
PE,Recife,VEREADOR,SUPLENTE,FEMININO,PARDA,ENSINO MÉDIO COMPLETO,-4,OUTROS,PSD
PE,Recife,VEREADOR,SUPLENTE,MASCULINO,PARDA,ENSINO MÉDIO COMPLETO,-4,VEREADOR,PP
PE,Recife,VEREADOR,NÃO ELEITO,FEMININO,BRANCA,SUPERIOR COMPLETO,-4,APOSENTADO (EXCETO SERVIDOR PÚBLICO),PSDB
PE,Recife,VEREADOR,NÃO ELEITO,MASCULINO,BRANCA,SUPERIOR COMPLETO,-4,PUBLICITÁRIO,CIDADANIA
PE,Recife,VEREADOR,SUPLENTE,MASCULINO,PRETA,SUPERIOR INCOMPLETO,-4,EMPRESÁRIO,MDB
PE,Recife,VEREADOR,SUPLENTE,MASCULINO,BRANCA,ENSINO MÉDIO COMPLETO,-4,OUTROS,MDB
PE,Recife,VEREADOR,SUPLENTE,MASCULINO,BRANCA,SUPERIOR INCOMPLETO,-4,EMPRESÁRIO,MDB
PE,Recife,VEREADOR,SUPLENTE,FEMININO,BRANCA,ENSINO MÉDIO INCOMPLETO,-4,DESPACHANTE,MDB
PE,Recife,VEREADOR,NÃO ELEITO,FEMININO,BRANCA,ENSINO MÉDIO COMPLETO,-4,OUTROS,MOBILIZA
PE,Recife,VEREADOR,NÃO ELEITO,FEMININO,PRETA,ENSINO MÉDIO COMPLETO,-4,EMPRESÁRIO,MOBILIZA
PE,Recife,VEREADOR,NÃO ELEITO,FEMININO,PARDA,LÊ E ESCREVE,-4,OUTROS,MOBILIZA
PE,Recife,VEREADOR,SUPLENTE,FEMININO,NÃO INFORMADO,SUPERIOR COMPLETO,-4,PROFESSOR DE ENSINO MÉDIO,REPUBLICANOS
PE,Recife,VEREADOR,SUPLENTE,FEMININO,PARDA,SUPERIOR COMPLETO,-4,POLICIAL CIVIL,NOVO
PE,Recife,VEREADOR,SUPLENTE,MASCULINO,PARDA,SUPERIOR INCOMPLETO,-4,TÉCNICO EM INFORMÁTICA,NOVO
PE,Recife,VICE-PREFEITO,NÃO ELEITO,FEMININO,PRETA,SUPERIOR COMPLETO,-4,OUTROS,REDE
PE,Recife,VICE-PREFEITO,NÃO ELEITO,MASCULINO,PARDA,ENSINO MÉDIO COMPLETO,-4,"ESTUDANTE, BOLSISTA, ESTAGIÁRIO E ASSEMELHADOS",PCO
PE,Recife,VEREADOR,NÃO ELEITO,MASCULINO,PARDA,SUPERIOR COMPLETO,-4,OUTROS,PSD
PE,Recife,VEREADOR,#NULO,MASCULINO,PARDA,ENSINO MÉDIO COMPLETO,-4,VIGILANTE,PP
PE,Recife,VEREADOR,#NULO,MASCULINO,BRANCA,SUPERIOR INCOMPLETO,-4,APOSENTADO (EXCETO SERVIDOR PÚBLICO),PSDB
PE,Recife,VEREADOR,#NULO,MASCULINO,PARDA,ENSINO MÉDIO COMPLETO,-4,OUTROS,PSDB
PE,Recife,VEREADOR,SUPLENTE,MASCULINO,BRANCA,ENSINO MÉDIO COMPLETO,-4,ELETRICISTA E ASSEMELHADOS,PRD
PE,Recife,VEREADOR,SUPLENTE,MASCULINO,PRETA,ENSINO MÉDIO COMPLETO,-4,ADMINISTRADOR,AVANTE
PE,Recife,VEREADOR,SUPLENTE,FEMININO,BRANCA,SUPERIOR COMPLETO,-4,SERVIDOR PÚBLICO ESTADUAL,AVANTE
PE,Recife,VEREADOR,SUPLENTE,FEMININO,BRANCA,ENSINO MÉDIO COMPLETO,-4,POLICIAL CIVIL,AVANTE
PE,Recife,VEREADOR,ELEITO POR QP,MASCULINO,BRANCA,ENSINO MÉDIO INCOMPLETO,-4,VEREADOR,PSB
PE,Recife,VEREADOR,ELEITO POR MÉDIA,MASCULINO,BRANCA,ENSINO MÉDIO COMPLETO,-4,EMPRESÁRIO,PSB
PE,Recife,VEREADOR,SUPLENTE,FEMININO,BRANCA,SUPERIOR COMPLETO,-4,OUTROS,PSB
PE,Recife,VEREADOR,SUPLENTE,MASCULINO,BRANCA,ENSINO MÉDIO COMPLETO,-4,TÉCNICO DE ENFERMAGEM E ASSEMELHADOS (EXCETO ENFERMEIRO),PC do B
PE,Recife,VEREADOR,ELEITO POR QP,FEMININO,BRANCA,SUPERIOR COMPLETO,-4,PROFESSOR DE ENSINO SUPERIOR,PT
PE,Recife,VEREADOR,SUPLENTE,MASCULINO,PARDA,ENSINO MÉDIO COMPLETO,-4,OUTROS,PC do B
PE,Recife,VEREADOR,SUPLENTE,MASCULINO,PRETA,ENSINO MÉDIO COMPLETO,-4,TÉCNICO DE ENFERMAGEM E ASSEMELHADOS (EXCETO ENFERMEIRO),PC do B
PE,Recife,VEREADOR,SUPLENTE,FEMININO,PARDA,ENSINO MÉDIO COMPLETO,-4,CANTOR E COMPOSITOR,PC do B
PE,Recife,VEREADOR,NÃO ELEITO,FEMININO,BRANCA,SUPERIOR COMPLETO,-4,ADVOGADO,DC
PE,Recife,VEREADOR,NÃO ELEITO,FEMININO,PARDA,ENSINO FUNDAMENTAL COMPLETO,-4,OUTROS,DC
PE,Recife,VEREADOR,NÃO ELEITO,MASCULINO,BRANCA,LÊ E ESCREVE,-4,ANALISTA DE SISTEMAS,DC
PE,Recife,VEREADOR,SUPLENTE,MASCULINO,PRETA,ENSINO MÉDIO COMPLETO,-4,VIGILANTE,PSOL
PE,Recife,VEREADOR,SUPLENTE,FEMININO,PARDA,ENSINO MÉDIO COMPLETO,-4,VIGILANTE,REDE
PE,Recife,VEREADOR,SUPLENTE,FEMININO,PRETA,SUPERIOR COMPLETO,-4,SERVIDOR PÚBLICO ESTADUAL,PSOL
PE,Recife,VEREADOR,SUPLENTE,MASCULINO,BRANCA,ENSINO MÉDIO COMPLETO,-4,VEREADOR,REDE
PE,Recife,VEREADOR,SUPLENTE,MASCULINO,PRETA,ENSINO FUNDAMENTAL INCOMPLETO,-4,OUTROS,PL
PE,Recife,VEREADOR,SUPLENTE,MASCULINO,PARDA,ENSINO MÉDIO COMPLETO,-4,MOTORISTA PARTICULAR,PL
PE,Recife,VEREADOR,SUPLENTE,MASCULINO,PARDA,ENSINO FUNDAMENTAL COMPLETO,-4,OUTROS,PL
PE,Recife,VEREADOR,SUPLENTE,FEMININO,PRETA,SUPERIOR COMPLETO,-4,OUTROS,PL
PE,Recife,VEREADOR,ELEITO POR MÉDIA,MASCULINO,BRANCA,SUPERIOR COMPLETO,-4,EMPRESÁRIO,PL
PE,Recife,VEREADOR,SUPLENTE,MASCULINO,PARDA,ENSINO MÉDIO COMPLETO,-4,MILITAR REFORMADO,PL
PE,Recife,VEREADOR,SUPLENTE,FEMININO,PRETA,ENSINO MÉDIO COMPLETO,-4,OUTROS,PL
PE,Recife,VEREADOR,SUPLENTE,FEMININO,PRETA,SUPERIOR COMPLETO,-4,FISIOTERAPEUTA E TERAPEUTA OCUPACIONAL,PSD
PE,Recife,VEREADOR,SUPLENTE,FEMININO,PARDA,ENSINO MÉDIO COMPLETO,-4,BOMBEIRO CIVIL,PSD
PE,Recife,VEREADOR,NÃO ELEITO,FEMININO,PARDA,SUPERIOR COMPLETO,-4,ENFERMEIRO,SOLIDARIEDADE
PE,Recife,VEREADOR,SUPLENTE,FEMININO,PARDA,ENSINO MÉDIO COMPLETO,-4,POLICIAL MILITAR,PP
PE,Recife,VEREADOR,SUPLENTE,FEMININO,PARDA,SUPERIOR INCOMPLETO,-4,FOTÓGRAFO E ASSEMELHADOS,PP
PE,Recife,VEREADOR,SUPLENTE,MASCULINO,PRETA,SUPERIOR COMPLETO,-4,ADVOGADO,PP
PE,Recife,VEREADOR,NÃO ELEITO,FEMININO,BRANCA,SUPERIOR COMPLETO,-4,EMPRESÁRIO,CIDADANIA
PE,Recife,VEREADOR,NÃO ELEITO,MASCULINO,PARDA,ENSINO MÉDIO COMPLETO,-4,OUTROS,CIDADANIA
PE,Recife,VEREADOR,NÃO ELEITO,FEMININO,PARDA,SUPERIOR INCOMPLETO,-4,PROFESSOR E INSTRUTOR DE FORMAÇÃO PROFISSIONAL,CIDADANIA
PE,Recife,VEREADOR,NÃO ELEITO,MASCULINO,PARDA,ENSINO MÉDIO COMPLETO,-4,VIGILANTE,CIDADANIA
PE,Recife,VEREADOR,NÃO ELEITO,MASCULINO,PARDA,ENSINO MÉDIO COMPLETO,-4,COMERCIANTE,PSDB
PE,Recife,VEREADOR,SUPLENTE,MASCULINO,BRANCA,ENSINO MÉDIO COMPLETO,-4,EMPRESÁRIO,MDB
PE,Recife,VEREADOR,ELEITO POR QP,MASCULINO,BRANCA,SUPERIOR COMPLETO,-4,OUTROS,MDB
PE,Recife,VEREADOR,SUPLENTE,MASCULINO,PARDA,SUPERIOR COMPLETO,-4,ADMINISTRADOR,REPUBLICANOS
PE,Recife,VEREADOR,SUPLENTE,MASCULINO,PRETA,ENSINO MÉDIO COMPLETO,-4,EMPRESÁRIO,NOVO
PE,Recife,VEREADOR,SUPLENTE,FEMININO,PRETA,SUPERIOR COMPLETO,-4,OUTROS,NOVO
PE,Recife,VEREADOR,SUPLENTE,MASCULINO,PRETA,SUPERIOR INCOMPLETO,-4,BOMBEIRO CIVIL,NOVO
PE,Recife,VEREADOR,SUPLENTE,MASCULINO,BRANCA,SUPERIOR COMPLETO,-4,VENDEDOR DE COMÉRCIO VAREJISTA E ATACADISTA,NOVO
PE,Recife,VEREADOR,SUPLENTE,FEMININO,PARDA,ENSINO MÉDIO COMPLETO,-4,DONA DE CASA,NOVO
PE,Recife,VEREADOR,SUPLENTE,MASCULINO,PARDA,SUPERIOR COMPLETO,-4,PSICÓLOGO,NOVO
PE,Recife,VEREADOR,SUPLENTE,FEMININO,BRANCA,SUPERIOR COMPLETO,-4,OUTROS,NOVO
PE,Recife,PREFEITO,NÃO ELEITO,MASCULINO,BRANCA,SUPERIOR COMPLETO,-4,EMPRESÁRIO,PL
PE,Recife,PREFEITO,NÃO ELEITO,MASCULINO,BRANCA,SUPERIOR COMPLETO,-4,ADVOGADO,NOVO
PE,Recife,VICE-PREFEITO,NÃO ELEITO,FEMININO,PARDA,SUPERIOR COMPLETO,-4,SERVIDOR PÚBLICO FEDERAL,PSDB
AL,Maceió,PREFEITO,#NULO,MASCULINO,PARDA,ENSINO MÉDIO COMPLETO,-4,ADMINISTRADOR,AGIR
AL,Maceió,VEREADOR,#NULO,MASCULINO,PARDA,ENSINO MÉDIO INCOMPLETO,-4,DESPACHANTE,CIDADANIA
AL,Maceió,VEREADOR,ELEITO POR QP,MASCULINO,BRANCA,SUPERIOR INCOMPLETO,-4,"ESTUDANTE, BOLSISTA, ESTAGIÁRIO E ASSEMELHADOS",PV
AL,Maceió,VEREADOR,SUPLENTE,FEMININO,BRANCA,SUPERIOR COMPLETO,-4,PSICÓLOGO,PV
AL,Maceió,VEREADOR,SUPLENTE,FEMININO,PRETA,SUPERIOR COMPLETO,-4,PROFESSOR E INSTRUTOR DE FORMAÇÃO PROFISSIONAL,PT
AL,Maceió,VEREADOR,SUPLENTE,MASCULINO,BRANCA,SUPERIOR COMPLETO,-4,PROFESSOR DE ENSINO SUPERIOR,PT
AL,Maceió,VEREADOR,NÃO ELEITO,FEMININO,PARDA,ENSINO MÉDIO COMPLETO,-4,CABELEIREIRO E BARBEIRO,REPUBLICANOS
AL,Maceió,VEREADOR,SUPLENTE,MASCULINO,PRETA,ENSINO MÉDIO COMPLETO,-4,EMPRESÁRIO,PDT
AL,Maceió,VEREADOR,SUPLENTE,FEMININO,AMARELA,ENSINO MÉDIO COMPLETO,-4,OUTROS,PDT
AL,Maceió,VEREADOR,SUPLENTE,MASCULINO,PARDA,ENSINO MÉDIO COMPLETO,-4,"CORRETOR DE IMÓVEIS, SEGUROS, TÍTULOS E VALORES",PDT
AL,Maceió,VEREADOR,SUPLENTE,MASCULINO,PARDA,ENSINO MÉDIO COMPLETO,-4,EMPRESÁRIO,PSD
AL,Maceió,VEREADOR,SUPLENTE,FEMININO,BRANCA,ENSINO FUNDAMENTAL INCOMPLETO,-4,OUTROS,UNIÃO
AL,Maceió,VEREADOR,SUPLENTE,MASCULINO,PARDA,SUPERIOR COMPLETO,-4,OUTROS,UNIÃO
AL,Maceió,VEREADOR,SUPLENTE,FEMININO,PARDA,SUPERIOR COMPLETO,-4,SERVIDOR PÚBLICO MUNICIPAL,UNIÃO
AL,Maceió,VEREADOR,NÃO ELEITO,FEMININO,BRANCA,SUPERIOR COMPLETO,-4,RELAÇÕES-PÚBLICAS,UP
AL,Maceió,VEREADOR,SUPLENTE,FEMININO,PARDA,SUPERIOR COMPLETO,-4,SERVIDOR PÚBLICO ESTADUAL,PODE
AL,Maceió,VEREADOR,ELEITO POR QP,MASCULINO,BRANCA,ENSINO MÉDIO COMPLETO,-4,OUTROS,PODE
AL,Maceió,VEREADOR,SUPLENTE,FEMININO,PARDA,SUPERIOR COMPLETO,-4,APOSENTADO (EXCETO SERVIDOR PÚBLICO),PL
AL,Maceió,VEREADOR,SUPLENTE,MASCULINO,BRANCA,SUPERIOR COMPLETO,-4,ADMINISTRADOR,PL
AL,Maceió,VEREADOR,SUPLENTE,FEMININO,PARDA,ENSINO MÉDIO COMPLETO,-4,COMERCIANTE,MDB
AL,Maceió,VEREADOR,ELEITO POR MÉDIA,FEMININO,PRETA,SUPERIOR COMPLETO,-4,MÉDICO,MDB
AL,Maceió,VEREADOR,ELEITO POR QP,MASCULINO,BRANCA,SUPERIOR COMPLETO,-4,ADVOGADO,MDB
AL,Maceió,VEREADOR,ELEITO POR QP,FEMININO,BRANCA,SUPERIOR COMPLETO,-4,VEREADOR,SOLIDARIEDADE
AL,Maceió,VEREADOR,SUPLENTE,MASCULINO,PARDA,ENSINO MÉDIO COMPLETO,-4,EMPRESÁRIO,PSB
AL,Maceió,VEREADOR,ELEITO POR QP,MASCULINO,BRANCA,SUPERIOR INCOMPLETO,-4,OUTROS,PP
AL,Maceió,VEREADOR,SUPLENTE,MASCULINO,PARDA,ENSINO MÉDIO COMPLETO,-4,COMERCIANTE,PP
AL,Maceió,VEREADOR,SUPLENTE,FEMININO,PRETA,SUPERIOR COMPLETO,-4,ODONTÓLOGO,PP
AL,Maceió,VEREADOR,SUPLENTE,MASCULINO,PARDA,SUPERIOR COMPLETO,-4,MÉDICO,PP
AL,Maceió,VICE-PREFEITO,ELEITO,MASCULINO,PARDA,SUPERIOR COMPLETO,-4,SENADOR,PODE
AL,Maceió,VEREADOR,#NULO,MASCULINO,PARDA,ENSINO FUNDAMENTAL COMPLETO,-4,OUTROS,PDT
AL,Maceió,VEREADOR,#NULO,FEMININO,PARDA,SUPERIOR COMPLETO,-4,ADVOGADO,SOLIDARIEDADE
AL,Maceió,VEREADOR,SUPLENTE,FEMININO,BRANCA,SUPERIOR COMPLETO,-4,ASSISTENTE SOCIAL,PT
AL,Maceió,VEREADOR,SUPLENTE,MASCULINO,PARDA,ENSINO MÉDIO COMPLETO,-4,ATLETA PROFISSIONAL E TÉCNICO EM DESPORTOS,PV
AL,Maceió,VEREADOR,SUPLENTE,MASCULINO,BRANCA,SUPERIOR COMPLETO,-4,OUTROS,PT
AL,Maceió,VEREADOR,SUPLENTE,MASCULINO,PRETA,ENSINO MÉDIO COMPLETO,-4,ADMINISTRADOR,PV
AL,Maceió,VEREADOR,SUPLENTE,FEMININO,PARDA,ENSINO MÉDIO COMPLETO,-4,OUTROS,PV
AL,Maceió,VEREADOR,NÃO ELEITO,FEMININO,BRANCA,SUPERIOR INCOMPLETO,-4,DIGITADOR,REPUBLICANOS
AL,Maceió,VEREADOR,NÃO ELEITO,MASCULINO,PRETA,SUPERIOR COMPLETO,-4,ADVOGADO,REPUBLICANOS
AL,Maceió,VEREADOR,NÃO ELEITO,MASCULINO,PRETA,ENSINO MÉDIO COMPLETO,-4,MOTORISTA PARTICULAR,REPUBLICANOS
AL,Maceió,VEREADOR,NÃO ELEITO,MASCULINO,PARDA,ENSINO MÉDIO COMPLETO,-4,OUTROS,REPUBLICANOS
AL,Maceió,VEREADOR,SUPLENTE,MASCULINO,PARDA,ENSINO FUNDAMENTAL COMPLETO,-4,"CARPINTEIRO, MARCENEIRO E ASSEMELHADOS",PDT
AL,Maceió,VEREADOR,SUPLENTE,FEMININO,PARDA,SUPERIOR COMPLETO,-4,OUTROS,PDT
AL,Maceió,VEREADOR,SUPLENTE,MASCULINO,BRANCA,SUPERIOR COMPLETO,-4,POLICIAL CIVIL,PDT
AL,Maceió,VEREADOR,SUPLENTE,MASCULINO,PARDA,ENSINO MÉDIO COMPLETO,-4,MILITAR REFORMADO,PSD
AL,Maceió,VEREADOR,SUPLENTE,MASCULINO,PARDA,SUPERIOR COMPLETO,-4,OUTROS,PSD
AL,Maceió,VEREADOR,SUPLENTE,MASCULINO,PARDA,SUPERIOR COMPLETO,-4,FOTÓGRAFO E ASSEMELHADOS,PSD
AL,Maceió,VEREADOR,SUPLENTE,FEMININO,PARDA,SUPERIOR INCOMPLETO,-4,OUTROS,PSD
AL,Maceió,VEREADOR,SUPLENTE,MASCULINO,PRETA,ENSINO FUNDAMENTAL COMPLETO,-4,SERVIDOR PÚBLICO MUNICIPAL,UNIÃO
AL,Maceió,VEREADOR,SUPLENTE,MASCULINO,PARDA,ENSINO MÉDIO COMPLETO,-4,ELETRICISTA E ASSEMELHADOS,UNIÃO
AL,Maceió,VEREADOR,SUPLENTE,FEMININO,BRANCA,ENSINO MÉDIO COMPLETO,-4,OUTROS,UNIÃO
AL,Maceió,VEREADOR,SUPLENTE,MASCULINO,PRETA,SUPERIOR COMPLETO,-4,OUTROS,PODE
AL,Maceió,VEREADOR,SUPLENTE,MASCULINO,PARDA,ENSINO MÉDIO COMPLETO,-4,OUTROS,PODE
AL,Maceió,VEREADOR,SUPLENTE,MASCULINO,PARDA,ENSINO FUNDAMENTAL COMPLETO,-4,OUTROS,PODE
AL,Maceió,VEREADOR,SUPLENTE,MASCULINO,INDÍGENA,SUPERIOR COMPLETO,-4,MÉDICO,PODE
AL,Maceió,VEREADOR,SUPLENTE,FEMININO,PARDA,SUPERIOR COMPLETO,-4,ASSISTENTE SOCIAL,PL
AL,Maceió,VEREADOR,ELEITO POR QP,MASCULINO,PARDA,SUPERIOR COMPLETO,-4,VEREADOR,PL
AL,Maceió,VEREADOR,ELEITO POR QP,MASCULINO,BRANCA,SUPERIOR COMPLETO,-4,VEREADOR,PL
AL,Maceió,VEREADOR,SUPLENTE,FEMININO,PARDA,SUPERIOR INCOMPLETO,-4,"ESTUDANTE, BOLSISTA, ESTAGIÁRIO E ASSEMELHADOS",PL
AL,Maceió,VEREADOR,SUPLENTE,MASCULINO,PARDA,ENSINO MÉDIO COMPLETO,-4,EMPRESÁRIO,MDB
AL,Maceió,VEREADOR,SUPLENTE,MASCULINO,BRANCA,ENSINO MÉDIO COMPLETO,-4,COMERCIANTE,PSB
AL,Maceió,VEREADOR,SUPLENTE,MASCULINO,BRANCA,SUPERIOR COMPLETO,-4,ENGENHEIRO,PSB
AL,Maceió,VEREADOR,SUPLENTE,FEMININO,BRANCA,SUPERIOR COMPLETO,-4,VETERINÁRIO,PSB
AL,Maceió,VEREADOR,SUPLENTE,MASCULINO,PARDA,SUPERIOR COMPLETO,-4,COMERCIANTE,PP
AL,Maceió,VEREADOR,SUPLENTE,FEMININO,PARDA,ENSINO MÉDIO COMPLETO,-4,OUTROS,PP
AL,Maceió,VEREADOR,SUPLENTE,MASCULINO,PARDA,SUPERIOR INCOMPLETO,-4,VEREADOR,PP
AL,Maceió,VEREADOR,SUPLENTE,MASCULINO,PRETA,ENSINO MÉDIO COMPLETO,-4,OUTROS,PP
AL,Maceió,VICE-PREFEITO,NÃO ELEITO,FEMININO,BRANCA,SUPERIOR COMPLETO,-4,VEREADOR,PV
AL,Maceió,PREFEITO,NÃO ELEITO,FEMININO,PARDA,SUPERIOR COMPLETO,-4,SERVIDOR PÚBLICO FEDERAL,UP
AL,Maceió,PREFEITO,NÃO ELEITO,MASCULINO,PARDA,ENSINO MÉDIO COMPLETO,-4,MÚSICO,SOLIDARIEDADE
AL,Maceió,VEREADOR,SUPLENTE,MASCULINO,BRANCA,ENSINO MÉDIO COMPLETO,-4,OUTROS,PV
AL,Maceió,VEREADOR,SUPLENTE,FEMININO,PARDA,SUPERIOR COMPLETO,-4,GEÓGRAFO,PT
AL,Maceió,VEREADOR,SUPLENTE,MASCULINO,BRANCA,SUPERIOR COMPLETO,-4,OUTROS,PC do B
AL,Maceió,VEREADOR,NÃO ELEITO,MASCULINO,BRANCA,SUPERIOR COMPLETO,-4,ENGENHEIRO,REPUBLICANOS
AL,Maceió,VEREADOR,NÃO ELEITO,FEMININO,PARDA,ENSINO MÉDIO COMPLETO,-4,"SUPERVISOR, INSPETOR E AGENTE DE COMPRAS E VENDAS",REPUBLICANOS
AL,Maceió,VEREADOR,NÃO ELEITO,MASCULINO,PARDA,SUPERIOR INCOMPLETO,-4,ADMINISTRADOR,REPUBLICANOS
AL,Maceió,VEREADOR,NÃO ELEITO,MASCULINO,PARDA,SUPERIOR COMPLETO,-4,SERVIDOR PÚBLICO FEDERAL,REPUBLICANOS
AL,Maceió,VEREADOR,NÃO ELEITO,MASCULINO,PARDA,SUPERIOR COMPLETO,-4,OUTROS,REPUBLICANOS
AL,Maceió,VEREADOR,SUPLENTE,MASCULINO,BRANCA,SUPERIOR COMPLETO,-4,PROFESSOR DE ENSINO MÉDIO,PDT
AL,Maceió,VEREADOR,SUPLENTE,FEMININO,BRANCA,SUPERIOR COMPLETO,-4,NUTRICIONISTA E ASSEMELHADOS,PDT
AL,Maceió,VEREADOR,SUPLENTE,FEMININO,PARDA,SUPERIOR COMPLETO,-4,GERENTE,PDT
AL,Maceió,VEREADOR,SUPLENTE,MASCULINO,PARDA,ENSINO MÉDIO COMPLETO,-4,SERVIDOR PÚBLICO FEDERAL,PSD
AL,Maceió,VEREADOR,SUPLENTE,MASCULINO,BRANCA,SUPERIOR COMPLETO,-4,EMPRESÁRIO,PSD
AL,Maceió,VEREADOR,SUPLENTE,MASCULINO,PARDA,SUPERIOR COMPLETO,-4,SERVIDOR PÚBLICO MUNICIPAL,UNIÃO
AL,Maceió,VEREADOR,ELEITO POR QP,MASCULINO,PARDA,SUPERIOR COMPLETO,-4,ADMINISTRADOR,UNIÃO
AL,Maceió,VEREADOR,SUPLENTE,MASCULINO,PARDA,SUPERIOR COMPLETO,-4,SERVIDOR PÚBLICO ESTADUAL,UNIÃO
AL,Maceió,VEREADOR,SUPLENTE,MASCULINO,PARDA,ENSINO MÉDIO COMPLETO,-4,POLICIAL MILITAR,UNIÃO
AL,Maceió,VEREADOR,SUPLENTE,FEMININO,PARDA,ENSINO MÉDIO COMPLETO,-4,"ESTUDANTE, BOLSISTA, ESTAGIÁRIO E ASSEMELHADOS",PODE
AL,Maceió,VEREADOR,SUPLENTE,MASCULINO,PARDA,SUPERIOR INCOMPLETO,-4,SERVIDOR PÚBLICO FEDERAL,PODE
AL,Maceió,VEREADOR,SUPLENTE,MASCULINO,BRANCA,ENSINO MÉDIO COMPLETO,-4,APOSENTADO (EXCETO SERVIDOR PÚBLICO),PODE
AL,Maceió,VEREADOR,SUPLENTE,MASCULINO,BRANCA,SUPERIOR COMPLETO,-4,MÉDICO,PL
AL,Maceió,VEREADOR,SUPLENTE,MASCULINO,BRANCA,ENSINO MÉDIO COMPLETO,-4,COMERCIANTE,PL
AL,Maceió,VEREADOR,SUPLENTE,MASCULINO,BRANCA,SUPERIOR COMPLETO,-4,ADMINISTRADOR,MDB
AL,Maceió,VEREADOR,SUPLENTE,MASCULINO,PRETA,SUPERIOR COMPLETO,-4,SERVIDOR PÚBLICO ESTADUAL,MDB
AL,Maceió,VEREADOR,SUPLENTE,FEMININO,BRANCA,SUPERIOR COMPLETO,-4,SERVIDOR PÚBLICO ESTADUAL,MDB
AL,Maceió,VEREADOR,SUPLENTE,MASCULINO,PARDA,SUPERIOR COMPLETO,-4,APOSENTADO (EXCETO SERVIDOR PÚBLICO),MDB
AL,Maceió,VEREADOR,SUPLENTE,MASCULINO,PARDA,ENSINO MÉDIO COMPLETO,-4,OUTROS,SOLIDARIEDADE
AL,Maceió,VEREADOR,SUPLENTE,MASCULINO,BRANCA,SUPERIOR INCOMPLETO,-4,EMPRESÁRIO,SOLIDARIEDADE
AL,Maceió,VEREADOR,SUPLENTE,FEMININO,BRANCA,SUPERIOR COMPLETO,-4,PROFESSOR DE ENSINO SUPERIOR,SOLIDARIEDADE
AL,Maceió,VEREADOR,SUPLENTE,FEMININO,PARDA,ENSINO MÉDIO COMPLETO,-4,TÉCNICO DE ENFERMAGEM E ASSEMELHADOS (EXCETO ENFERMEIRO),SOLIDARIEDADE
AL,Maceió,VEREADOR,NÃO ELEITO,MASCULINO,PARDA,ENSINO MÉDIO COMPLETO,-4,MILITAR REFORMADO,CIDADANIA
AL,Maceió,VEREADOR,NÃO ELEITO,FEMININO,BRANCA,SUPERIOR COMPLETO,-4,PROFESSOR DE ENSINO FUNDAMENTAL,CIDADANIA
AL,Maceió,VEREADOR,NÃO ELEITO,MASCULINO,PARDA,ENSINO FUNDAMENTAL INCOMPLETO,-4,PROFESSOR E INSTRUTOR DE FORMAÇÃO PROFISSIONAL,CIDADANIA
AL,Maceió,VEREADOR,NÃO ELEITO,MASCULINO,BRANCA,ENSINO MÉDIO COMPLETO,-4,COMERCIANTE,CIDADANIA
AL,Maceió,VEREADOR,SUPLENTE,MASCULINO,PARDA,ENSINO MÉDIO COMPLETO,-4,GERENTE,PSB
AL,Maceió,VEREADOR,SUPLENTE,FEMININO,BRANCA,ENSINO MÉDIO INCOMPLETO,-4,OUTROS,PSB
AL,Maceió,VEREADOR,SUPLENTE,FEMININO,PARDA,SUPERIOR COMPLETO,-4,ENFERMEIRO,PSB
AL,Maceió,VEREADOR,SUPLENTE,MASCULINO,PARDA,ENSINO FUNDAMENTAL COMPLETO,-4,OUTROS,PP
AL,Maceió,VEREADOR,NÃO ELEITO,MASCULINO,BRANCA,ENSINO FUNDAMENTAL COMPLETO,-4,OUTROS,PSB
AL,Maceió,VEREADOR,SUPLENTE,MASCULINO,BRANCA,SUPERIOR COMPLETO,-4,OUTROS,PV
AL,Maceió,VEREADOR,SUPLENTE,MASCULINO,PARDA,ENSINO MÉDIO COMPLETO,-4,OUTROS,PT
AL,Maceió,VEREADOR,SUPLENTE,MASCULINO,PARDA,SUPERIOR COMPLETO,-4,OUTROS,PT
AL,Maceió,VEREADOR,NÃO ELEITO,MASCULINO,PARDA,SUPERIOR COMPLETO,-4,AGENTE ADMINISTRATIVO,REPUBLICANOS
AL,Maceió,VEREADOR,NÃO ELEITO,MASCULINO,PARDA,SUPERIOR COMPLETO,-4,PROFESSOR DE ENSINO FUNDAMENTAL,REPUBLICANOS
AL,Maceió,VEREADOR,SUPLENTE,MASCULINO,PARDA,ENSINO MÉDIO INCOMPLETO,-4,OUTROS,PDT
AL,Maceió,VEREADOR,SUPLENTE,MASCULINO,PARDA,ENSINO MÉDIO COMPLETO,-4,OUTROS,PSD
AL,Maceió,VEREADOR,SUPLENTE,FEMININO,PARDA,SUPERIOR COMPLETO,-4,ADVOGADO,PSD
AL,Maceió,VEREADOR,SUPLENTE,MASCULINO,PARDA,SUPERIOR INCOMPLETO,-4,"ESTUDANTE, BOLSISTA, ESTAGIÁRIO E ASSEMELHADOS",PSD
AL,Maceió,VEREADOR,SUPLENTE,FEMININO,PARDA,ENSINO MÉDIO COMPLETO,-4,GERENTE,UNIÃO
AL,Maceió,VEREADOR,SUPLENTE,FEMININO,PARDA,SUPERIOR COMPLETO,-4,PEDAGOGO,UNIÃO
AL,Maceió,VEREADOR,SUPLENTE,FEMININO,BRANCA,SUPERIOR COMPLETO,-4,ADVOGADO,UNIÃO
AL,Maceió,VEREADOR,SUPLENTE,FEMININO,PARDA,ENSINO MÉDIO COMPLETO,-4,OUTROS,UNIÃO
AL,Maceió,VEREADOR,SUPLENTE,MASCULINO,PARDA,ENSINO MÉDIO COMPLETO,-4,SERVIDOR PÚBLICO ESTADUAL,UNIÃO
AL,Maceió,VEREADOR,SUPLENTE,MASCULINO,PARDA,ENSINO MÉDIO COMPLETO,-4,REPRESENTANTE COMERCIAL,UNIÃO
AL,Maceió,VEREADOR,SUPLENTE,MASCULINO,PARDA,ENSINO MÉDIO COMPLETO,-4,EMPRESÁRIO,PODE
AL,Maceió,VEREADOR,SUPLENTE,FEMININO,PARDA,ENSINO MÉDIO COMPLETO,-4,ADMINISTRADOR,PODE
AL,Maceió,VEREADOR,SUPLENTE,FEMININO,PARDA,SUPERIOR COMPLETO,-4,ADVOGADO,PL
AL,Maceió,VEREADOR,ELEITO POR MÉDIA,FEMININO,BRANCA,SUPERIOR COMPLETO,-4,OUTROS,PL
AL,Maceió,VEREADOR,SUPLENTE,FEMININO,PARDA,SUPERIOR COMPLETO,-4,MÉDICO,PL
AL,Maceió,VEREADOR,SUPLENTE,MASCULINO,BRANCA,ENSINO MÉDIO COMPLETO,-4,OUTROS,PL
AL,Maceió,VEREADOR,SUPLENTE,MASCULINO,PARDA,SUPERIOR COMPLETO,-4,PROFESSOR DE ENSINO MÉDIO,MDB
AL,Maceió,VEREADOR,SUPLENTE,MASCULINO,PARDA,SUPERIOR INCOMPLETO,-4,EMPRESÁRIO,MDB
AL,Maceió,VEREADOR,SUPLENTE,MASCULINO,PARDA,ENSINO MÉDIO COMPLETO,-4,OUTROS,MDB
AL,Maceió,VEREADOR,SUPLENTE,FEMININO,PARDA,ENSINO MÉDIO INCOMPLETO,-4,DONA DE CASA,SOLIDARIEDADE
AL,Maceió,VEREADOR,SUPLENTE,MASCULINO,PARDA,SUPERIOR COMPLETO,-4,DIRETOR DE EMPRESAS,SOLIDARIEDADE
AL,Maceió,VEREADOR,SUPLENTE,MASCULINO,BRANCA,SUPERIOR INCOMPLETO,-4,OUTROS,SOLIDARIEDADE
AL,Maceió,VEREADOR,SUPLENTE,MASCULINO,BRANCA,SUPERIOR COMPLETO,-4,MILITAR REFORMADO,SOLIDARIEDADE
AL,Maceió,VEREADOR,NÃO ELEITO,MASCULINO,BRANCA,ENSINO MÉDIO COMPLETO,-4,BANCÁRIO E ECONOMIÁRIO,CIDADANIA
AL,Maceió,VEREADOR,SUPLENTE,FEMININO,PARDA,ENSINO MÉDIO COMPLETO,-4,OUTROS,PSB
AL,Maceió,VEREADOR,SUPLENTE,MASCULINO,PARDA,SUPERIOR COMPLETO,-4,OUTROS,PP
AL,Maceió,VICE-PREFEITO,NÃO ELEITO,FEMININO,PRETA,SUPERIOR COMPLETO,-4,SOCIÓLOGO,SOLIDARIEDADE
AL,Maceió,VEREADOR,NÃO ELEITO,MASCULINO,PARDA,ENSINO MÉDIO COMPLETO,-4,CABELEIREIRO E BARBEIRO,REPUBLICANOS
AL,Maceió,PREFEITO,ELEITO,MASCULINO,PARDA,SUPERIOR COMPLETO,-4,PREFEITO,PL
AL,Maceió,PREFEITO,NÃO ELEITO,FEMININO,PRETA,SUPERIOR INCOMPLETO,-4,VENDEDOR DE COMÉRCIO VAREJISTA E ATACADISTA,PCO
AL,Maceió,VEREADOR,SUPLENTE,FEMININO,PRETA,ENSINO FUNDAMENTAL COMPLETO,-4,OUTROS,PC do B
AL,Maceió,VEREADOR,NÃO ELEITO,MASCULINO,PARDA,ENSINO MÉDIO COMPLETO,-4,MÚSICO,REPUBLICANOS
AL,Maceió,VEREADOR,NÃO ELEITO,FEMININO,PARDA,ENSINO FUNDAMENTAL COMPLETO,-4,EMPRESÁRIO,REPUBLICANOS
AL,Maceió,VEREADOR,NÃO ELEITO,FEMININO,PARDA,SUPERIOR COMPLETO,-4,ADVOGADO,REPUBLICANOS
AL,Maceió,VEREADOR,SUPLENTE,MASCULINO,PARDA,ENSINO MÉDIO COMPLETO,-4,LOCUTOR E COMENTARISTA DE RÁDIO E TELEVISÃO E RADIALISTA,PDT
AL,Maceió,VEREADOR,SUPLENTE,FEMININO,BRANCA,SUPERIOR INCOMPLETO,-4,MOTORISTA DE VEÍCULOS DE TRANSPORTE DE CARGA,PDT
AL,Maceió,VEREADOR,SUPLENTE,MASCULINO,BRANCA,ENSINO MÉDIO COMPLETO,-4,OUTROS,PDT
AL,Maceió,VEREADOR,SUPLENTE,MASCULINO,PRETA,SUPERIOR COMPLETO,-4,ADVOGADO,PDT
AL,Maceió,VEREADOR,ELEITO POR QP,MASCULINO,BRANCA,SUPERIOR COMPLETO,-4,VEREADOR,PDT
AL,Maceió,VEREADOR,SUPLENTE,FEMININO,PARDA,ENSINO MÉDIO COMPLETO,-4,OUTROS,PSD
AL,Maceió,VEREADOR,SUPLENTE,MASCULINO,PARDA,ENSINO FUNDAMENTAL COMPLETO,-4,EMPRESÁRIO,UNIÃO
AL,Maceió,VEREADOR,SUPLENTE,FEMININO,BRANCA,SUPERIOR COMPLETO,-4,SERVIDOR PÚBLICO MUNICIPAL,UNIÃO
AL,Maceió,VEREADOR,SUPLENTE,FEMININO,BRANCA,SUPERIOR COMPLETO,-4,OUTROS,PODE
AL,Maceió,VEREADOR,SUPLENTE,MASCULINO,BRANCA,SUPERIOR COMPLETO,-4,ADVOGADO,PODE
AL,Maceió,VEREADOR,SUPLENTE,FEMININO,BRANCA,SUPERIOR COMPLETO,-4,EMPRESÁRIO,PL
AL,Maceió,VEREADOR,SUPLENTE,FEMININO,PARDA,SUPERIOR COMPLETO,-4,POLICIAL MILITAR,PL
AL,Maceió,VEREADOR,SUPLENTE,MASCULINO,BRANCA,SUPERIOR INCOMPLETO,-4,OUTROS,PL
AL,Maceió,VEREADOR,SUPLENTE,FEMININO,PRETA,SUPERIOR COMPLETO,-4,POLICIAL MILITAR,MDB
AL,Maceió,VEREADOR,SUPLENTE,MASCULINO,PARDA,SUPERIOR COMPLETO,-4,ADMINISTRADOR,MDB
AL,Maceió,VEREADOR,SUPLENTE,FEMININO,PARDA,SUPERIOR COMPLETO,-4,POLICIAL MILITAR,MDB
AL,Maceió,VEREADOR,SUPLENTE,FEMININO,PRETA,ENSINO MÉDIO COMPLETO,-4,POLICIAL MILITAR,MDB
AL,Maceió,VEREADOR,NÃO ELEITO,FEMININO,BRANCA,SUPERIOR COMPLETO,-4,ADVOGADO,CIDADANIA
AL,Maceió,VEREADOR,ELEITO POR MÉDIA,MASCULINO,PARDA,ENSINO MÉDIO COMPLETO,-4,OUTROS,PSB
AL,Maceió,VEREADOR,SUPLENTE,MASCULINO,BRANCA,SUPERIOR INCOMPLETO,-4,EMPRESÁRIO,PSB
AL,Maceió,VEREADOR,SUPLENTE,MASCULINO,BRANCA,SUPERIOR COMPLETO,-4,EMPRESÁRIO,PSB
AL,Maceió,VEREADOR,ELEITO POR MÉDIA,FEMININO,BRANCA,SUPERIOR COMPLETO,-4,ADVOGADO,PP
AL,Maceió,VEREADOR,SUPLENTE,MASCULINO,PARDA,SUPERIOR COMPLETO,-4,SERVIDOR PÚBLICO ESTADUAL,MDB
AL,Maceió,VEREADOR,#NULO,MASCULINO,PARDA,SUPERIOR INCOMPLETO,-4,VIGILANTE,PSD
AL,Maceió,VEREADOR,#NULO,MASCULINO,PARDA,SUPERIOR COMPLETO,-4,CIENTISTA POLÍTICO,PSB
AL,Maceió,VEREADOR,SUPLENTE,MASCULINO,BRANCA,SUPERIOR COMPLETO,-4,AGENTE DE SAÚDE E SANITARISTA,PV
AL,Maceió,VEREADOR,SUPLENTE,MASCULINO,PRETA,SUPERIOR COMPLETO,-4,MÉDICO,PT
AL,Maceió,VEREADOR,SUPLENTE,MASCULINO,PARDA,SUPERIOR INCOMPLETO,-4,EMPRESÁRIO,PV
AL,Maceió,VEREADOR,NÃO ELEITO,MASCULINO,PARDA,ENSINO MÉDIO COMPLETO,-4,TÉCNICO EM INFORMÁTICA,REPUBLICANOS
AL,Maceió,VEREADOR,NÃO ELEITO,MASCULINO,PARDA,ENSINO MÉDIO COMPLETO,-4,COMERCIANTE,REPUBLICANOS
AL,Maceió,VEREADOR,SUPLENTE,MASCULINO,PARDA,ENSINO MÉDIO COMPLETO,-4,OUTROS,PDT
AL,Maceió,VEREADOR,SUPLENTE,MASCULINO,PARDA,ENSINO MÉDIO COMPLETO,-4,ELETRICISTA E ASSEMELHADOS,PDT
AL,Maceió,VEREADOR,SUPLENTE,MASCULINO,PRETA,ENSINO MÉDIO INCOMPLETO,-4,MÚSICO,PDT
AL,Maceió,VEREADOR,SUPLENTE,FEMININO,BRANCA,ENSINO MÉDIO COMPLETO,-4,OUTROS,PSD
AL,Maceió,VEREADOR,SUPLENTE,MASCULINO,PRETA,SUPERIOR COMPLETO,-4,EMPRESÁRIO,PSD
AL,Maceió,VEREADOR,SUPLENTE,FEMININO,PRETA,SUPERIOR INCOMPLETO,-4,"ESTUDANTE, BOLSISTA, ESTAGIÁRIO E ASSEMELHADOS",PSD
AL,Maceió,VEREADOR,SUPLENTE,MASCULINO,BRANCA,SUPERIOR COMPLETO,-4,MILITAR REFORMADO,PSD
AL,Maceió,VEREADOR,SUPLENTE,FEMININO,BRANCA,SUPERIOR COMPLETO,-4,ENGENHEIRO,PSD
AL,Maceió,VEREADOR,SUPLENTE,MASCULINO,PARDA,SUPERIOR COMPLETO,-4,POLICIAL CIVIL,UNIÃO
AL,Maceió,VEREADOR,SUPLENTE,MASCULINO,PARDA,ENSINO FUNDAMENTAL INCOMPLETO,-4,COMERCIANTE,UNIÃO
AL,Maceió,VEREADOR,NÃO ELEITO,MASCULINO,BRANCA,SUPERIOR COMPLETO,-4,SERVIDOR PÚBLICO ESTADUAL,UP
AL,Maceió,VEREADOR,SUPLENTE,MASCULINO,PARDA,SUPERIOR COMPLETO,-4,OUTROS,PODE
AL,Maceió,VEREADOR,SUPLENTE,FEMININO,BRANCA,SUPERIOR COMPLETO,-4,APOSENTADO (EXCETO SERVIDOR PÚBLICO),PODE
AL,Maceió,VEREADOR,SUPLENTE,MASCULINO,BRANCA,ENSINO MÉDIO COMPLETO,-4,OUTROS,PODE
AL,Maceió,VEREADOR,SUPLENTE,MASCULINO,PARDA,SUPERIOR COMPLETO,-4,BOMBEIRO MILITAR,PODE
AL,Maceió,VEREADOR,ELEITO POR MÉDIA,MASCULINO,BRANCA,SUPERIOR INCOMPLETO,-4,VEREADOR,PL
AL,Maceió,VEREADOR,SUPLENTE,MASCULINO,BRANCA,SUPERIOR COMPLETO,-4,SERVIDOR PÚBLICO ESTADUAL,PL
AL,Maceió,VEREADOR,SUPLENTE,MASCULINO,BRANCA,SUPERIOR INCOMPLETO,-4,"ESTUDANTE, BOLSISTA, ESTAGIÁRIO E ASSEMELHADOS",PL
AL,Maceió,VEREADOR,SUPLENTE,MASCULINO,BRANCA,SUPERIOR COMPLETO,-4,EMPRESÁRIO,PL
AL,Maceió,VEREADOR,ELEITO POR QP,MASCULINO,PARDA,SUPERIOR COMPLETO,-4,ADVOGADO,MDB
AL,Maceió,VEREADOR,SUPLENTE,FEMININO,AMARELA,SUPERIOR COMPLETO,-4,ADVOGADO,MDB
AL,Maceió,VEREADOR,SUPLENTE,MASCULINO,PARDA,ENSINO FUNDAMENTAL COMPLETO,-4,OUTROS,MDB
AL,Maceió,VEREADOR,ELEITO POR QP,MASCULINO,BRANCA,SUPERIOR COMPLETO,-4,SERVIDOR PÚBLICO ESTADUAL,MDB
AL,Maceió,VEREADOR,SUPLENTE,MASCULINO,BRANCA,SUPERIOR COMPLETO,-4,MÉDICO,SOLIDARIEDADE
AL,Maceió,VEREADOR,SUPLENTE,MASCULINO,PARDA,ENSINO MÉDIO COMPLETO,-4,EMPRESÁRIO,SOLIDARIEDADE
AL,Maceió,VEREADOR,SUPLENTE,MASCULINO,PARDA,SUPERIOR COMPLETO,-4,COMERCIANTE,SOLIDARIEDADE
AL,Maceió,VEREADOR,SUPLENTE,MASCULINO,PARDA,SUPERIOR COMPLETO,-4,OUTROS,SOLIDARIEDADE
AL,Maceió,VEREADOR,SUPLENTE,FEMININO,PRETA,ENSINO MÉDIO COMPLETO,-4,OUTROS,PSB
AL,Maceió,VEREADOR,SUPLENTE,MASCULINO,BRANCA,ENSINO MÉDIO COMPLETO,-4,OUTROS,PP
AL,Maceió,VEREADOR,SUPLENTE,MASCULINO,PRETA,SUPERIOR INCOMPLETO,-4,OUTROS,PP
AL,Maceió,VEREADOR,SUPLENTE,FEMININO,PRETA,ENSINO MÉDIO COMPLETO,-4,COREÓGRAFO E BAILARINO,PP
AL,Maceió,VICE-PREFEITO,NÃO ELEITO,FEMININO,PRETA,ENSINO MÉDIO COMPLETO,-4,CATADOR DE RECICLÁVEIS,UP
AL,Maceió,VEREADOR,#NULO,FEMININO,PARDA,ENSINO FUNDAMENTAL COMPLETO,-4,OUTROS,PSD
AL,Maceió,VEREADOR,#NULO,MASCULINO,BRANCA,SUPERIOR COMPLETO,-4,SERVIDOR PÚBLICO MUNICIPAL,SOLIDARIEDADE
AL,Maceió,PREFEITO,NÃO ELEITO,MASCULINO,BRANCA,SUPERIOR COMPLETO,-4,DEPUTADO,MDB
AL,Maceió,VEREADOR,SUPLENTE,MASCULINO,PARDA,ENSINO MÉDIO COMPLETO,-4,EMPRESÁRIO,PV
AL,Maceió,VEREADOR,SUPLENTE,FEMININO,PARDA,SUPERIOR COMPLETO,-4,OUTROS,PT
AL,Maceió,VEREADOR,NÃO ELEITO,FEMININO,BRANCA,SUPERIOR COMPLETO,-4,CONTADOR,REPUBLICANOS
AL,Maceió,VEREADOR,NÃO ELEITO,FEMININO,PARDA,SUPERIOR INCOMPLETO,-4,EMPRESÁRIO,REPUBLICANOS
AL,Maceió,VEREADOR,NÃO ELEITO,MASCULINO,PARDA,ENSINO MÉDIO COMPLETO,-4,VIGILANTE,REPUBLICANOS
AL,Maceió,VEREADOR,NÃO ELEITO,MASCULINO,BRANCA,ENSINO MÉDIO COMPLETO,-4,OUTROS,REPUBLICANOS
AL,Maceió,VEREADOR,SUPLENTE,MASCULINO,BRANCA,SUPERIOR COMPLETO,-4,PROFESSOR DE ENSINO SUPERIOR,PDT
AL,Maceió,VEREADOR,SUPLENTE,FEMININO,BRANCA,SUPERIOR COMPLETO,-4,PROFESSOR DE ENSINO FUNDAMENTAL,PDT
AL,Maceió,VEREADOR,SUPLENTE,MASCULINO,PARDA,SUPERIOR COMPLETO,-4,OUTROS,PDT
AL,Maceió,VEREADOR,SUPLENTE,FEMININO,BRANCA,SUPERIOR COMPLETO,-4,ADVOGADO,PDT
AL,Maceió,VEREADOR,SUPLENTE,FEMININO,PARDA,SUPERIOR INCOMPLETO,-4,TÉCNICO DE ENFERMAGEM E ASSEMELHADOS (EXCETO ENFERMEIRO),PDT
AL,Maceió,VEREADOR,SUPLENTE,FEMININO,BRANCA,SUPERIOR INCOMPLETO,-4,ARTESÃO,PSD
AL,Maceió,VEREADOR,SUPLENTE,MASCULINO,BRANCA,SUPERIOR INCOMPLETO,-4,LOCUTOR E COMENTARISTA DE RÁDIO E TELEVISÃO E RADIALISTA,PSD
AL,Maceió,VEREADOR,SUPLENTE,FEMININO,PARDA,SUPERIOR COMPLETO,-4,SERVIDOR PÚBLICO CIVIL APOSENTADO,PSD
AL,Maceió,VEREADOR,SUPLENTE,MASCULINO,BRANCA,SUPERIOR COMPLETO,-4,ADMINISTRADOR,PSD
AL,Maceió,VEREADOR,SUPLENTE,MASCULINO,PARDA,ENSINO MÉDIO COMPLETO,-4,POLICIAL MILITAR,PSD
AL,Maceió,VEREADOR,SUPLENTE,MASCULINO,BRANCA,ENSINO MÉDIO COMPLETO,-4,"CORRETOR DE IMÓVEIS, SEGUROS, TÍTULOS E VALORES",PSD
AL,Maceió,VEREADOR,SUPLENTE,MASCULINO,BRANCA,ENSINO MÉDIO COMPLETO,-4,SACERDOTE OU MEMBRO DE ORDEM OU SEITA RELIGIOSA,PSD
AL,Maceió,VEREADOR,SUPLENTE,MASCULINO,PARDA,ENSINO MÉDIO COMPLETO,-4,OUTROS,UNIÃO
AL,Maceió,VEREADOR,SUPLENTE,FEMININO,BRANCA,SUPERIOR COMPLETO,-4,OUTROS,UNIÃO
AL,Maceió,VEREADOR,SUPLENTE,MASCULINO,PARDA,SUPERIOR COMPLETO,-4,POLICIAL MILITAR,UNIÃO
AL,Maceió,VEREADOR,SUPLENTE,FEMININO,BRANCA,ENSINO MÉDIO COMPLETO,-4,OUTROS,PODE
AL,Maceió,VEREADOR,SUPLENTE,MASCULINO,BRANCA,SUPERIOR INCOMPLETO,-4,EMPRESÁRIO,MDB
AL,Maceió,VEREADOR,SUPLENTE,FEMININO,BRANCA,SUPERIOR COMPLETO,-4,PSICÓLOGO,MDB
AL,Maceió,VEREADOR,SUPLENTE,MASCULINO,PARDA,ENSINO FUNDAMENTAL INCOMPLETO,-4,COBRADOR DE TRANSPORTE COLETIVO,MDB
AL,Maceió,VEREADOR,SUPLENTE,FEMININO,BRANCA,SUPERIOR INCOMPLETO,-4,SERVIDOR PÚBLICO MUNICIPAL,SOLIDARIEDADE
AL,Maceió,VEREADOR,SUPLENTE,MASCULINO,PARDA,SUPERIOR COMPLETO,-4,MILITAR REFORMADO,SOLIDARIEDADE
AL,Maceió,VEREADOR,SUPLENTE,FEMININO,BRANCA,ENSINO MÉDIO INCOMPLETO,-4,OUTROS,SOLIDARIEDADE
AL,Maceió,VEREADOR,SUPLENTE,MASCULINO,BRANCA,SUPERIOR COMPLETO,-4,POLICIAL MILITAR,SOLIDARIEDADE
AL,Maceió,VEREADOR,NÃO ELEITO,MASCULINO,BRANCA,ENSINO MÉDIO INCOMPLETO,-4,MOTORISTA PARTICULAR,CIDADANIA
AL,Maceió,VEREADOR,SUPLENTE,FEMININO,PARDA,SUPERIOR INCOMPLETO,-4,OUTROS,PSB
AL,Maceió,VEREADOR,SUPLENTE,MASCULINO,BRANCA,SUPERIOR COMPLETO,-4,JORNALISTA E REDATOR,PSB
AL,Maceió,VEREADOR,SUPLENTE,FEMININO,PARDA,ENSINO MÉDIO COMPLETO,-4,DONA DE CASA,PSB
AL,Maceió,VEREADOR,SUPLENTE,MASCULINO,PARDA,SUPERIOR COMPLETO,-4,OUTROS,PSB
AL,Maceió,VEREADOR,SUPLENTE,MASCULINO,BRANCA,ENSINO MÉDIO COMPLETO,-4,OUTROS,PSB
AL,Maceió,VEREADOR,SUPLENTE,FEMININO,BRANCA,SUPERIOR COMPLETO,-4,PEDAGOGO,PSB
AL,Maceió,VEREADOR,SUPLENTE,FEMININO,BRANCA,SUPERIOR INCOMPLETO,-4,TÉCNICO DE ENFERMAGEM E ASSEMELHADOS (EXCETO ENFERMEIRO),PSB
AL,Maceió,VEREADOR,SUPLENTE,FEMININO,BRANCA,SUPERIOR COMPLETO,-4,ADVOGADO,PP
AL,Maceió,VEREADOR,SUPLENTE,FEMININO,BRANCA,SUPERIOR COMPLETO,-4,NUTRICIONISTA E ASSEMELHADOS,PP
AL,Maceió,VEREADOR,SUPLENTE,MASCULINO,PARDA,ENSINO MÉDIO COMPLETO,-4,OUTROS,PP
AL,Maceió,VICE-PREFEITO,NÃO ELEITO,MASCULINO,BRANCA,SUPERIOR COMPLETO,-4,"ESTUDANTE, BOLSISTA, ESTAGIÁRIO E ASSEMELHADOS",PCO
AL,Maceió,VICE-PREFEITO,#NULO,MASCULINO,PARDA,ENSINO MÉDIO COMPLETO,-4,EMPRESÁRIO,AGIR
AL,Maceió,VEREADOR,ELEITO POR QP,FEMININO,BRANCA,SUPERIOR COMPLETO,-4,OUTROS,PT
AL,Maceió,VEREADOR,SUPLENTE,FEMININO,PRETA,SUPERIOR COMPLETO,-4,ADVOGADO,PV
AL,Maceió,VEREADOR,SUPLENTE,FEMININO,PRETA,SUPERIOR COMPLETO,-4,OUTROS,PT
AL,Maceió,VEREADOR,SUPLENTE,MASCULINO,PRETA,SUPERIOR COMPLETO,-4,OUTROS,PT
AL,Maceió,VEREADOR,NÃO ELEITO,FEMININO,PARDA,ENSINO MÉDIO COMPLETO,-4,EMPRESÁRIO,REPUBLICANOS
AL,Maceió,VEREADOR,NÃO ELEITO,MASCULINO,PRETA,ENSINO MÉDIO COMPLETO,-4,EMPRESÁRIO,REPUBLICANOS
AL,Maceió,VEREADOR,NÃO ELEITO,MASCULINO,BRANCA,ENSINO MÉDIO COMPLETO,-4,SERVIDOR PÚBLICO ESTADUAL,REPUBLICANOS
AL,Maceió,VEREADOR,SUPLENTE,MASCULINO,PRETA,ENSINO MÉDIO COMPLETO,-4,BOMBEIRO MILITAR,PDT
AL,Maceió,VEREADOR,SUPLENTE,FEMININO,PARDA,SUPERIOR COMPLETO,-4,FISIOTERAPEUTA E TERAPEUTA OCUPACIONAL,PDT
AL,Maceió,VEREADOR,SUPLENTE,MASCULINO,BRANCA,SUPERIOR COMPLETO,-4,SERVIDOR PÚBLICO FEDERAL,PSD
AL,Maceió,VEREADOR,ELEITO POR QP,MASCULINO,BRANCA,SUPERIOR COMPLETO,-4,ADVOGADO,PSD
AL,Maceió,VEREADOR,SUPLENTE,FEMININO,BRANCA,SUPERIOR COMPLETO,-4,PROFESSOR DE ENSINO SUPERIOR,PSD
AL,Maceió,VEREADOR,SUPLENTE,MASCULINO,PARDA,ENSINO FUNDAMENTAL COMPLETO,-4,OUTROS,UNIÃO
AL,Maceió,VEREADOR,SUPLENTE,FEMININO,PARDA,SUPERIOR COMPLETO,-4,OUTROS,PODE
AL,Maceió,VEREADOR,SUPLENTE,MASCULINO,PARDA,ENSINO FUNDAMENTAL INCOMPLETO,-4,OUTROS,PODE
AL,Maceió,VEREADOR,SUPLENTE,MASCULINO,PARDA,SUPERIOR COMPLETO,-4,SERVIDOR PÚBLICO MUNICIPAL,PODE
AL,Maceió,VEREADOR,SUPLENTE,MASCULINO,PRETA,SUPERIOR COMPLETO,-4,ENGENHEIRO,PODE
AL,Maceió,VEREADOR,SUPLENTE,FEMININO,PARDA,ENSINO MÉDIO COMPLETO,-4,OUTROS,PODE
AL,Maceió,VEREADOR,SUPLENTE,MASCULINO,PARDA,SUPERIOR INCOMPLETO,-4,"ESTUDANTE, BOLSISTA, ESTAGIÁRIO E ASSEMELHADOS",PODE
AL,Maceió,VEREADOR,SUPLENTE,MASCULINO,PARDA,SUPERIOR COMPLETO,-4,EMPRESÁRIO,PODE
AL,Maceió,VEREADOR,ELEITO POR MÉDIA,MASCULINO,BRANCA,SUPERIOR COMPLETO,-4,PROFESSOR DE ENSINO MÉDIO,PL
AL,Maceió,VEREADOR,SUPLENTE,MASCULINO,PARDA,SUPERIOR COMPLETO,-4,ADVOGADO,MDB
AL,Maceió,VEREADOR,SUPLENTE,FEMININO,PARDA,SUPERIOR COMPLETO,-4,JORNALISTA E REDATOR,MDB
AL,Maceió,VEREADOR,SUPLENTE,MASCULINO,BRANCA,SUPERIOR COMPLETO,-4,VEREADOR,MDB
AL,Maceió,VEREADOR,SUPLENTE,MASCULINO,BRANCA,ENSINO FUNDAMENTAL COMPLETO,-4,CABELEIREIRO E BARBEIRO,MDB
AL,Maceió,VEREADOR,SUPLENTE,FEMININO,PRETA,ENSINO MÉDIO COMPLETO,-4,SERVIDOR PÚBLICO ESTADUAL,SOLIDARIEDADE
AL,Maceió,VEREADOR,SUPLENTE,FEMININO,BRANCA,SUPERIOR COMPLETO,-4,ADVOGADO,SOLIDARIEDADE
AL,Maceió,VEREADOR,SUPLENTE,MASCULINO,PARDA,ENSINO MÉDIO COMPLETO,-4,APOSENTADO (EXCETO SERVIDOR PÚBLICO),SOLIDARIEDADE
AL,Maceió,VEREADOR,SUPLENTE,MASCULINO,PARDA,SUPERIOR COMPLETO,-4,EMPRESÁRIO,SOLIDARIEDADE
AL,Maceió,VEREADOR,SUPLENTE,MASCULINO,BRANCA,ENSINO MÉDIO INCOMPLETO,-4,EMPRESÁRIO,SOLIDARIEDADE
AL,Maceió,VEREADOR,SUPLENTE,FEMININO,PARDA,ENSINO MÉDIO COMPLETO,-4,OUTROS,SOLIDARIEDADE
AL,Maceió,VEREADOR,NÃO ELEITO,FEMININO,BRANCA,ENSINO MÉDIO INCOMPLETO,-4,AUXILIAR DE ESCRITÓRIO E ASSEMELHADOS,CIDADANIA
AL,Maceió,VEREADOR,NÃO ELEITO,MASCULINO,PARDA,ENSINO MÉDIO COMPLETO,-4,COMERCIÁRIO,CIDADANIA
AL,Maceió,VEREADOR,SUPLENTE,MASCULINO,PRETA,SUPERIOR COMPLETO,-4,EMPRESÁRIO,PSB
AL,Maceió,VEREADOR,SUPLENTE,MASCULINO,BRANCA,SUPERIOR COMPLETO,-4,PROFESSOR DE ENSINO SUPERIOR,PSB
AL,Maceió,VEREADOR,ELEITO POR QP,MASCULINO,BRANCA,SUPERIOR COMPLETO,-4,OUTROS,PSB
AL,Maceió,VEREADOR,SUPLENTE,MASCULINO,BRANCA,SUPERIOR COMPLETO,-4,SERVIDOR PÚBLICO MUNICIPAL,PSB
AL,Maceió,VEREADOR,SUPLENTE,MASCULINO,PARDA,ENSINO MÉDIO COMPLETO,-4,GARÇOM,PSB
AL,Maceió,VEREADOR,SUPLENTE,MASCULINO,BRANCA,ENSINO MÉDIO COMPLETO,-4,EMPRESÁRIO,PSB
AL,Maceió,VEREADOR,SUPLENTE,MASCULINO,PARDA,SUPERIOR COMPLETO,-4,SERVIDOR PÚBLICO FEDERAL,PP
AL,Maceió,VEREADOR,ELEITO POR QP,MASCULINO,BRANCA,SUPERIOR COMPLETO,-4,SERVIDOR PÚBLICO ESTADUAL,PP
AL,Maceió,VEREADOR,SUPLENTE,MASCULINO,PARDA,ENSINO MÉDIO COMPLETO,-4,MECÂNICO DE MANUTENÇÃO,PP
AL,Maceió,VEREADOR,SUPLENTE,MASCULINO,BRANCA,ENSINO FUNDAMENTAL INCOMPLETO,-4,MECÂNICO DE MANUTENÇÃO,PP
AL,Maceió,VEREADOR,SUPLENTE,FEMININO,PARDA,SUPERIOR COMPLETO,-4,OUTROS,PP
AL,Maceió,VEREADOR,SUPLENTE,MASCULINO,PARDA,SUPERIOR COMPLETO,-4,POLICIAL MILITAR,PP
SE,Aracaju,VEREADOR,NÃO ELEITO,MASCULINO,PARDA,ENSINO MÉDIO COMPLETO,-4,LOCUTOR E COMENTARISTA DE RÁDIO E TELEVISÃO E RADIALISTA,PT
SE,Aracaju,VEREADOR,NÃO ELEITO,MASCULINO,PRETA,SUPERIOR COMPLETO,-4,ADVOGADO,PSOL
SE,Aracaju,VEREADOR,#NULO,MASCULINO,BRANCA,SUPERIOR COMPLETO,-4,ADMINISTRADOR,UNIÃO
SE,Aracaju,PREFEITO,#NULO,FEMININO,PARDA,SUPERIOR COMPLETO,-4,ADVOGADO,PSOL
SE,Aracaju,PREFEITO,#NULO,FEMININO,BRANCA,SUPERIOR COMPLETO,-4,ADVOGADO,PL
SE,Aracaju,VEREADOR,NÃO ELEITO,MASCULINO,PARDA,ENSINO MÉDIO COMPLETO,-4,COMERCIANTE,REPUBLICANOS
SE,Aracaju,VEREADOR,NÃO ELEITO,MASCULINO,PRETA,ENSINO FUNDAMENTAL COMPLETO,-4,OUTROS,REPUBLICANOS
SE,Aracaju,VEREADOR,NÃO ELEITO,FEMININO,BRANCA,SUPERIOR COMPLETO,-4,NUTRICIONISTA E ASSEMELHADOS,REPUBLICANOS
SE,Aracaju,VEREADOR,NÃO ELEITO,MASCULINO,PRETA,SUPERIOR COMPLETO,-4,APOSENTADO (EXCETO SERVIDOR PÚBLICO),REPUBLICANOS
SE,Aracaju,VEREADOR,NÃO ELEITO,FEMININO,PRETA,SUPERIOR INCOMPLETO,-4,OUTROS,NOVO
SE,Aracaju,VEREADOR,NÃO ELEITO,FEMININO,PARDA,SUPERIOR COMPLETO,-4,PROFESSOR DE ENSINO SUPERIOR,NOVO
SE,Aracaju,VEREADOR,SUPLENTE,MASCULINO,PARDA,SUPERIOR INCOMPLETO,-4,EMPRESÁRIO,PRD
SE,Aracaju,VEREADOR,SUPLENTE,FEMININO,BRANCA,SUPERIOR COMPLETO,-4,SERVIDOR PÚBLICO ESTADUAL,PSD
SE,Aracaju,VEREADOR,SUPLENTE,MASCULINO,AMARELA,SUPERIOR COMPLETO,-4,ENFERMEIRO,PSD
SE,Aracaju,VEREADOR,SUPLENTE,FEMININO,BRANCA,SUPERIOR INCOMPLETO,-4,OUTROS,PSD
SE,Aracaju,VEREADOR,SUPLENTE,MASCULINO,PRETA,SUPERIOR INCOMPLETO,-4,OUTROS,PSD
SE,Aracaju,VEREADOR,NÃO ELEITO,MASCULINO,PARDA,ENSINO FUNDAMENTAL COMPLETO,-4,"TÉCNICO DE ELETRICIDADE, ELETRÔNICA E TELECOMUNICAÇÕES",AGIR
SE,Aracaju,VEREADOR,NÃO ELEITO,MASCULINO,PARDA,ENSINO MÉDIO COMPLETO,-4,SERVIDOR PÚBLICO MUNICIPAL,AGIR
SE,Aracaju,VEREADOR,NÃO ELEITO,FEMININO,PARDA,ENSINO FUNDAMENTAL INCOMPLETO,-4,OUTROS,AGIR
SE,Aracaju,VEREADOR,SUPLENTE,FEMININO,PARDA,SUPERIOR COMPLETO,-4,OUTROS,PSB
SE,Aracaju,VEREADOR,NÃO ELEITO,FEMININO,PARDA,ENSINO MÉDIO COMPLETO,-4,EMPRESÁRIO,DC
SE,Aracaju,VEREADOR,NÃO ELEITO,MASCULINO,BRANCA,ENSINO MÉDIO COMPLETO,-4,OUTROS,DC
SE,Aracaju,VEREADOR,SUPLENTE,MASCULINO,PARDA,SUPERIOR COMPLETO,-4,OUTROS,PT
SE,Aracaju,VEREADOR,SUPLENTE,MASCULINO,PARDA,ENSINO MÉDIO COMPLETO,-4,TÉCNICO DE ENFERMAGEM E ASSEMELHADOS (EXCETO ENFERMEIRO),PV
SE,Aracaju,VEREADOR,SUPLENTE,FEMININO,PARDA,ENSINO MÉDIO INCOMPLETO,-4,OUTROS,PL
SE,Aracaju,VEREADOR,SUPLENTE,MASCULINO,BRANCA,SUPERIOR COMPLETO,-4,SERVIDOR PÚBLICO MUNICIPAL,PL
SE,Aracaju,VEREADOR,SUPLENTE,MASCULINO,PARDA,SUPERIOR COMPLETO,-4,ADVOGADO,PL
SE,Aracaju,VEREADOR,SUPLENTE,MASCULINO,PARDA,SUPERIOR COMPLETO,-4,SERVIDOR PÚBLICO CIVIL APOSENTADO,PL
SE,Aracaju,VEREADOR,SUPLENTE,MASCULINO,PARDA,SUPERIOR COMPLETO,-4,POLICIAL MILITAR,PL
SE,Aracaju,VEREADOR,SUPLENTE,MASCULINO,BRANCA,SUPERIOR COMPLETO,-4,EMPRESÁRIO,PL
SE,Aracaju,VEREADOR,SUPLENTE,FEMININO,PRETA,SUPERIOR COMPLETO,-4,ASSISTENTE SOCIAL,PL
SE,Aracaju,VEREADOR,SUPLENTE,FEMININO,PARDA,SUPERIOR INCOMPLETO,-4,"CORRETOR DE IMÓVEIS, SEGUROS, TÍTULOS E VALORES",PL
SE,Aracaju,VEREADOR,SUPLENTE,MASCULINO,PRETA,SUPERIOR INCOMPLETO,-4,EMPRESÁRIO,PDT
SE,Aracaju,VEREADOR,SUPLENTE,MASCULINO,PARDA,SUPERIOR INCOMPLETO,-4,OUTROS,PDT
SE,Aracaju,VEREADOR,SUPLENTE,FEMININO,PRETA,ENSINO MÉDIO COMPLETO,-4,ADMINISTRADOR,PDT
SE,Aracaju,VEREADOR,SUPLENTE,MASCULINO,PARDA,SUPERIOR COMPLETO,-4,SERVIDOR PÚBLICO MUNICIPAL,PDT
SE,Aracaju,VEREADOR,SUPLENTE,MASCULINO,PRETA,SUPERIOR COMPLETO,-4,VEREADOR,PDT
SE,Aracaju,VEREADOR,SUPLENTE,MASCULINO,NÃO INFORMADO,SUPERIOR COMPLETO,-4,OUTROS,MOBILIZA
SE,Aracaju,VEREADOR,SUPLENTE,MASCULINO,NÃO INFORMADO,SUPERIOR COMPLETO,-4,ADVOGADO,MOBILIZA
SE,Aracaju,VEREADOR,SUPLENTE,MASCULINO,PRETA,ENSINO MÉDIO COMPLETO,-4,OUTROS,MDB
SE,Aracaju,VEREADOR,SUPLENTE,FEMININO,PRETA,ENSINO MÉDIO COMPLETO,-4,OUTROS,MDB
SE,Aracaju,VEREADOR,SUPLENTE,MASCULINO,PARDA,ENSINO MÉDIO COMPLETO,-4,OUTROS,PODE
SE,Aracaju,VEREADOR,SUPLENTE,MASCULINO,BRANCA,ENSINO MÉDIO COMPLETO,-4,EMPRESÁRIO,PP
SE,Aracaju,VEREADOR,ELEITO POR QP,MASCULINO,PARDA,SUPERIOR COMPLETO,-4,ADMINISTRADOR,PP
SE,Aracaju,VEREADOR,SUPLENTE,FEMININO,PRETA,ENSINO MÉDIO COMPLETO,-4,"CABELEIREIRO, BARBEIRO, MANICURE, MAQUILADOR, ESTETICISTA E MASSAGISTA",PP
SE,Aracaju,VEREADOR,SUPLENTE,MASCULINO,PRETA,SUPERIOR COMPLETO,-4,SERVIDOR PÚBLICO MUNICIPAL,PP
SE,Aracaju,VEREADOR,ELEITO POR MÉDIA,FEMININO,BRANCA,SUPERIOR COMPLETO,-4,SERVIDOR PÚBLICO CIVIL APOSENTADO,PSOL
SE,Aracaju,VEREADOR,SUPLENTE,FEMININO,PARDA,ENSINO FUNDAMENTAL COMPLETO,-4,DONA DE CASA,PSOL
SE,Aracaju,VEREADOR,SUPLENTE,FEMININO,PARDA,SUPERIOR COMPLETO,-4,FISIOTERAPEUTA E TERAPEUTA OCUPACIONAL,REDE
SE,Aracaju,VEREADOR,SUPLENTE,FEMININO,PARDA,SUPERIOR COMPLETO,-4,ENFERMEIRO,UNIÃO
SE,Aracaju,VEREADOR,SUPLENTE,MASCULINO,PRETA,SUPERIOR COMPLETO,-4,APOSENTADO (EXCETO SERVIDOR PÚBLICO),UNIÃO
SE,Aracaju,VEREADOR,NÃO ELEITO,MASCULINO,BRANCA,SUPERIOR COMPLETO,-4,PROFESSOR DE ENSINO SUPERIOR,UP
SE,Aracaju,VEREADOR,NÃO ELEITO,MASCULINO,PARDA,SUPERIOR COMPLETO,-4,PROFESSOR DE ENSINO SUPERIOR,CIDADANIA
SE,Aracaju,VEREADOR,NÃO ELEITO,MASCULINO,PRETA,ENSINO FUNDAMENTAL COMPLETO,-4,CABELEIREIRO E BARBEIRO,CIDADANIA
SE,Aracaju,VEREADOR,NÃO ELEITO,MASCULINO,BRANCA,SUPERIOR COMPLETO,-4,OUTROS,SOLIDARIEDADE
SE,Aracaju,VEREADOR,NÃO ELEITO,MASCULINO,PARDA,ENSINO MÉDIO COMPLETO,-4,GERENTE,SOLIDARIEDADE
SE,Aracaju,VEREADOR,NÃO ELEITO,FEMININO,PARDA,SUPERIOR COMPLETO,-4,ADMINISTRADOR,SOLIDARIEDADE
SE,Aracaju,VEREADOR,NÃO ELEITO,MASCULINO,BRANCA,SUPERIOR COMPLETO,-4,ADVOGADO,AVANTE
SE,Aracaju,VEREADOR,NÃO ELEITO,FEMININO,PARDA,SUPERIOR INCOMPLETO,-4,OUTROS,AVANTE
SE,Aracaju,VICE-PREFEITO,#NULO,FEMININO,PRETA,SUPERIOR COMPLETO,-4,APOSENTADO (EXCETO SERVIDOR PÚBLICO),PT
SE,Aracaju,VEREADOR,#NULO,MASCULINO,PRETA,ENSINO MÉDIO COMPLETO,-4,"VENDEDOR PRACISTA, REPRESENTANTE, CAIXEIRO-VIAJANTE E ASSEMELHADOS",DC
SE,Aracaju,PREFEITO,#NULO,FEMININO,BRANCA,SUPERIOR COMPLETO,-4,JORNALISTA E REDATOR,PT
SE,Aracaju,VEREADOR,NÃO ELEITO,MASCULINO,PARDA,SUPERIOR COMPLETO,-4,SERVIDOR PÚBLICO ESTADUAL,REPUBLICANOS
SE,Aracaju,VEREADOR,NÃO ELEITO,MASCULINO,PARDA,ENSINO MÉDIO INCOMPLETO,-4,COMERCIANTE,REPUBLICANOS
SE,Aracaju,VEREADOR,NÃO ELEITO,MASCULINO,BRANCA,ENSINO MÉDIO COMPLETO,-4,OUTROS,REPUBLICANOS
SE,Aracaju,VEREADOR,NÃO ELEITO,MASCULINO,PARDA,SUPERIOR INCOMPLETO,-4,MOTORISTA PARTICULAR,REPUBLICANOS
SE,Aracaju,VEREADOR,NÃO ELEITO,MASCULINO,PRETA,SUPERIOR COMPLETO,-4,ENGENHEIRO,REPUBLICANOS
SE,Aracaju,VEREADOR,NÃO ELEITO,MASCULINO,PARDA,ENSINO MÉDIO COMPLETO,-4,OUTROS,NOVO
SE,Aracaju,VEREADOR,NÃO ELEITO,FEMININO,BRANCA,SUPERIOR COMPLETO,-4,PROFESSOR DE ENSINO SUPERIOR,NOVO
SE,Aracaju,VEREADOR,SUPLENTE,FEMININO,AMARELA,ENSINO MÉDIO COMPLETO,-4,OUTROS,PRD
SE,Aracaju,VEREADOR,SUPLENTE,MASCULINO,BRANCA,SUPERIOR COMPLETO,-4,EMPRESÁRIO,PRD
SE,Aracaju,VEREADOR,SUPLENTE,MASCULINO,PARDA,ENSINO MÉDIO COMPLETO,-4,EMPRESÁRIO,PRD
SE,Aracaju,VEREADOR,SUPLENTE,MASCULINO,BRANCA,SUPERIOR COMPLETO,-4,OUTROS,PSD
SE,Aracaju,VEREADOR,ELEITO POR MÉDIA,MASCULINO,PARDA,ENSINO MÉDIO COMPLETO,-4,VEREADOR,PSD
SE,Aracaju,VEREADOR,SUPLENTE,MASCULINO,PRETA,SUPERIOR COMPLETO,-4,MÉDICO,PSD
SE,Aracaju,VEREADOR,ELEITO POR QP,FEMININO,BRANCA,SUPERIOR COMPLETO,-4,APOSENTADO (EXCETO SERVIDOR PÚBLICO),PSD
SE,Aracaju,VEREADOR,NÃO ELEITO,MASCULINO,PARDA,ENSINO MÉDIO COMPLETO,-4,EMPRESÁRIO,AGIR
SE,Aracaju,VEREADOR,SUPLENTE,MASCULINO,PARDA,SUPERIOR COMPLETO,-4,CONTADOR,PSB
SE,Aracaju,VEREADOR,SUPLENTE,MASCULINO,PRETA,SUPERIOR COMPLETO,-4,APOSENTADO (EXCETO SERVIDOR PÚBLICO),PSB
SE,Aracaju,VEREADOR,SUPLENTE,FEMININO,PRETA,ENSINO FUNDAMENTAL INCOMPLETO,-4,VIGILANTE,PSB
SE,Aracaju,VEREADOR,SUPLENTE,MASCULINO,PRETA,SUPERIOR INCOMPLETO,-4,"ESTUDANTE, BOLSISTA, ESTAGIÁRIO E ASSEMELHADOS",PSB
SE,Aracaju,VEREADOR,SUPLENTE,MASCULINO,BRANCA,SUPERIOR COMPLETO,-4,OUTROS,PSB
SE,Aracaju,VEREADOR,SUPLENTE,FEMININO,PARDA,ENSINO MÉDIO COMPLETO,-4,DONA DE CASA,PSB
SE,Aracaju,VEREADOR,NÃO ELEITO,MASCULINO,BRANCA,ENSINO MÉDIO INCOMPLETO,-4,COMERCIANTE,DC
SE,Aracaju,VEREADOR,NÃO ELEITO,MASCULINO,PRETA,ENSINO MÉDIO COMPLETO,-4,TRABALHADOR DE CONSTRUÇÃO CIVIL,DC
SE,Aracaju,VEREADOR,NÃO ELEITO,FEMININO,PARDA,ENSINO FUNDAMENTAL INCOMPLETO,-4,"VENDEDOR PRACISTA, REPRESENTANTE, CAIXEIRO-VIAJANTE E ASSEMELHADOS",DC
SE,Aracaju,VEREADOR,NÃO ELEITO,MASCULINO,PARDA,ENSINO MÉDIO COMPLETO,-4,"CORRETOR DE IMÓVEIS, SEGUROS, TÍTULOS E VALORES",DC
SE,Aracaju,VEREADOR,SUPLENTE,FEMININO,PARDA,SUPERIOR INCOMPLETO,-4,AUXILIAR DE ESCRITÓRIO E ASSEMELHADOS,PT
SE,Aracaju,VEREADOR,SUPLENTE,MASCULINO,BRANCA,ENSINO FUNDAMENTAL INCOMPLETO,-4,EMPRESÁRIO,PT
SE,Aracaju,VEREADOR,SUPLENTE,MASCULINO,PARDA,SUPERIOR COMPLETO,-4,ADVOGADO,PV
SE,Aracaju,VEREADOR,SUPLENTE,MASCULINO,PARDA,ENSINO MÉDIO COMPLETO,-4,OUTROS,PL
SE,Aracaju,VEREADOR,SUPLENTE,MASCULINO,PARDA,SUPERIOR COMPLETO,-4,OUTROS,PL
SE,Aracaju,VEREADOR,SUPLENTE,FEMININO,PARDA,SUPERIOR COMPLETO,-4,ADMINISTRADOR,PDT
SE,Aracaju,VEREADOR,SUPLENTE,FEMININO,PRETA,SUPERIOR COMPLETO,-4,ADMINISTRADOR,PDT
SE,Aracaju,VEREADOR,SUPLENTE,MASCULINO,PARDA,ENSINO FUNDAMENTAL COMPLETO,-4,OUTROS,PDT
SE,Aracaju,VEREADOR,SUPLENTE,MASCULINO,PRETA,SUPERIOR COMPLETO,-4,OUTROS,MOBILIZA
SE,Aracaju,VEREADOR,SUPLENTE,MASCULINO,PARDA,SUPERIOR COMPLETO,-4,GERENTE,MOBILIZA
SE,Aracaju,VEREADOR,SUPLENTE,MASCULINO,NÃO INFORMADO,SUPERIOR COMPLETO,-4,SERVIDOR PÚBLICO MUNICIPAL,MOBILIZA
SE,Aracaju,VEREADOR,SUPLENTE,MASCULINO,PARDA,SUPERIOR COMPLETO,-4,POLICIAL CIVIL,MDB
SE,Aracaju,VEREADOR,SUPLENTE,FEMININO,PARDA,SUPERIOR COMPLETO,-4,ADMINISTRADOR,MDB
SE,Aracaju,VEREADOR,ELEITO POR QP,MASCULINO,PRETA,SUPERIOR COMPLETO,-4,VEREADOR,PODE
SE,Aracaju,VEREADOR,SUPLENTE,FEMININO,PRETA,SUPERIOR INCOMPLETO,-4,OUTROS,PODE
SE,Aracaju,VEREADOR,SUPLENTE,MASCULINO,BRANCA,SUPERIOR COMPLETO,-4,SERVIDOR PÚBLICO ESTADUAL,PP
SE,Aracaju,VEREADOR,SUPLENTE,MASCULINO,PARDA,SUPERIOR COMPLETO,-4,ARQUITETO,PP
SE,Aracaju,VEREADOR,SUPLENTE,MASCULINO,PARDA,SUPERIOR COMPLETO,-4,SERVIDOR PÚBLICO ESTADUAL,PSOL
SE,Aracaju,VEREADOR,SUPLENTE,FEMININO,PARDA,ENSINO MÉDIO INCOMPLETO,-4,MOTOBOY,REDE
SE,Aracaju,VEREADOR,SUPLENTE,FEMININO,PRETA,SUPERIOR INCOMPLETO,-4,TÉCNICO DE ENFERMAGEM E ASSEMELHADOS (EXCETO ENFERMEIRO),UNIÃO
SE,Aracaju,VEREADOR,SUPLENTE,MASCULINO,PARDA,SUPERIOR COMPLETO,-4,EMPRESÁRIO,UNIÃO
SE,Aracaju,VEREADOR,NÃO ELEITO,MASCULINO,BRANCA,SUPERIOR COMPLETO,-4,POLICIAL MILITAR,PSDB
SE,Aracaju,VEREADOR,NÃO ELEITO,FEMININO,BRANCA,ENSINO FUNDAMENTAL INCOMPLETO,-4,EMPREGADO DOMÉSTICO,CIDADANIA
SE,Aracaju,VEREADOR,NÃO ELEITO,FEMININO,BRANCA,SUPERIOR COMPLETO,-4,PROFESSOR DE ENSINO MÉDIO,PSDB
SE,Aracaju,VEREADOR,NÃO ELEITO,FEMININO,PARDA,ENSINO MÉDIO COMPLETO,-4,OUTROS,SOLIDARIEDADE
SE,Aracaju,VEREADOR,NÃO ELEITO,FEMININO,PARDA,ENSINO MÉDIO COMPLETO,-4,"ESTIVADOR, CARREGADOR E ASSEMELHADOS",AVANTE
SE,Aracaju,VEREADOR,NÃO ELEITO,MASCULINO,PARDA,ENSINO FUNDAMENTAL COMPLETO,-4,COMERCIANTE,AVANTE
SE,Aracaju,VEREADOR,NÃO ELEITO,FEMININO,INDÍGENA,ENSINO FUNDAMENTAL INCOMPLETO,-4,TRABALHADOR DE CONSTRUÇÃO CIVIL,UNIÃO
SE,Aracaju,VEREADOR,#NULO,MASCULINO,BRANCA,ENSINO FUNDAMENTAL INCOMPLETO,-4,OUTROS,AGIR
SE,Aracaju,VEREADOR,#NULO,MASCULINO,PRETA,ENSINO MÉDIO COMPLETO,-4,EMPRESÁRIO,AGIR
SE,Aracaju,VEREADOR,#NULO,FEMININO,BRANCA,ENSINO MÉDIO COMPLETO,-4,"VENDEDOR PRACISTA, REPRESENTANTE, CAIXEIRO-VIAJANTE E ASSEMELHADOS",PL
SE,Aracaju,VEREADOR,#NULO,FEMININO,PARDA,ENSINO MÉDIO COMPLETO,-4,"SECRETÁRIO,ESTENÓGRAFO,DATILÓGRAFO,RECEPCIONISTA,TELEFONISTA,TAQUÍGRAF",UNIÃO
SE,Aracaju,VEREADOR,#NULO,MASCULINO,BRANCA,ENSINO FUNDAMENTAL COMPLETO,-4,VIGILANTE,SOLIDARIEDADE
SE,Aracaju,VICE-PREFEITO,#NULO,MASCULINO,BRANCA,SUPERIOR COMPLETO,-4,AGENTE ADMINISTRATIVO,PCO
SE,Aracaju,PREFEITO,#NULO,MASCULINO,PARDA,SUPERIOR COMPLETO,-4,SERVIDOR PÚBLICO ESTADUAL,NOVO
SE,Aracaju,VEREADOR,NÃO ELEITO,FEMININO,PARDA,SUPERIOR COMPLETO,-4,NUTRICIONISTA E ASSEMELHADOS,REPUBLICANOS
SE,Aracaju,VEREADOR,NÃO ELEITO,MASCULINO,PARDA,SUPERIOR COMPLETO,-4,OUTROS,REPUBLICANOS
SE,Aracaju,VEREADOR,NÃO ELEITO,FEMININO,PRETA,SUPERIOR COMPLETO,-4,OUTROS,REPUBLICANOS
SE,Aracaju,VEREADOR,NÃO ELEITO,MASCULINO,PARDA,SUPERIOR COMPLETO,-4,EMPRESÁRIO,REPUBLICANOS
SE,Aracaju,VEREADOR,NÃO ELEITO,FEMININO,PARDA,ENSINO FUNDAMENTAL COMPLETO,-4,"CABELEIREIRO, BARBEIRO, MANICURE, MAQUILADOR, ESTETICISTA E MASSAGISTA",REPUBLICANOS
SE,Aracaju,VEREADOR,NÃO ELEITO,MASCULINO,BRANCA,SUPERIOR COMPLETO,-4,EMPRESÁRIO,REPUBLICANOS
SE,Aracaju,VEREADOR,NÃO ELEITO,MASCULINO,PARDA,ENSINO MÉDIO COMPLETO,-4,"TÉCNICO CONTABILIDADE, ESTATÍSTICA, ECONOMIA DOMÉSTICA E ADMINISTRAÇÃO",REPUBLICANOS
SE,Aracaju,VEREADOR,NÃO ELEITO,FEMININO,BRANCA,SUPERIOR INCOMPLETO,-4,ASSISTENTE SOCIAL,REPUBLICANOS
SE,Aracaju,VEREADOR,NÃO ELEITO,FEMININO,BRANCA,SUPERIOR COMPLETO,-4,ADVOGADO,NOVO
SE,Aracaju,VEREADOR,NÃO ELEITO,MASCULINO,BRANCA,SUPERIOR COMPLETO,-4,OUTROS,NOVO
SE,Aracaju,VEREADOR,SUPLENTE,MASCULINO,PARDA,ENSINO FUNDAMENTAL COMPLETO,-4,GARI OU LIXEIRO,PRD
SE,Aracaju,VEREADOR,SUPLENTE,FEMININO,BRANCA,SUPERIOR INCOMPLETO,-4,"ESTUDANTE, BOLSISTA, ESTAGIÁRIO E ASSEMELHADOS",PRD
SE,Aracaju,VEREADOR,SUPLENTE,MASCULINO,PRETA,ENSINO MÉDIO COMPLETO,-4,OUTROS,PRD
SE,Aracaju,VEREADOR,SUPLENTE,FEMININO,PARDA,SUPERIOR COMPLETO,-4,RELAÇÕES-PÚBLICAS,PRD
SE,Aracaju,VEREADOR,SUPLENTE,MASCULINO,PARDA,SUPERIOR COMPLETO,-4,POLICIAL MILITAR,PRD
SE,Aracaju,VEREADOR,SUPLENTE,MASCULINO,BRANCA,SUPERIOR COMPLETO,-4,PROFESSOR DE ENSINO FUNDAMENTAL,PRD
SE,Aracaju,VEREADOR,SUPLENTE,MASCULINO,PARDA,SUPERIOR COMPLETO,-4,VETERINÁRIO,PRD
SE,Aracaju,VEREADOR,SUPLENTE,MASCULINO,BRANCA,ENSINO MÉDIO COMPLETO,-4,OUTROS,PSD
SE,Aracaju,VEREADOR,SUPLENTE,FEMININO,BRANCA,SUPERIOR COMPLETO,-4,PSICÓLOGO,PSD
SE,Aracaju,VEREADOR,NÃO ELEITO,FEMININO,PARDA,ENSINO MÉDIO COMPLETO,-4,APOSENTADO (EXCETO SERVIDOR PÚBLICO),AGIR
SE,Aracaju,VEREADOR,NÃO ELEITO,MASCULINO,PARDA,ENSINO MÉDIO COMPLETO,-4,POLICIAL MILITAR,AGIR
SE,Aracaju,VEREADOR,NÃO ELEITO,FEMININO,BRANCA,SUPERIOR COMPLETO,-4,APOSENTADO (EXCETO SERVIDOR PÚBLICO),AGIR
SE,Aracaju,VEREADOR,NÃO ELEITO,MASCULINO,PRETA,ENSINO MÉDIO COMPLETO,-4,OUTROS,AGIR
SE,Aracaju,VEREADOR,ELEITO POR MÉDIA,MASCULINO,PARDA,ENSINO MÉDIO COMPLETO,-4,OUTROS,PSB
SE,Aracaju,VEREADOR,SUPLENTE,MASCULINO,BRANCA,SUPERIOR COMPLETO,-4,ENFERMEIRO,PSB
SE,Aracaju,VEREADOR,NÃO ELEITO,MASCULINO,PARDA,ENSINO FUNDAMENTAL COMPLETO,-4,OUTROS,DC
SE,Aracaju,VEREADOR,NÃO ELEITO,FEMININO,PARDA,SUPERIOR COMPLETO,-4,OUTROS,DC
SE,Aracaju,VEREADOR,SUPLENTE,MASCULINO,PARDA,SUPERIOR COMPLETO,-4,EMPRESÁRIO,PV
SE,Aracaju,VEREADOR,SUPLENTE,MASCULINO,PARDA,ENSINO MÉDIO COMPLETO,-4,EMPRESÁRIO,PL
SE,Aracaju,VEREADOR,SUPLENTE,MASCULINO,PRETA,ENSINO FUNDAMENTAL COMPLETO,-4,OUTROS,PDT
SE,Aracaju,VEREADOR,SUPLENTE,MASCULINO,BRANCA,ENSINO MÉDIO COMPLETO,-4,SERVIDOR PÚBLICO MUNICIPAL,PDT
SE,Aracaju,VEREADOR,SUPLENTE,FEMININO,BRANCA,SUPERIOR COMPLETO,-4,MÉDICO,PDT
SE,Aracaju,VEREADOR,SUPLENTE,FEMININO,PARDA,ENSINO MÉDIO COMPLETO,-4,ATOR E DIRETOR DE ESPETÁCULOS PÚBLICOS,MOBILIZA
SE,Aracaju,VEREADOR,SUPLENTE,MASCULINO,BRANCA,ENSINO MÉDIO INCOMPLETO,-4,COMERCIANTE,MDB
SE,Aracaju,VEREADOR,SUPLENTE,FEMININO,PARDA,SUPERIOR COMPLETO,-4,SERVIDOR PÚBLICO FEDERAL,MDB
SE,Aracaju,VEREADOR,SUPLENTE,MASCULINO,PARDA,SUPERIOR COMPLETO,-4,SERVIDOR PÚBLICO ESTADUAL,MDB
SE,Aracaju,VEREADOR,SUPLENTE,MASCULINO,PARDA,SUPERIOR COMPLETO,-4,PROFESSOR DE ENSINO FUNDAMENTAL,MDB
SE,Aracaju,VEREADOR,ELEITO POR MÉDIA,MASCULINO,BRANCA,SUPERIOR INCOMPLETO,-4,EMPRESÁRIO,PODE
SE,Aracaju,VEREADOR,SUPLENTE,MASCULINO,PARDA,SUPERIOR COMPLETO,-4,ADVOGADO,PODE
SE,Aracaju,VEREADOR,SUPLENTE,MASCULINO,PRETA,SUPERIOR INCOMPLETO,-4,MILITAR REFORMADO,PODE
SE,Aracaju,VEREADOR,SUPLENTE,FEMININO,PARDA,SUPERIOR COMPLETO,-4,CANTOR E COMPOSITOR,PODE
SE,Aracaju,VEREADOR,SUPLENTE,FEMININO,BRANCA,SUPERIOR COMPLETO,-4,EMPRESÁRIO,PP
SE,Aracaju,VEREADOR,SUPLENTE,FEMININO,PARDA,SUPERIOR COMPLETO,-4,ADMINISTRADOR,PP
SE,Aracaju,VEREADOR,SUPLENTE,MASCULINO,BRANCA,ENSINO FUNDAMENTAL COMPLETO,-4,"CABELEIREIRO, BARBEIRO, MANICURE, MAQUILADOR, ESTETICISTA E MASSAGISTA",PP
SE,Aracaju,VEREADOR,SUPLENTE,FEMININO,PARDA,ENSINO MÉDIO INCOMPLETO,-4,AUXILIAR DE ESCRITÓRIO E ASSEMELHADOS,PP
SE,Aracaju,VEREADOR,SUPLENTE,MASCULINO,PARDA,ENSINO MÉDIO COMPLETO,-4,COBRADOR DE TRANSPORTE COLETIVO,PSOL
SE,Aracaju,VEREADOR,SUPLENTE,MASCULINO,PARDA,SUPERIOR COMPLETO,-4,PROFESSOR DE ENSINO FUNDAMENTAL,REDE
SE,Aracaju,VEREADOR,SUPLENTE,MASCULINO,BRANCA,ENSINO MÉDIO COMPLETO,-4,GARÇOM,UNIÃO
SE,Aracaju,VEREADOR,SUPLENTE,MASCULINO,PARDA,SUPERIOR COMPLETO,-4,MOTORISTA DE VEÍCULOS DE TRANSPORTE COLETIVO DE PASSAGEIROS,UNIÃO
SE,Aracaju,VEREADOR,SUPLENTE,FEMININO,PARDA,SUPERIOR COMPLETO,-4,EMPRESÁRIO,UNIÃO
SE,Aracaju,VEREADOR,SUPLENTE,FEMININO,PARDA,SUPERIOR INCOMPLETO,-4,CANTOR E COMPOSITOR,UNIÃO
SE,Aracaju,VEREADOR,NÃO ELEITO,FEMININO,PARDA,SUPERIOR COMPLETO,-4,PROFESSOR DE ENSINO FUNDAMENTAL,UP
SE,Aracaju,VEREADOR,NÃO ELEITO,FEMININO,PRETA,SUPERIOR INCOMPLETO,-4,MOTORISTA PARTICULAR,CIDADANIA
SE,Aracaju,VEREADOR,NÃO ELEITO,FEMININO,PARDA,SUPERIOR COMPLETO,-4,OUTROS,SOLIDARIEDADE
SE,Aracaju,VEREADOR,NÃO ELEITO,MASCULINO,BRANCA,ENSINO MÉDIO COMPLETO,-4,OUTROS,SOLIDARIEDADE
SE,Aracaju,VEREADOR,NÃO ELEITO,MASCULINO,PARDA,ENSINO FUNDAMENTAL INCOMPLETO,-4,OUTROS,SOLIDARIEDADE
SE,Aracaju,VEREADOR,NÃO ELEITO,MASCULINO,PRETA,ENSINO MÉDIO COMPLETO,-4,OUTROS,SOLIDARIEDADE
SE,Aracaju,VEREADOR,NÃO ELEITO,MASCULINO,PARDA,ENSINO FUNDAMENTAL COMPLETO,-4,BOMBEIRO CIVIL,AVANTE
SE,Aracaju,VEREADOR,NÃO ELEITO,MASCULINO,BRANCA,ENSINO FUNDAMENTAL COMPLETO,-4,"VENDEDOR PRACISTA, REPRESENTANTE, CAIXEIRO-VIAJANTE E ASSEMELHADOS",AVANTE
SE,Aracaju,VEREADOR,NÃO ELEITO,MASCULINO,BRANCA,ENSINO MÉDIO COMPLETO,-4,COMERCIANTE,AVANTE
SE,Aracaju,VEREADOR,NÃO ELEITO,MASCULINO,BRANCA,SUPERIOR COMPLETO,-4,APOSENTADO (EXCETO SERVIDOR PÚBLICO),AVANTE
SE,Aracaju,VICE-PREFEITO,#NULO,MASCULINO,BRANCA,SUPERIOR COMPLETO,-4,APOSENTADO (EXCETO SERVIDOR PÚBLICO),PODE
SE,Aracaju,VICE-PREFEITO,#NULO,FEMININO,PRETA,SUPERIOR COMPLETO,-4,ADVOGADO,NOVO
SE,Aracaju,PREFEITO,#NULO,MASCULINO,BRANCA,SUPERIOR COMPLETO,-4,PROFESSOR DE ENSINO FUNDAMENTAL,PCO
SE,Aracaju,VEREADOR,#NULO,MASCULINO,BRANCA,SUPERIOR COMPLETO,-4,COMERCIANTE,PRD
SE,Aracaju,VEREADOR,#NULO,MASCULINO,PARDA,SUPERIOR COMPLETO,-4,LOCUTOR E COMENTARISTA DE RÁDIO E TELEVISÃO E RADIALISTA,SOLIDARIEDADE
SE,Aracaju,VEREADOR,#NULO,FEMININO,PARDA,ENSINO MÉDIO COMPLETO,-4,OUTROS,SOLIDARIEDADE
SE,Aracaju,VEREADOR,SUPLENTE,MASCULINO,PARDA,ENSINO MÉDIO COMPLETO,-4,ELETRICISTA E ASSEMELHADOS,PRD
SE,Aracaju,VEREADOR,SUPLENTE,FEMININO,BRANCA,SUPERIOR COMPLETO,-4,SERVIDOR PÚBLICO MUNICIPAL,PSD
SE,Aracaju,VEREADOR,SUPLENTE,MASCULINO,BRANCA,SUPERIOR COMPLETO,-4,PROFESSOR DE ENSINO MÉDIO,PSD
SE,Aracaju,VEREADOR,SUPLENTE,MASCULINO,PARDA,SUPERIOR INCOMPLETO,-4,EMPRESÁRIO,PSD
SE,Aracaju,VEREADOR,NÃO ELEITO,MASCULINO,PARDA,ENSINO MÉDIO COMPLETO,-4,VIGILANTE,AGIR
SE,Aracaju,VEREADOR,NÃO ELEITO,MASCULINO,BRANCA,SUPERIOR COMPLETO,-4,EMPRESÁRIO,AGIR
SE,Aracaju,VEREADOR,NÃO ELEITO,MASCULINO,PARDA,SUPERIOR INCOMPLETO,-4,SERVIDOR PÚBLICO MUNICIPAL,AGIR
SE,Aracaju,VEREADOR,NÃO ELEITO,MASCULINO,PARDA,ENSINO FUNDAMENTAL COMPLETO,-4,FRENTISTA,AGIR
SE,Aracaju,VEREADOR,NÃO ELEITO,MASCULINO,PARDA,ENSINO MÉDIO COMPLETO,-4,TÉCNICO DE LABORATÓRIO E RAIOS X,AGIR
SE,Aracaju,VEREADOR,NÃO ELEITO,MASCULINO,PARDA,SUPERIOR COMPLETO,-4,OUTROS,AGIR
SE,Aracaju,VEREADOR,SUPLENTE,MASCULINO,PARDA,SUPERIOR COMPLETO,-4,MÉDICO,PSB
SE,Aracaju,VEREADOR,SUPLENTE,MASCULINO,PRETA,SUPERIOR COMPLETO,-4,PSICÓLOGO,PSB
SE,Aracaju,VEREADOR,SUPLENTE,FEMININO,PARDA,SUPERIOR COMPLETO,-4,VETERINÁRIO,PSB
SE,Aracaju,VEREADOR,SUPLENTE,FEMININO,PRETA,SUPERIOR COMPLETO,-4,OUTROS,PSB
SE,Aracaju,VEREADOR,NÃO ELEITO,MASCULINO,PARDA,ENSINO MÉDIO COMPLETO,-4,TRABALHADOR DE CONSTRUÇÃO CIVIL,DC
SE,Aracaju,VEREADOR,NÃO ELEITO,MASCULINO,BRANCA,ENSINO MÉDIO INCOMPLETO,-4,"VENDEDOR PRACISTA, REPRESENTANTE, CAIXEIRO-VIAJANTE E ASSEMELHADOS",DC
SE,Aracaju,VEREADOR,NÃO ELEITO,MASCULINO,PARDA,ENSINO MÉDIO COMPLETO,-4,OUTROS,DC
SE,Aracaju,VEREADOR,NÃO ELEITO,MASCULINO,PARDA,ENSINO FUNDAMENTAL INCOMPLETO,-4,EMPRESÁRIO,DC
SE,Aracaju,VEREADOR,SUPLENTE,FEMININO,BRANCA,SUPERIOR COMPLETO,-4,SERVIDOR PÚBLICO CIVIL APOSENTADO,PT
SE,Aracaju,VEREADOR,ELEITO POR QP,MASCULINO,BRANCA,SUPERIOR COMPLETO,-4,OUTROS,PT
SE,Aracaju,VEREADOR,SUPLENTE,MASCULINO,PRETA,ENSINO MÉDIO COMPLETO,-4,OUTROS,PT
SE,Aracaju,VEREADOR,SUPLENTE,MASCULINO,PRETA,SUPERIOR COMPLETO,-4,ADMINISTRADOR,PT
SE,Aracaju,VEREADOR,SUPLENTE,FEMININO,PARDA,SUPERIOR INCOMPLETO,-4,OUTROS,PV
SE,Aracaju,VEREADOR,SUPLENTE,FEMININO,BRANCA,ENSINO MÉDIO COMPLETO,-4,ADMINISTRADOR,PT
SE,Aracaju,VEREADOR,SUPLENTE,MASCULINO,PARDA,SUPERIOR COMPLETO,-4,SERVIDOR PÚBLICO ESTADUAL,PL
SE,Aracaju,VEREADOR,SUPLENTE,MASCULINO,PARDA,SUPERIOR INCOMPLETO,-4,MÚSICO,PL
SE,Aracaju,VEREADOR,ELEITO POR QP,MASCULINO,PARDA,SUPERIOR COMPLETO,-4,PUBLICITÁRIO,PL
SE,Aracaju,VEREADOR,SUPLENTE,MASCULINO,PARDA,ENSINO MÉDIO COMPLETO,-4,POLICIAL MILITAR,PL
SE,Aracaju,VEREADOR,SUPLENTE,MASCULINO,PARDA,SUPERIOR COMPLETO,-4,APOSENTADO (EXCETO SERVIDOR PÚBLICO),PL
SE,Aracaju,VEREADOR,SUPLENTE,MASCULINO,PARDA,SUPERIOR COMPLETO,-4,SERVIDOR PÚBLICO MUNICIPAL,PL
SE,Aracaju,VEREADOR,SUPLENTE,FEMININO,PRETA,ENSINO MÉDIO COMPLETO,-4,OUTROS,PL
SE,Aracaju,VEREADOR,ELEITO POR MÉDIA,MASCULINO,BRANCA,ENSINO MÉDIO COMPLETO,-4,OUTROS,PDT
SE,Aracaju,VEREADOR,SUPLENTE,MASCULINO,BRANCA,SUPERIOR COMPLETO,-4,EMPRESÁRIO,MOBILIZA
SE,Aracaju,VEREADOR,SUPLENTE,FEMININO,BRANCA,ENSINO MÉDIO COMPLETO,-4,COMERCIANTE,MOBILIZA
SE,Aracaju,VEREADOR,SUPLENTE,MASCULINO,PARDA,SUPERIOR COMPLETO,-4,OUTROS,MOBILIZA
SE,Aracaju,VEREADOR,SUPLENTE,MASCULINO,PARDA,ENSINO MÉDIO COMPLETO,-4,COMERCIANTE,MOBILIZA
SE,Aracaju,VEREADOR,ELEITO POR QP,MASCULINO,PRETA,SUPERIOR COMPLETO,-4,VEREADOR,MDB
SE,Aracaju,VEREADOR,SUPLENTE,MASCULINO,PRETA,SUPERIOR INCOMPLETO,-4,GERENTE,MDB
SE,Aracaju,VEREADOR,SUPLENTE,MASCULINO,PARDA,ENSINO MÉDIO COMPLETO,-4,SERVIDOR PÚBLICO MUNICIPAL,MDB
SE,Aracaju,VEREADOR,SUPLENTE,FEMININO,PRETA,ENSINO FUNDAMENTAL INCOMPLETO,-4,OUTROS,MDB
SE,Aracaju,VEREADOR,SUPLENTE,FEMININO,BRANCA,SUPERIOR COMPLETO,-4,SERVIDOR PÚBLICO ESTADUAL,MDB
SE,Aracaju,VEREADOR,SUPLENTE,FEMININO,PARDA,SUPERIOR COMPLETO,-4,SERVIDOR PÚBLICO FEDERAL,PODE
SE,Aracaju,VEREADOR,SUPLENTE,MASCULINO,PRETA,ENSINO FUNDAMENTAL COMPLETO,-4,APOSENTADO (EXCETO SERVIDOR PÚBLICO),PODE
SE,Aracaju,VEREADOR,SUPLENTE,FEMININO,AMARELA,SUPERIOR INCOMPLETO,-4,OUTROS,PODE
SE,Aracaju,VEREADOR,SUPLENTE,FEMININO,PARDA,SUPERIOR COMPLETO,-4,ADVOGADO,PODE
SE,Aracaju,VEREADOR,SUPLENTE,MASCULINO,BRANCA,ENSINO FUNDAMENTAL COMPLETO,-4,AGENTE ADMINISTRATIVO,PODE
SE,Aracaju,VEREADOR,SUPLENTE,MASCULINO,PARDA,ENSINO MÉDIO COMPLETO,-4,OUTROS,PP
SE,Aracaju,VEREADOR,SUPLENTE,MASCULINO,PARDA,ENSINO FUNDAMENTAL INCOMPLETO,-4,SERVIDOR PÚBLICO MUNICIPAL,PP
SE,Aracaju,VEREADOR,SUPLENTE,MASCULINO,PARDA,ENSINO MÉDIO COMPLETO,-4,COMERCIANTE,PP
SE,Aracaju,VEREADOR,SUPLENTE,MASCULINO,PARDA,SUPERIOR COMPLETO,-4,LOCUTOR E COMENTARISTA DE RÁDIO E TELEVISÃO E RADIALISTA,PP
SE,Aracaju,VEREADOR,SUPLENTE,MASCULINO,PARDA,ENSINO MÉDIO COMPLETO,-4,"VENDEDOR PRACISTA, REPRESENTANTE, CAIXEIRO-VIAJANTE E ASSEMELHADOS",PP
SE,Aracaju,VEREADOR,SUPLENTE,MASCULINO,PRETA,ENSINO MÉDIO INCOMPLETO,-4,OUTROS,PP
SE,Aracaju,VEREADOR,SUPLENTE,MASCULINO,PARDA,SUPERIOR COMPLETO,-4,ENGENHEIRO,REDE
SE,Aracaju,VEREADOR,SUPLENTE,FEMININO,PRETA,SUPERIOR COMPLETO,-4,SERVIDOR PÚBLICO CIVIL APOSENTADO,PSOL
SE,Aracaju,VEREADOR,ELEITO POR QP,MASCULINO,BRANCA,SUPERIOR COMPLETO,-4,ARQUITETO,REDE
SE,Aracaju,VEREADOR,SUPLENTE,MASCULINO,PARDA,SUPERIOR COMPLETO,-4,JORNALISTA E REDATOR,REDE
SE,Aracaju,VEREADOR,SUPLENTE,FEMININO,PARDA,ENSINO FUNDAMENTAL INCOMPLETO,-4,CABELEIREIRO E BARBEIRO,REDE
SE,Aracaju,VEREADOR,SUPLENTE,FEMININO,PARDA,SUPERIOR INCOMPLETO,-4,EMPRESÁRIO,UNIÃO
SE,Aracaju,VEREADOR,SUPLENTE,MASCULINO,PRETA,ENSINO MÉDIO INCOMPLETO,-4,TRABALHADOR DE CONSTRUÇÃO CIVIL,UNIÃO
SE,Aracaju,VEREADOR,NÃO ELEITO,MASCULINO,PRETA,SUPERIOR COMPLETO,-4,LOCUTOR E COMENTARISTA DE RÁDIO E TELEVISÃO E RADIALISTA,PSDB
SE,Aracaju,VEREADOR,NÃO ELEITO,MASCULINO,PARDA,SUPERIOR COMPLETO,-4,SERVIDOR PÚBLICO ESTADUAL,CIDADANIA
SE,Aracaju,VEREADOR,NÃO ELEITO,FEMININO,NÃO INFORMADO,SUPERIOR COMPLETO,-4,COZINHEIRO,CIDADANIA
SE,Aracaju,VEREADOR,NÃO ELEITO,MASCULINO,BRANCA,SUPERIOR COMPLETO,-4,MÉDICO,CIDADANIA
SE,Aracaju,VEREADOR,NÃO ELEITO,MASCULINO,BRANCA,SUPERIOR COMPLETO,-4,SERVIDOR PÚBLICO MUNICIPAL,PSDB
SE,Aracaju,VEREADOR,NÃO ELEITO,FEMININO,BRANCA,SUPERIOR COMPLETO,-4,JORNALISTA E REDATOR,CIDADANIA
SE,Aracaju,VEREADOR,NÃO ELEITO,MASCULINO,BRANCA,SUPERIOR INCOMPLETO,-4,"SUPERVISOR, INSPETOR E AGENTE DE COMPRAS E VENDAS",CIDADANIA
SE,Aracaju,VEREADOR,NÃO ELEITO,MASCULINO,PARDA,ENSINO MÉDIO COMPLETO,-4,OUTROS,CIDADANIA
SE,Aracaju,VEREADOR,NÃO ELEITO,FEMININO,PRETA,SUPERIOR INCOMPLETO,-4,TÉCNICO DE ENFERMAGEM E ASSEMELHADOS (EXCETO ENFERMEIRO),AVANTE
SE,Aracaju,VEREADOR,NÃO ELEITO,FEMININO,PARDA,ENSINO MÉDIO COMPLETO,-4,AUXILIAR DE ESCRITÓRIO E ASSEMELHADOS,AVANTE
SE,Aracaju,VEREADOR,NÃO ELEITO,FEMININO,BRANCA,SUPERIOR COMPLETO,-4,MÉDICO,AVANTE
SE,Aracaju,VEREADOR,NÃO ELEITO,MASCULINO,BRANCA,SUPERIOR COMPLETO,-4,VETERINÁRIO,AVANTE
SE,Aracaju,VEREADOR,NÃO ELEITO,FEMININO,BRANCA,SUPERIOR INCOMPLETO,-4,OUTROS,AVANTE
SE,Aracaju,VEREADOR,NÃO ELEITO,MASCULINO,PRETA,ENSINO MÉDIO COMPLETO,-4,VIGILANTE,AVANTE
SE,Aracaju,VICE-PREFEITO,#NULO,MASCULINO,BRANCA,SUPERIOR INCOMPLETO,-4,VEREADOR,PP
SE,Aracaju,VICE-PREFEITO,#NULO,MASCULINO,BRANCA,SUPERIOR COMPLETO,-4,VEREADOR,CIDADANIA
SE,Aracaju,VEREADOR,NÃO ELEITO,FEMININO,PRETA,ENSINO FUNDAMENTAL INCOMPLETO,-4,EMPRESÁRIO,DC
SE,Aracaju,VICE-PREFEITO,#NULO,MASCULINO,BRANCA,SUPERIOR COMPLETO,-4,ADVOGADO,PCO
SE,Aracaju,VEREADOR,#NULO,FEMININO,AMARELA,ENSINO MÉDIO COMPLETO,-4,VIGILANTE,MOBILIZA
SE,Aracaju,PREFEITO,#NULO,MASCULINO,PARDA,SUPERIOR COMPLETO,-4,ADVOGADO,PDT
SE,Aracaju,VEREADOR,NÃO ELEITO,FEMININO,PARDA,SUPERIOR COMPLETO,-4,SERVIDOR PÚBLICO ESTADUAL,REPUBLICANOS
SE,Aracaju,VEREADOR,NÃO ELEITO,FEMININO,BRANCA,SUPERIOR INCOMPLETO,-4,SERVIDOR PÚBLICO ESTADUAL,REPUBLICANOS
SE,Aracaju,VEREADOR,NÃO ELEITO,MASCULINO,PARDA,SUPERIOR COMPLETO,-4,OUTROS,NOVO
SE,Aracaju,VEREADOR,NÃO ELEITO,MASCULINO,BRANCA,SUPERIOR COMPLETO,-4,ANALISTA DE SISTEMAS,NOVO
SE,Aracaju,VEREADOR,NÃO ELEITO,MASCULINO,PARDA,SUPERIOR COMPLETO,-4,SERVIDOR PÚBLICO ESTADUAL,NOVO
SE,Aracaju,VEREADOR,NÃO ELEITO,MASCULINO,PARDA,SUPERIOR INCOMPLETO,-4,COMERCIANTE,NOVO
SE,Aracaju,VEREADOR,SUPLENTE,MASCULINO,PARDA,ENSINO MÉDIO COMPLETO,-4,POLICIAL MILITAR,PRD
SE,Aracaju,VEREADOR,SUPLENTE,FEMININO,AMARELA,SUPERIOR INCOMPLETO,-4,OUTROS,PSD
SE,Aracaju,VEREADOR,SUPLENTE,MASCULINO,PARDA,SUPERIOR COMPLETO,-4,PROFESSOR DE ENSINO MÉDIO,PSD
SE,Aracaju,VEREADOR,SUPLENTE,FEMININO,PARDA,SUPERIOR COMPLETO,-4,OUTROS,PSD
SE,Aracaju,VEREADOR,NÃO ELEITO,FEMININO,PARDA,ENSINO MÉDIO COMPLETO,-4,VENDEDOR DE COMÉRCIO VAREJISTA E ATACADISTA,AGIR
SE,Aracaju,VEREADOR,NÃO ELEITO,MASCULINO,PARDA,ENSINO MÉDIO COMPLETO,-4,OUTROS,AGIR
SE,Aracaju,VEREADOR,NÃO ELEITO,MASCULINO,BRANCA,SUPERIOR COMPLETO,-4,APOSENTADO (EXCETO SERVIDOR PÚBLICO),AGIR
SE,Aracaju,VEREADOR,SUPLENTE,MASCULINO,BRANCA,ENSINO FUNDAMENTAL INCOMPLETO,-4,OUTROS,PSB
SE,Aracaju,VEREADOR,SUPLENTE,MASCULINO,PRETA,SUPERIOR COMPLETO,-4,OUTROS,PSB
SE,Aracaju,VEREADOR,SUPLENTE,MASCULINO,PARDA,ENSINO MÉDIO COMPLETO,-4,REPRESENTANTE COMERCIAL,PSB
SE,Aracaju,VEREADOR,SUPLENTE,FEMININO,BRANCA,SUPERIOR COMPLETO,-4,SERVIDOR PÚBLICO ESTADUAL,PSB
SE,Aracaju,VEREADOR,NÃO ELEITO,FEMININO,PARDA,ENSINO MÉDIO COMPLETO,-4,VENDEDOR DE COMÉRCIO VAREJISTA E ATACADISTA,DC
SE,Aracaju,VEREADOR,NÃO ELEITO,MASCULINO,PARDA,ENSINO MÉDIO COMPLETO,-4,COMERCIANTE,DC
SE,Aracaju,VEREADOR,SUPLENTE,MASCULINO,PARDA,SUPERIOR COMPLETO,-4,MÉDICO,PC do B
SE,Aracaju,VEREADOR,SUPLENTE,MASCULINO,PARDA,ENSINO FUNDAMENTAL INCOMPLETO,-4,SERVIDOR PÚBLICO MUNICIPAL,PV
SE,Aracaju,VEREADOR,SUPLENTE,MASCULINO,BRANCA,SUPERIOR COMPLETO,-4,PROFESSOR DE ENSINO MÉDIO,PT
SE,Aracaju,VEREADOR,SUPLENTE,MASCULINO,PARDA,SUPERIOR COMPLETO,-4,SERVIDOR PÚBLICO FEDERAL,PV
SE,Aracaju,VEREADOR,SUPLENTE,FEMININO,PRETA,SUPERIOR INCOMPLETO,-4,ARTESÃO,PT
SE,Aracaju,VEREADOR,SUPLENTE,FEMININO,BRANCA,SUPERIOR COMPLETO,-4,APOSENTADO (EXCETO SERVIDOR PÚBLICO),PL
SE,Aracaju,VEREADOR,ELEITO POR QP,FEMININO,BRANCA,SUPERIOR COMPLETO,-4,ADVOGADO,PL
SE,Aracaju,VEREADOR,SUPLENTE,MASCULINO,PARDA,SUPERIOR COMPLETO,-4,ADMINISTRADOR,PL
SE,Aracaju,VEREADOR,SUPLENTE,MASCULINO,BRANCA,SUPERIOR COMPLETO,-4,SERVIDOR PÚBLICO ESTADUAL,PL
SE,Aracaju,VEREADOR,SUPLENTE,MASCULINO,PARDA,ENSINO MÉDIO COMPLETO,-4,"TÉCNICO DE OBRAS CIVIS, ESTRADAS, SANEAMENTO E ASSEMELHADOS",PDT
SE,Aracaju,VEREADOR,SUPLENTE,FEMININO,PARDA,SUPERIOR COMPLETO,-4,EMPRESÁRIO,MOBILIZA
SE,Aracaju,VEREADOR,SUPLENTE,MASCULINO,PARDA,ENSINO MÉDIO COMPLETO,-4,EMPRESÁRIO,MOBILIZA
SE,Aracaju,VEREADOR,SUPLENTE,MASCULINO,BRANCA,ENSINO MÉDIO COMPLETO,-4,POLICIAL CIVIL,MOBILIZA
SE,Aracaju,VEREADOR,SUPLENTE,MASCULINO,BRANCA,ENSINO MÉDIO COMPLETO,-4,SERVIDOR PÚBLICO ESTADUAL,MDB
SE,Aracaju,VEREADOR,SUPLENTE,FEMININO,PARDA,SUPERIOR INCOMPLETO,-4,"ESTUDANTE, BOLSISTA, ESTAGIÁRIO E ASSEMELHADOS",MDB
SE,Aracaju,VEREADOR,SUPLENTE,FEMININO,BRANCA,ENSINO MÉDIO COMPLETO,-4,OUTROS,PODE
SE,Aracaju,VEREADOR,SUPLENTE,FEMININO,PARDA,SUPERIOR COMPLETO,-4,SERVIDOR PÚBLICO ESTADUAL,PP
SE,Aracaju,VEREADOR,SUPLENTE,FEMININO,PRETA,SUPERIOR COMPLETO,-4,OUTROS,PP
SE,Aracaju,VEREADOR,SUPLENTE,MASCULINO,PARDA,ENSINO MÉDIO COMPLETO,-4,APOSENTADO (EXCETO SERVIDOR PÚBLICO),PP
SE,Aracaju,VEREADOR,SUPLENTE,MASCULINO,PARDA,SUPERIOR COMPLETO,-4,OUTROS,PSOL
SE,Aracaju,VEREADOR,SUPLENTE,MASCULINO,PARDA,ENSINO MÉDIO COMPLETO,-4,"PORTEIRO DE EDIFÍCIO, ASCENSORISTA, GARAGISTA E ZELADOR",UNIÃO
SE,Aracaju,VEREADOR,ELEITO POR MÉDIA,MASCULINO,PARDA,SUPERIOR COMPLETO,-4,ADVOGADO,UNIÃO
SE,Aracaju,VEREADOR,ELEITO POR MÉDIA,MASCULINO,PARDA,SUPERIOR COMPLETO,-4,SERVIDOR PÚBLICO MUNICIPAL,UNIÃO
SE,Aracaju,VEREADOR,SUPLENTE,MASCULINO,BRANCA,SUPERIOR COMPLETO,-4,SERVIDOR PÚBLICO MUNICIPAL,UNIÃO
SE,Aracaju,VEREADOR,NÃO ELEITO,MASCULINO,PARDA,ENSINO MÉDIO COMPLETO,-4,OUTROS,PSDB
SE,Aracaju,VEREADOR,NÃO ELEITO,MASCULINO,PARDA,LÊ E ESCREVE,-4,"CORRETOR DE IMÓVEIS, SEGUROS, TÍTULOS E VALORES",CIDADANIA
SE,Aracaju,VEREADOR,NÃO ELEITO,MASCULINO,PARDA,ENSINO MÉDIO INCOMPLETO,-4,"PADEIRO, CONFEITEIRO E ASSEMELHADOS",SOLIDARIEDADE
SE,Aracaju,VEREADOR,NÃO ELEITO,MASCULINO,PARDA,ENSINO FUNDAMENTAL COMPLETO,-4,SERVIDOR PÚBLICO MUNICIPAL,SOLIDARIEDADE
SE,Aracaju,VEREADOR,NÃO ELEITO,MASCULINO,PARDA,ENSINO MÉDIO COMPLETO,-4,ELETRICISTA E ASSEMELHADOS,AVANTE
SE,Aracaju,VEREADOR,NÃO ELEITO,FEMININO,BRANCA,SUPERIOR COMPLETO,-4,PUBLICITÁRIO,AVANTE
SE,Aracaju,VEREADOR,NÃO ELEITO,FEMININO,PARDA,SUPERIOR COMPLETO,-4,GUIA DE TURISMO,AVANTE
SE,Aracaju,VICE-PREFEITO,#NULO,MASCULINO,PRETA,SUPERIOR COMPLETO,-4,PROFESSOR DE ENSINO SUPERIOR,PSOL
SE,Aracaju,VICE-PREFEITO,NÃO ELEITO,MASCULINO,BRANCA,SUPERIOR INCOMPLETO,-4,VEREADOR,PP
SE,Aracaju,VICE-PREFEITO,ELEITO,MASCULINO,BRANCA,SUPERIOR COMPLETO,-4,VEREADOR,CIDADANIA
SE,Aracaju,VEREADOR,#NULO,MASCULINO,PARDA,ENSINO MÉDIO INCOMPLETO,-4,OUTROS,NOVO
SE,Aracaju,VEREADOR,#NULO,MASCULINO,PARDA,ENSINO FUNDAMENTAL COMPLETO,-4,SERVIDOR PÚBLICO ESTADUAL,UNIÃO
SE,Aracaju,VEREADOR,#NULO,MASCULINO,PRETA,ENSINO MÉDIO COMPLETO,-4,"TÉCNICO DE OBRAS CIVIS, ESTRADAS, SANEAMENTO E ASSEMELHADOS",SOLIDARIEDADE
SE,Aracaju,PREFEITO,#NULO,FEMININO,BRANCA,SUPERIOR COMPLETO,-4,SERVIDOR PÚBLICO ESTADUAL,MDB
SE,Aracaju,VEREADOR,NÃO ELEITO,MASCULINO,PARDA,ENSINO FUNDAMENTAL COMPLETO,-4,COMERCIÁRIO,REPUBLICANOS
SE,Aracaju,VEREADOR,NÃO ELEITO,MASCULINO,BRANCA,SUPERIOR COMPLETO,-4,MÉDICO,REPUBLICANOS
SE,Aracaju,VEREADOR,NÃO ELEITO,MASCULINO,PARDA,SUPERIOR COMPLETO,-4,PROFESSOR DE ENSINO MÉDIO,NOVO
SE,Aracaju,VEREADOR,NÃO ELEITO,MASCULINO,BRANCA,ENSINO MÉDIO COMPLETO,-4,MÚSICO,NOVO
SE,Aracaju,VEREADOR,SUPLENTE,FEMININO,PARDA,SUPERIOR INCOMPLETO,-4,AGENTE DE SAÚDE E SANITARISTA,PRD
SE,Aracaju,VEREADOR,ELEITO POR QP,MASCULINO,PARDA,SUPERIOR INCOMPLETO,-4,OUTROS,PRD
SE,Aracaju,VEREADOR,SUPLENTE,MASCULINO,PARDA,ENSINO FUNDAMENTAL INCOMPLETO,-4,EMPRESÁRIO,PRD
SE,Aracaju,VEREADOR,SUPLENTE,FEMININO,PRETA,SUPERIOR COMPLETO,-4,PROFESSOR E INSTRUTOR DE FORMAÇÃO PROFISSIONAL,PRD
SE,Aracaju,VEREADOR,SUPLENTE,MASCULINO,BRANCA,SUPERIOR COMPLETO,-4,ZOOTECNISTA,PRD
SE,Aracaju,VEREADOR,SUPLENTE,FEMININO,PARDA,SUPERIOR COMPLETO,-4,SERVIDOR PÚBLICO MUNICIPAL,PRD
SE,Aracaju,VEREADOR,SUPLENTE,MASCULINO,BRANCA,SUPERIOR INCOMPLETO,-4,OUTROS,PSD
SE,Aracaju,VEREADOR,SUPLENTE,MASCULINO,PARDA,ENSINO MÉDIO COMPLETO,-4,MILITAR REFORMADO,PSD
SE,Aracaju,VEREADOR,NÃO ELEITO,FEMININO,BRANCA,ENSINO MÉDIO COMPLETO,-4,OUTROS,AGIR
SE,Aracaju,VEREADOR,NÃO ELEITO,FEMININO,PRETA,SUPERIOR COMPLETO,-4,PROFESSOR E INSTRUTOR DE FORMAÇÃO PROFISSIONAL,AGIR
SE,Aracaju,VEREADOR,SUPLENTE,MASCULINO,PRETA,ENSINO FUNDAMENTAL INCOMPLETO,-4,APOSENTADO (EXCETO SERVIDOR PÚBLICO),PSB
SE,Aracaju,VEREADOR,SUPLENTE,FEMININO,PARDA,SUPERIOR COMPLETO,-4,SECRETÁRIO E DATILÓGRAFO,PSB
SE,Aracaju,VEREADOR,SUPLENTE,MASCULINO,PARDA,SUPERIOR COMPLETO,-4,OUTROS,PSB
SE,Aracaju,VEREADOR,SUPLENTE,FEMININO,BRANCA,SUPERIOR COMPLETO,-4,ADVOGADO,PSB
SE,Aracaju,VEREADOR,NÃO ELEITO,MASCULINO,PARDA,SUPERIOR COMPLETO,-4,ADVOGADO,DC
SE,Aracaju,VEREADOR,NÃO ELEITO,MASCULINO,PARDA,ENSINO MÉDIO COMPLETO,-4,ADVOGADO,DC
SE,Aracaju,VEREADOR,NÃO ELEITO,MASCULINO,PRETA,ENSINO MÉDIO COMPLETO,-4,POLICIAL CIVIL,DC
SE,Aracaju,VEREADOR,SUPLENTE,MASCULINO,PRETA,SUPERIOR COMPLETO,-4,ADVOGADO,PT
SE,Aracaju,VEREADOR,SUPLENTE,FEMININO,PARDA,SUPERIOR COMPLETO,-4,SERVIDOR PÚBLICO ESTADUAL,PC do B
SE,Aracaju,VEREADOR,SUPLENTE,FEMININO,PARDA,ENSINO MÉDIO COMPLETO,-4,OUTROS,PV
SE,Aracaju,VEREADOR,SUPLENTE,FEMININO,BRANCA,SUPERIOR COMPLETO,-4,ADVOGADO,PT
SE,Aracaju,VEREADOR,SUPLENTE,FEMININO,PARDA,SUPERIOR COMPLETO,-4,ODONTÓLOGO,PL
SE,Aracaju,VEREADOR,SUPLENTE,FEMININO,PARDA,SUPERIOR COMPLETO,-4,ASSISTENTE SOCIAL,PDT
SE,Aracaju,VEREADOR,SUPLENTE,MASCULINO,PARDA,SUPERIOR COMPLETO,-4,SERVIDOR PÚBLICO ESTADUAL,MOBILIZA
SE,Aracaju,VEREADOR,ELEITO POR QP,FEMININO,AMARELA,SUPERIOR INCOMPLETO,-4,GERENTE,MOBILIZA
SE,Aracaju,VEREADOR,SUPLENTE,MASCULINO,PARDA,ENSINO MÉDIO COMPLETO,-4,POLICIAL MILITAR,MOBILIZA
SE,Aracaju,VEREADOR,SUPLENTE,MASCULINO,PRETA,SUPERIOR COMPLETO,-4,EMPRESÁRIO,PODE
SE,Aracaju,VEREADOR,SUPLENTE,MASCULINO,PARDA,SUPERIOR COMPLETO,-4,OUTROS,PODE
SE,Aracaju,VEREADOR,SUPLENTE,MASCULINO,PARDA,ENSINO MÉDIO COMPLETO,-4,APOSENTADO (EXCETO SERVIDOR PÚBLICO),PODE
SE,Aracaju,VEREADOR,SUPLENTE,MASCULINO,PARDA,SUPERIOR COMPLETO,-4,PROFESSOR DE ENSINO FUNDAMENTAL,PP
SE,Aracaju,VEREADOR,SUPLENTE,FEMININO,PRETA,SUPERIOR COMPLETO,-4,ESTETICISTA,PP
SE,Aracaju,VEREADOR,SUPLENTE,MASCULINO,PARDA,ENSINO FUNDAMENTAL COMPLETO,-4,OUTROS,PP
SE,Aracaju,VEREADOR,SUPLENTE,MASCULINO,PARDA,ENSINO FUNDAMENTAL COMPLETO,-4,"CARPINTEIRO, MARCENEIRO E ASSEMELHADOS",REDE
SE,Aracaju,VEREADOR,SUPLENTE,FEMININO,PARDA,SUPERIOR COMPLETO,-4,APOSENTADO (EXCETO SERVIDOR PÚBLICO),UNIÃO
SE,Aracaju,VEREADOR,SUPLENTE,FEMININO,PARDA,ENSINO MÉDIO COMPLETO,-4,AGENTE DE SAÚDE E SANITARISTA,UNIÃO
SE,Aracaju,VEREADOR,SUPLENTE,FEMININO,PARDA,SUPERIOR COMPLETO,-4,VEREADOR,UNIÃO
SE,Aracaju,VEREADOR,SUPLENTE,MASCULINO,PARDA,SUPERIOR INCOMPLETO,-4,EMPRESÁRIO,UNIÃO
SE,Aracaju,VEREADOR,SUPLENTE,MASCULINO,PRETA,ENSINO MÉDIO INCOMPLETO,-4,FUNILEIRO,UNIÃO
SE,Aracaju,VEREADOR,SUPLENTE,MASCULINO,PARDA,ENSINO FUNDAMENTAL COMPLETO,-4,OUTROS,UNIÃO
SE,Aracaju,VEREADOR,NÃO ELEITO,MASCULINO,PARDA,SUPERIOR INCOMPLETO,-4,EMPRESÁRIO,PSDB
SE,Aracaju,VEREADOR,NÃO ELEITO,MASCULINO,PARDA,SUPERIOR COMPLETO,-4,SERVIDOR PÚBLICO ESTADUAL,PSDB
SE,Aracaju,VEREADOR,NÃO ELEITO,MASCULINO,INDÍGENA,SUPERIOR INCOMPLETO,-4,SERVIDOR PÚBLICO FEDERAL,PSDB
SE,Aracaju,VEREADOR,NÃO ELEITO,FEMININO,BRANCA,SUPERIOR COMPLETO,-4,OUTROS,PSDB
SE,Aracaju,VEREADOR,NÃO ELEITO,MASCULINO,PARDA,SUPERIOR COMPLETO,-4,ODONTÓLOGO,PSDB
SE,Aracaju,VEREADOR,NÃO ELEITO,MASCULINO,BRANCA,ENSINO MÉDIO COMPLETO,-4,OUTROS,CIDADANIA
SE,Aracaju,VEREADOR,NÃO ELEITO,MASCULINO,PRETA,ENSINO FUNDAMENTAL INCOMPLETO,-4,OUTROS,SOLIDARIEDADE
SE,Aracaju,VEREADOR,NÃO ELEITO,FEMININO,PARDA,ENSINO MÉDIO COMPLETO,-4,AGENTE DE SAÚDE E SANITARISTA,SOLIDARIEDADE
SE,Aracaju,VEREADOR,NÃO ELEITO,MASCULINO,PARDA,ENSINO MÉDIO COMPLETO,-4,SERVIDOR PÚBLICO MUNICIPAL,SOLIDARIEDADE
SE,Aracaju,VEREADOR,NÃO ELEITO,FEMININO,AMARELA,SUPERIOR COMPLETO,-4,SERVIDOR PÚBLICO ESTADUAL,AVANTE
SE,Aracaju,VEREADOR,NÃO ELEITO,MASCULINO,BRANCA,ENSINO MÉDIO COMPLETO,-4,APOSENTADO (EXCETO SERVIDOR PÚBLICO),AVANTE
SE,Aracaju,VEREADOR,NÃO ELEITO,MASCULINO,PRETA,SUPERIOR COMPLETO,-4,FISIOTERAPEUTA E TERAPEUTA OCUPACIONAL,AVANTE
SE,Aracaju,VEREADOR,NÃO ELEITO,MASCULINO,PARDA,ENSINO FUNDAMENTAL COMPLETO,-4,OUTROS,AVANTE
SE,Aracaju,PREFEITO,#NULO,FEMININO,BRANCA,SUPERIOR COMPLETO,-4,ADVOGADO,UNIÃO
SE,Aracaju,PREFEITO,ELEITO,FEMININO,BRANCA,SUPERIOR COMPLETO,-4,ADVOGADO,PL
SE,Aracaju,VEREADOR,NÃO ELEITO,FEMININO,PARDA,ENSINO FUNDAMENTAL COMPLETO,-4,OUTROS,REPUBLICANOS
SE,Aracaju,VEREADOR,NÃO ELEITO,MASCULINO,PARDA,SUPERIOR INCOMPLETO,-4,TAXISTA,REPUBLICANOS
SE,Aracaju,VEREADOR,NÃO ELEITO,MASCULINO,PRETA,ENSINO FUNDAMENTAL COMPLETO,-4,APOSENTADO (EXCETO SERVIDOR PÚBLICO),REPUBLICANOS
SE,Aracaju,VEREADOR,NÃO ELEITO,MASCULINO,PARDA,ENSINO MÉDIO COMPLETO,-4,POLICIAL MILITAR,NOVO
SE,Aracaju,VEREADOR,SUPLENTE,MASCULINO,BRANCA,SUPERIOR COMPLETO,-4,OUTROS,PRD
SE,Aracaju,VEREADOR,SUPLENTE,FEMININO,PARDA,SUPERIOR INCOMPLETO,-4,"ESTUDANTE, BOLSISTA, ESTAGIÁRIO E ASSEMELHADOS",PRD
SE,Aracaju,VEREADOR,SUPLENTE,MASCULINO,PARDA,ENSINO MÉDIO COMPLETO,-4,OUTROS,PRD
SE,Aracaju,VEREADOR,SUPLENTE,FEMININO,BRANCA,SUPERIOR COMPLETO,-4,PEDAGOGO,PRD
SE,Aracaju,VEREADOR,SUPLENTE,MASCULINO,BRANCA,SUPERIOR COMPLETO,-4,MILITAR REFORMADO,PRD
SE,Aracaju,VEREADOR,ELEITO POR QP,MASCULINO,BRANCA,ENSINO MÉDIO COMPLETO,-4,DEPUTADO,PSD
SE,Aracaju,VEREADOR,SUPLENTE,MASCULINO,BRANCA,SUPERIOR COMPLETO,-4,SERVIDOR PÚBLICO ESTADUAL,PSD
SE,Aracaju,VEREADOR,ELEITO POR MÉDIA,MASCULINO,PARDA,SUPERIOR COMPLETO,-4,OUTROS,PSD
SE,Aracaju,VEREADOR,ELEITO POR QP,MASCULINO,BRANCA,SUPERIOR COMPLETO,-4,VEREADOR,PSD
SE,Aracaju,VEREADOR,NÃO ELEITO,MASCULINO,BRANCA,ENSINO MÉDIO COMPLETO,-4,OUTROS,AGIR
SE,Aracaju,VEREADOR,NÃO ELEITO,FEMININO,PARDA,SUPERIOR COMPLETO,-4,PSICÓLOGO,AGIR
SE,Aracaju,VEREADOR,SUPLENTE,MASCULINO,PARDA,SUPERIOR COMPLETO,-4,VETERINÁRIO,PSB
SE,Aracaju,VEREADOR,SUPLENTE,FEMININO,BRANCA,SUPERIOR COMPLETO,-4,OUTROS,PSB
SE,Aracaju,VEREADOR,NÃO ELEITO,MASCULINO,PARDA,ENSINO FUNDAMENTAL INCOMPLETO,-4,OUTROS,DC
SE,Aracaju,VEREADOR,NÃO ELEITO,FEMININO,BRANCA,ENSINO MÉDIO COMPLETO,-4,PRODUTOR DE ESPETÁCULOS PÚBLICOS,DC
SE,Aracaju,VEREADOR,NÃO ELEITO,MASCULINO,PRETA,ENSINO MÉDIO COMPLETO,-4,OUTROS,DC
SE,Aracaju,VEREADOR,SUPLENTE,FEMININO,PARDA,SUPERIOR COMPLETO,-4,PROFESSOR DE ENSINO SUPERIOR,PV
SE,Aracaju,VEREADOR,SUPLENTE,FEMININO,PARDA,SUPERIOR COMPLETO,-4,JORNALISTA E REDATOR,PL
SE,Aracaju,VEREADOR,SUPLENTE,MASCULINO,PRETA,ENSINO MÉDIO COMPLETO,-4,OUTROS,PL
SE,Aracaju,VEREADOR,SUPLENTE,FEMININO,PARDA,SUPERIOR COMPLETO,-4,ADVOGADO,PL
SE,Aracaju,VEREADOR,SUPLENTE,MASCULINO,PARDA,ENSINO MÉDIO COMPLETO,-4,OUTROS,PDT
SE,Aracaju,VEREADOR,SUPLENTE,FEMININO,PARDA,SUPERIOR COMPLETO,-4,OUTROS,PDT
SE,Aracaju,VEREADOR,SUPLENTE,FEMININO,PRETA,ENSINO MÉDIO COMPLETO,-4,TÉCNICO DE ENFERMAGEM E ASSEMELHADOS (EXCETO ENFERMEIRO),PDT
SE,Aracaju,VEREADOR,ELEITO POR QP,MASCULINO,BRANCA,SUPERIOR COMPLETO,-4,VEREADOR,PDT
SE,Aracaju,VEREADOR,SUPLENTE,MASCULINO,PARDA,SUPERIOR COMPLETO,-4,POLICIAL MILITAR,MOBILIZA
SE,Aracaju,VEREADOR,SUPLENTE,FEMININO,NÃO INFORMADO,ENSINO MÉDIO COMPLETO,-4,OUTROS,MOBILIZA
SE,Aracaju,VEREADOR,SUPLENTE,MASCULINO,PARDA,ENSINO FUNDAMENTAL INCOMPLETO,-4,COMERCIANTE,MOBILIZA
SE,Aracaju,VEREADOR,SUPLENTE,FEMININO,PARDA,ENSINO MÉDIO COMPLETO,-4,EMPRESÁRIO,MOBILIZA
SE,Aracaju,VEREADOR,SUPLENTE,MASCULINO,PRETA,SUPERIOR COMPLETO,-4,POLICIAL CIVIL,MDB
SE,Aracaju,VEREADOR,SUPLENTE,MASCULINO,BRANCA,ENSINO FUNDAMENTAL COMPLETO,-4,OUTROS,MDB
SE,Aracaju,VEREADOR,SUPLENTE,MASCULINO,BRANCA,SUPERIOR COMPLETO,-4,ADVOGADO,MDB
SE,Aracaju,VEREADOR,SUPLENTE,FEMININO,PRETA,ENSINO MÉDIO INCOMPLETO,-4,APOSENTADO (EXCETO SERVIDOR PÚBLICO),PODE
SE,Aracaju,VEREADOR,SUPLENTE,MASCULINO,PARDA,ENSINO MÉDIO COMPLETO,-4,COZINHEIRO,PODE
SE,Aracaju,VEREADOR,SUPLENTE,FEMININO,PARDA,SUPERIOR INCOMPLETO,-4,OUTROS,PODE
SE,Aracaju,VEREADOR,SUPLENTE,FEMININO,PARDA,ENSINO MÉDIO COMPLETO,-4,OUTROS,PODE
SE,Aracaju,VEREADOR,SUPLENTE,MASCULINO,BRANCA,ENSINO MÉDIO COMPLETO,-4,APOSENTADO (EXCETO SERVIDOR PÚBLICO),PODE
SE,Aracaju,VEREADOR,SUPLENTE,FEMININO,PARDA,ENSINO MÉDIO COMPLETO,-4,TÉCNICO DE ENFERMAGEM E ASSEMELHADOS (EXCETO ENFERMEIRO),PP
SE,Aracaju,VEREADOR,SUPLENTE,FEMININO,PRETA,SUPERIOR COMPLETO,-4,EMPRESÁRIO,PP
SE,Aracaju,VEREADOR,SUPLENTE,MASCULINO,PARDA,SUPERIOR COMPLETO,-4,ADVOGADO,PSOL
SE,Aracaju,VEREADOR,SUPLENTE,MASCULINO,PARDA,SUPERIOR INCOMPLETO,-4,"CARPINTEIRO, MARCENEIRO E ASSEMELHADOS",REDE
SE,Aracaju,VEREADOR,SUPLENTE,MASCULINO,BRANCA,ENSINO MÉDIO COMPLETO,-4,OUTROS,UNIÃO
SE,Aracaju,VEREADOR,SUPLENTE,MASCULINO,PARDA,SUPERIOR COMPLETO,-4,BOMBEIRO CIVIL,UNIÃO
SE,Aracaju,VEREADOR,ELEITO POR QP,MASCULINO,BRANCA,SUPERIOR COMPLETO,-4,SERVIDOR PÚBLICO FEDERAL,UNIÃO
SE,Aracaju,VEREADOR,NÃO ELEITO,MASCULINO,PARDA,ENSINO MÉDIO COMPLETO,-4,APOSENTADO (EXCETO SERVIDOR PÚBLICO),PSDB
SE,Aracaju,VEREADOR,NÃO ELEITO,MASCULINO,BRANCA,SUPERIOR COMPLETO,-4,LOCUTOR E COMENTARISTA DE RÁDIO E TELEVISÃO E RADIALISTA,PSDB
SE,Aracaju,VEREADOR,NÃO ELEITO,FEMININO,BRANCA,ENSINO MÉDIO COMPLETO,-4,OUTROS,PSDB
SE,Aracaju,VEREADOR,NÃO ELEITO,FEMININO,BRANCA,SUPERIOR INCOMPLETO,-4,MASSAGISTA,PSDB
SE,Aracaju,VEREADOR,NÃO ELEITO,FEMININO,PARDA,ENSINO MÉDIO COMPLETO,-4,COMERCIANTE,SOLIDARIEDADE
SE,Aracaju,VEREADOR,NÃO ELEITO,MASCULINO,PRETA,ENSINO MÉDIO COMPLETO,-4,VENDEDOR DE COMÉRCIO VAREJISTA E ATACADISTA,SOLIDARIEDADE
SE,Aracaju,VEREADOR,NÃO ELEITO,MASCULINO,PARDA,ENSINO FUNDAMENTAL INCOMPLETO,-4,OUTROS,AVANTE
SE,Aracaju,VEREADOR,NÃO ELEITO,MASCULINO,PARDA,SUPERIOR COMPLETO,-4,POLICIAL CIVIL,AVANTE
SE,Aracaju,VEREADOR,NÃO ELEITO,MASCULINO,PARDA,ENSINO MÉDIO COMPLETO,-4,EMPRESÁRIO,AVANTE
SE,Aracaju,VEREADOR,#NULO,MASCULINO,PRETA,SUPERIOR INCOMPLETO,-4,OUTROS,MDB
SE,Aracaju,PREFEITO,NÃO ELEITO,MASCULINO,PARDA,SUPERIOR COMPLETO,-4,ADVOGADO,PDT
SE,Aracaju,VEREADOR,NÃO ELEITO,MASCULINO,PARDA,SUPERIOR COMPLETO,-4,ADVOGADO,REPUBLICANOS
SE,Aracaju,VEREADOR,NÃO ELEITO,FEMININO,BRANCA,SUPERIOR COMPLETO,-4,ENGENHEIRO,REPUBLICANOS
SE,Aracaju,VEREADOR,NÃO ELEITO,FEMININO,PRETA,ENSINO MÉDIO COMPLETO,-4,AUXILIAR DE ESCRITÓRIO E ASSEMELHADOS,REPUBLICANOS
SE,Aracaju,VEREADOR,NÃO ELEITO,FEMININO,BRANCA,SUPERIOR COMPLETO,-4,AGENTE ADMINISTRATIVO,NOVO
SE,Aracaju,VEREADOR,SUPLENTE,FEMININO,PARDA,SUPERIOR COMPLETO,-4,PROFESSOR E INSTRUTOR DE FORMAÇÃO PROFISSIONAL,PRD
SE,Aracaju,VEREADOR,SUPLENTE,MASCULINO,PRETA,SUPERIOR COMPLETO,-4,SACERDOTE OU MEMBRO DE ORDEM OU SEITA RELIGIOSA,PRD
SE,Aracaju,VEREADOR,SUPLENTE,MASCULINO,PRETA,ENSINO FUNDAMENTAL COMPLETO,-4,VEREADOR,PSD
SE,Aracaju,VEREADOR,SUPLENTE,FEMININO,PARDA,SUPERIOR COMPLETO,-4,POLICIAL MILITAR,PSD
SE,Aracaju,VEREADOR,SUPLENTE,MASCULINO,PARDA,ENSINO MÉDIO COMPLETO,-4,OUTROS,PSB
SE,Aracaju,VEREADOR,ELEITO POR QP,MASCULINO,PARDA,SUPERIOR COMPLETO,-4,VEREADOR,PSB
SE,Aracaju,VEREADOR,SUPLENTE,MASCULINO,PARDA,ENSINO MÉDIO COMPLETO,-4,APOSENTADO (EXCETO SERVIDOR PÚBLICO),PSB
SE,Aracaju,VEREADOR,NÃO ELEITO,FEMININO,BRANCA,ENSINO FUNDAMENTAL COMPLETO,-4,OUTROS,DC
SE,Aracaju,VEREADOR,NÃO ELEITO,FEMININO,BRANCA,ENSINO MÉDIO COMPLETO,-4,OUTROS,DC
SE,Aracaju,VEREADOR,SUPLENTE,MASCULINO,PRETA,ENSINO MÉDIO COMPLETO,-4,MÚSICO,PT
SE,Aracaju,VEREADOR,SUPLENTE,MASCULINO,PARDA,SUPERIOR COMPLETO,-4,ADMINISTRADOR,PDT
SE,Aracaju,VEREADOR,SUPLENTE,MASCULINO,PARDA,ENSINO MÉDIO COMPLETO,-4,ADMINISTRADOR,PDT
SE,Aracaju,VEREADOR,SUPLENTE,FEMININO,BRANCA,SUPERIOR COMPLETO,-4,ASSISTENTE SOCIAL,PDT
SE,Aracaju,VEREADOR,SUPLENTE,MASCULINO,PRETA,ENSINO MÉDIO INCOMPLETO,-4,EMPRESÁRIO,PDT
SE,Aracaju,VEREADOR,SUPLENTE,MASCULINO,PARDA,SUPERIOR COMPLETO,-4,EMPRESÁRIO,PDT
SE,Aracaju,VEREADOR,ELEITO POR QP,MASCULINO,PARDA,SUPERIOR COMPLETO,-4,VEREADOR,PDT
SE,Aracaju,VEREADOR,SUPLENTE,MASCULINO,PRETA,SUPERIOR INCOMPLETO,-4,"CORRETOR DE IMÓVEIS, SEGUROS, TÍTULOS E VALORES",MOBILIZA
SE,Aracaju,VEREADOR,SUPLENTE,FEMININO,PARDA,SUPERIOR COMPLETO,-4,OUTROS,MOBILIZA
SE,Aracaju,VEREADOR,SUPLENTE,MASCULINO,PARDA,ENSINO MÉDIO COMPLETO,-4,OUTROS,MOBILIZA
SE,Aracaju,VEREADOR,SUPLENTE,MASCULINO,PARDA,ENSINO MÉDIO COMPLETO,-4,AGENTE DE SAÚDE E SANITARISTA,MOBILIZA
SE,Aracaju,VEREADOR,SUPLENTE,FEMININO,PARDA,SUPERIOR COMPLETO,-4,POLICIAL CIVIL,MDB
SE,Aracaju,VEREADOR,SUPLENTE,FEMININO,PARDA,SUPERIOR COMPLETO,-4,CONTADOR,MDB
SE,Aracaju,VEREADOR,SUPLENTE,MASCULINO,PARDA,SUPERIOR COMPLETO,-4,POLICIAL MILITAR,PODE
SE,Aracaju,VEREADOR,SUPLENTE,FEMININO,PARDA,SUPERIOR COMPLETO,-4,CONTADOR,PODE
SE,Aracaju,VEREADOR,SUPLENTE,MASCULINO,PRETA,ENSINO FUNDAMENTAL INCOMPLETO,-4,OUTROS,PODE
SE,Aracaju,VEREADOR,SUPLENTE,FEMININO,PRETA,SUPERIOR COMPLETO,-4,PROFESSOR DE ENSINO FUNDAMENTAL,PP
SE,Aracaju,VEREADOR,SUPLENTE,MASCULINO,PARDA,SUPERIOR COMPLETO,-4,OUTROS,PP
SE,Aracaju,VEREADOR,SUPLENTE,FEMININO,PRETA,ENSINO MÉDIO COMPLETO,-4,CABELEIREIRO E BARBEIRO,PSOL
SE,Aracaju,VEREADOR,SUPLENTE,FEMININO,PARDA,SUPERIOR INCOMPLETO,-4,"ESTUDANTE, BOLSISTA, ESTAGIÁRIO E ASSEMELHADOS",REDE
SE,Aracaju,VEREADOR,SUPLENTE,MASCULINO,PRETA,ENSINO FUNDAMENTAL INCOMPLETO,-4,OUTROS,PSOL
SE,Aracaju,VEREADOR,SUPLENTE,MASCULINO,PRETA,ENSINO MÉDIO COMPLETO,-4,TÉCNICO EM INFORMÁTICA,PSOL
SE,Aracaju,VEREADOR,ELEITO POR QP,MASCULINO,BRANCA,SUPERIOR COMPLETO,-4,SERVIDOR PÚBLICO MUNICIPAL,PSOL
SE,Aracaju,VEREADOR,ELEITO POR QP,MASCULINO,PARDA,SUPERIOR COMPLETO,-4,VEREADOR,UNIÃO
SE,Aracaju,VEREADOR,SUPLENTE,FEMININO,AMARELA,SUPERIOR COMPLETO,-4,EMPRESÁRIO,UNIÃO
SE,Aracaju,VEREADOR,NÃO ELEITO,FEMININO,PARDA,SUPERIOR COMPLETO,-4,PROFESSOR DE ENSINO FUNDAMENTAL,PSDB
SE,Aracaju,VEREADOR,NÃO ELEITO,MASCULINO,BRANCA,ENSINO FUNDAMENTAL COMPLETO,-4,VENDEDOR DE COMÉRCIO VAREJISTA E ATACADISTA,SOLIDARIEDADE
SE,Aracaju,VEREADOR,NÃO ELEITO,MASCULINO,PARDA,ENSINO MÉDIO COMPLETO,-4,OUTROS,AVANTE
SE,Aracaju,VEREADOR,NÃO ELEITO,MASCULINO,PRETA,ENSINO MÉDIO COMPLETO,-4,MOTORISTA DE VEÍCULOS DE TRANSPORTE COLETIVO DE PASSAGEIROS,AVANTE
SE,Aracaju,VEREADOR,NÃO ELEITO,MASCULINO,BRANCA,SUPERIOR COMPLETO,-4,SERVIDOR PÚBLICO ESTADUAL,AVANTE
SE,Aracaju,VICE-PREFEITO,#NULO,MASCULINO,PRETA,SUPERIOR COMPLETO,-4,SERVIDOR PÚBLICO MUNICIPAL,MDB
BA,Salvador,PREFEITO,NÃO ELEITO,MASCULINO,PARDA,ENSINO FUNDAMENTAL COMPLETO,-4,TRABALHADOR DE CONSTRUÇÃO CIVIL,PCO
BA,Salvador,VEREADOR,#NULO,MASCULINO,PARDA,ENSINO MÉDIO COMPLETO,-4,EMPRESÁRIO,SOLIDARIEDADE
BA,Salvador,VEREADOR,#NULO,FEMININO,BRANCA,SUPERIOR COMPLETO,-4,ADVOGADO,NOVO
BA,Salvador,VEREADOR,#NULO,FEMININO,PRETA,SUPERIOR COMPLETO,-4,SERVIDOR PÚBLICO MUNICIPAL,PMB
BA,Salvador,VEREADOR,#NULO,FEMININO,PRETA,SUPERIOR COMPLETO,-4,ASSISTENTE SOCIAL,PMB
BA,Salvador,VEREADOR,#NULO,FEMININO,PARDA,ENSINO MÉDIO COMPLETO,-4,OUTROS,PMB
BA,Salvador,PREFEITO,NÃO ELEITO,MASCULINO,BRANCA,SUPERIOR COMPLETO,-4,PROFESSOR DE ENSINO FUNDAMENTAL,PCB
BA,Salvador,PREFEITO,NÃO ELEITO,MASCULINO,BRANCA,SUPERIOR COMPLETO,-4,ADVOGADO,MDB
BA,Salvador,VEREADOR,NÃO ELEITO,MASCULINO,PARDA,SUPERIOR COMPLETO,-4,ADMINISTRADOR,SOLIDARIEDADE
BA,Salvador,VEREADOR,NÃO ELEITO,FEMININO,PARDA,ENSINO MÉDIO COMPLETO,-4,OUTROS,SOLIDARIEDADE
BA,Salvador,VEREADOR,NÃO ELEITO,MASCULINO,PARDA,SUPERIOR COMPLETO,-4,SERVIDOR PÚBLICO MUNICIPAL,SOLIDARIEDADE
BA,Salvador,VEREADOR,NÃO ELEITO,MASCULINO,PRETA,ENSINO FUNDAMENTAL INCOMPLETO,-4,EMPRESÁRIO,SOLIDARIEDADE
BA,Salvador,VEREADOR,SUPLENTE,MASCULINO,PARDA,SUPERIOR COMPLETO,-4,POLICIAL MILITAR,PRD
BA,Salvador,VEREADOR,SUPLENTE,MASCULINO,BRANCA,SUPERIOR COMPLETO,-4,EMPRESÁRIO,PRD
BA,Salvador,VEREADOR,SUPLENTE,MASCULINO,PARDA,ENSINO MÉDIO COMPLETO,-4,POLICIAL MILITAR,UNIÃO
BA,Salvador,VEREADOR,SUPLENTE,MASCULINO,PRETA,SUPERIOR INCOMPLETO,-4,POLICIAL MILITAR,UNIÃO
BA,Salvador,VEREADOR,SUPLENTE,MASCULINO,BRANCA,SUPERIOR COMPLETO,-4,ADVOGADO,UNIÃO
BA,Salvador,VEREADOR,ELEITO POR QP,MASCULINO,PARDA,SUPERIOR COMPLETO,-4,VEREADOR,UNIÃO
BA,Salvador,VEREADOR,SUPLENTE,MASCULINO,PARDA,SUPERIOR COMPLETO,-4,EMPRESÁRIO,UNIÃO
BA,Salvador,VEREADOR,SUPLENTE,FEMININO,PARDA,SUPERIOR COMPLETO,-4,AGENTE ADMINISTRATIVO,UNIÃO
BA,Salvador,VEREADOR,SUPLENTE,MASCULINO,PARDA,SUPERIOR COMPLETO,-4,OUTROS,PDT
BA,Salvador,VEREADOR,ELEITO POR MÉDIA,FEMININO,BRANCA,SUPERIOR COMPLETO,-4,VEREADOR,PDT
BA,Salvador,VEREADOR,SUPLENTE,MASCULINO,PRETA,ENSINO MÉDIO COMPLETO,-4,OUTROS,PDT
BA,Salvador,VEREADOR,SUPLENTE,MASCULINO,PARDA,SUPERIOR COMPLETO,-4,ADMINISTRADOR,PDT
BA,Salvador,VEREADOR,SUPLENTE,MASCULINO,PARDA,ENSINO FUNDAMENTAL COMPLETO,-4,EMPRESÁRIO,MDB
BA,Salvador,VEREADOR,SUPLENTE,MASCULINO,PRETA,SUPERIOR COMPLETO,-4,ADVOGADO,MDB
BA,Salvador,VEREADOR,ELEITO POR QP,MASCULINO,BRANCA,SUPERIOR COMPLETO,-4,MÉDICO,MDB
BA,Salvador,VEREADOR,SUPLENTE,FEMININO,PARDA,ENSINO MÉDIO COMPLETO,-4,OUTROS,MDB
BA,Salvador,VEREADOR,SUPLENTE,MASCULINO,PARDA,ENSINO MÉDIO COMPLETO,-4,EMPRESÁRIO,MDB
BA,Salvador,VEREADOR,SUPLENTE,FEMININO,PRETA,SUPERIOR INCOMPLETO,-4,DONA DE CASA,PV
BA,Salvador,VEREADOR,ELEITO POR QP,MASCULINO,BRANCA,SUPERIOR COMPLETO,-4,BANCÁRIO E ECONOMIÁRIO,PC do B
BA,Salvador,VEREADOR,ELEITO POR QP,FEMININO,PRETA,SUPERIOR COMPLETO,-4,PROFESSOR DE ENSINO MÉDIO,PT
BA,Salvador,VEREADOR,SUPLENTE,FEMININO,BRANCA,ENSINO MÉDIO COMPLETO,-4,OUTROS,PV
BA,Salvador,VEREADOR,SUPLENTE,MASCULINO,PRETA,SUPERIOR COMPLETO,-4,PROFESSOR DE ENSINO MÉDIO,PT
BA,Salvador,VEREADOR,SUPLENTE,MASCULINO,PARDA,SUPERIOR COMPLETO,-4,EMPRESÁRIO,PP
BA,Salvador,VEREADOR,SUPLENTE,MASCULINO,PRETA,ENSINO MÉDIO COMPLETO,-4,EMPRESÁRIO,PP
BA,Salvador,VEREADOR,SUPLENTE,MASCULINO,PARDA,ENSINO MÉDIO INCOMPLETO,-4,APOSENTADO (EXCETO SERVIDOR PÚBLICO),PP
BA,Salvador,VEREADOR,SUPLENTE,FEMININO,PARDA,SUPERIOR COMPLETO,-4,OUTROS,PP
BA,Salvador,VEREADOR,SUPLENTE,MASCULINO,PARDA,SUPERIOR COMPLETO,-4,OUTROS,PP
BA,Salvador,VEREADOR,SUPLENTE,MASCULINO,PRETA,SUPERIOR INCOMPLETO,-4,ADMINISTRADOR,DC
BA,Salvador,VEREADOR,SUPLENTE,MASCULINO,PARDA,SUPERIOR COMPLETO,-4,ADMINISTRADOR,DC
BA,Salvador,VEREADOR,SUPLENTE,MASCULINO,PARDA,ENSINO MÉDIO COMPLETO,-4,MASSAGISTA,DC
BA,Salvador,VEREADOR,SUPLENTE,FEMININO,PARDA,SUPERIOR COMPLETO,-4,MÉDICO,DC
BA,Salvador,VEREADOR,SUPLENTE,MASCULINO,PRETA,SUPERIOR COMPLETO,-4,SERVIDOR PÚBLICO FEDERAL,PSB
BA,Salvador,VEREADOR,SUPLENTE,MASCULINO,BRANCA,SUPERIOR COMPLETO,-4,CIENTISTA POLÍTICO,PSB
BA,Salvador,VEREADOR,SUPLENTE,FEMININO,BRANCA,SUPERIOR COMPLETO,-4,EMPRESÁRIO,PSB
BA,Salvador,VEREADOR,SUPLENTE,MASCULINO,PRETA,SUPERIOR INCOMPLETO,-4,OUTROS,PSB
BA,Salvador,VEREADOR,SUPLENTE,MASCULINO,PRETA,SUPERIOR COMPLETO,-4,SERVIDOR PÚBLICO ESTADUAL,PSB
BA,Salvador,VEREADOR,SUPLENTE,FEMININO,PARDA,SUPERIOR COMPLETO,-4,SERVIDOR PÚBLICO MUNICIPAL,PSB
BA,Salvador,VEREADOR,SUPLENTE,MASCULINO,PRETA,SUPERIOR COMPLETO,-4,SERVIDOR PÚBLICO FEDERAL,PSOL
BA,Salvador,VEREADOR,SUPLENTE,MASCULINO,PRETA,SUPERIOR COMPLETO,-4,ADVOGADO,PSOL
BA,Salvador,VEREADOR,SUPLENTE,MASCULINO,NÃO INFORMADO,SUPERIOR COMPLETO,-4,SERVIDOR PÚBLICO FEDERAL,PSOL
BA,Salvador,VEREADOR,SUPLENTE,MASCULINO,PARDA,ENSINO MÉDIO COMPLETO,-4,MOTORISTA DE VEÍCULOS DE TRANSPORTE COLETIVO DE PASSAGEIROS,PSOL
BA,Salvador,VEREADOR,SUPLENTE,FEMININO,PARDA,ENSINO MÉDIO COMPLETO,-4,MOTOBOY,PL
BA,Salvador,VEREADOR,SUPLENTE,FEMININO,BRANCA,SUPERIOR COMPLETO,-4,ADVOGADO,PL
BA,Salvador,VEREADOR,SUPLENTE,MASCULINO,BRANCA,SUPERIOR COMPLETO,-4,ADMINISTRADOR,PL
BA,Salvador,VEREADOR,SUPLENTE,FEMININO,PRETA,ENSINO FUNDAMENTAL COMPLETO,-4,COMERCIANTE,PL
BA,Salvador,VEREADOR,SUPLENTE,MASCULINO,PARDA,SUPERIOR COMPLETO,-4,EMPRESÁRIO,PL
BA,Salvador,VEREADOR,SUPLENTE,MASCULINO,PARDA,SUPERIOR COMPLETO,-4,MILITAR REFORMADO,PL
BA,Salvador,VEREADOR,SUPLENTE,FEMININO,PARDA,SUPERIOR COMPLETO,-4,PEDAGOGO,PL
BA,Salvador,VEREADOR,SUPLENTE,FEMININO,PARDA,SUPERIOR INCOMPLETO,-4,AGENTE DE SAÚDE E SANITARISTA,PL
BA,Salvador,VEREADOR,SUPLENTE,MASCULINO,PRETA,SUPERIOR COMPLETO,-4,INDUSTRIAL,PSD
BA,Salvador,VEREADOR,SUPLENTE,MASCULINO,PRETA,SUPERIOR COMPLETO,-4,AGENTE DE SAÚDE E SANITARISTA,PSD
BA,Salvador,VEREADOR,SUPLENTE,FEMININO,PARDA,ENSINO MÉDIO COMPLETO,-4,DONA DE CASA,PSD
BA,Salvador,VEREADOR,SUPLENTE,MASCULINO,PRETA,SUPERIOR COMPLETO,-4,EMPRESÁRIO,PSD
BA,Salvador,VEREADOR,SUPLENTE,MASCULINO,PRETA,ENSINO MÉDIO INCOMPLETO,-4,MOTORISTA PARTICULAR,PSD
BA,Salvador,VEREADOR,SUPLENTE,FEMININO,PARDA,SUPERIOR COMPLETO,-4,POLICIAL MILITAR,PSD
BA,Salvador,VEREADOR,NÃO ELEITO,MASCULINO,BRANCA,SUPERIOR INCOMPLETO,-4,EMPRESÁRIO,NOVO
BA,Salvador,VEREADOR,NÃO ELEITO,MASCULINO,BRANCA,SUPERIOR INCOMPLETO,-4,REPRESENTANTE COMERCIAL,NOVO
BA,Salvador,VEREADOR,NÃO ELEITO,FEMININO,PARDA,SUPERIOR COMPLETO,-4,ADMINISTRADOR,NOVO
BA,Salvador,VEREADOR,NÃO ELEITO,MASCULINO,PARDA,SUPERIOR COMPLETO,-4,ADMINISTRADOR,NOVO
BA,Salvador,VEREADOR,NÃO ELEITO,MASCULINO,BRANCA,SUPERIOR COMPLETO,-4,EMPRESÁRIO,NOVO
BA,Salvador,VEREADOR,NÃO ELEITO,FEMININO,PRETA,ENSINO MÉDIO COMPLETO,-4,TÉCNICO DE ENFERMAGEM E ASSEMELHADOS (EXCETO ENFERMEIRO),NOVO
BA,Salvador,VEREADOR,NÃO ELEITO,MASCULINO,BRANCA,ENSINO FUNDAMENTAL COMPLETO,-4,COMERCIANTE,NOVO
BA,Salvador,VEREADOR,SUPLENTE,MASCULINO,PARDA,SUPERIOR COMPLETO,-4,AUXILIAR DE ESCRITÓRIO E ASSEMELHADOS,REPUBLICANOS
BA,Salvador,VEREADOR,SUPLENTE,MASCULINO,PARDA,ENSINO MÉDIO COMPLETO,-4,EMPRESÁRIO,REPUBLICANOS
BA,Salvador,VEREADOR,SUPLENTE,FEMININO,PRETA,ENSINO MÉDIO COMPLETO,-4,OUTROS,REPUBLICANOS
BA,Salvador,VEREADOR,ELEITO POR QP,FEMININO,PRETA,SUPERIOR COMPLETO,-4,VEREADOR,REPUBLICANOS
BA,Salvador,VEREADOR,SUPLENTE,FEMININO,PARDA,ENSINO MÉDIO COMPLETO,-4,OUTROS,REPUBLICANOS
BA,Salvador,VEREADOR,SUPLENTE,MASCULINO,PRETA,ENSINO MÉDIO COMPLETO,-4,OUTROS,REPUBLICANOS
BA,Salvador,VEREADOR,NÃO ELEITO,MASCULINO,PARDA,SUPERIOR COMPLETO,-4,COMERCIÁRIO,AVANTE
BA,Salvador,VEREADOR,NÃO ELEITO,FEMININO,PARDA,ENSINO MÉDIO COMPLETO,-4,OUTROS,AVANTE
BA,Salvador,VEREADOR,NÃO ELEITO,MASCULINO,PARDA,ENSINO MÉDIO COMPLETO,-4,MOTORISTA PARTICULAR,AVANTE
BA,Salvador,VEREADOR,NÃO ELEITO,MASCULINO,PRETA,ENSINO FUNDAMENTAL COMPLETO,-4,OUTROS,AVANTE
BA,Salvador,VEREADOR,NÃO ELEITO,MASCULINO,PARDA,ENSINO MÉDIO COMPLETO,-4,OUTROS,PMB
BA,Salvador,VEREADOR,NÃO ELEITO,MASCULINO,PARDA,SUPERIOR COMPLETO,-4,APOSENTADO (EXCETO SERVIDOR PÚBLICO),PMB
BA,Salvador,VEREADOR,NÃO ELEITO,MASCULINO,PRETA,ENSINO MÉDIO COMPLETO,-4,OUTROS,PMB
BA,Salvador,VEREADOR,NÃO ELEITO,MASCULINO,PARDA,SUPERIOR COMPLETO,-4,MILITAR REFORMADO,PMB
BA,Salvador,VEREADOR,SUPLENTE,MASCULINO,PRETA,ENSINO MÉDIO INCOMPLETO,-4,MOTORISTA DE VEÍCULOS DE TRANSPORTE COLETIVO DE PASSAGEIROS,PODE
BA,Salvador,VEREADOR,SUPLENTE,FEMININO,PRETA,SUPERIOR INCOMPLETO,-4,EMPRESÁRIO,PODE
BA,Salvador,VEREADOR,SUPLENTE,FEMININO,PARDA,ENSINO MÉDIO COMPLETO,-4,CANTOR E COMPOSITOR,PODE
BA,Salvador,VEREADOR,SUPLENTE,MASCULINO,PRETA,SUPERIOR COMPLETO,-4,PROFESSOR DE ENSINO SUPERIOR,PODE
BA,Salvador,VEREADOR,SUPLENTE,MASCULINO,PRETA,ENSINO MÉDIO COMPLETO,-4,POLICIAL MILITAR,PODE
BA,Salvador,VEREADOR,SUPLENTE,FEMININO,PRETA,SUPERIOR COMPLETO,-4,OUTROS,PODE
BA,Salvador,VEREADOR,SUPLENTE,MASCULINO,PRETA,SUPERIOR COMPLETO,-4,AGENTE DE SAÚDE E SANITARISTA,PODE
BA,Salvador,VEREADOR,NÃO ELEITO,MASCULINO,BRANCA,SUPERIOR COMPLETO,-4,PROFESSOR E INSTRUTOR DE FORMAÇÃO PROFISSIONAL,MOBILIZA
BA,Salvador,VEREADOR,NÃO ELEITO,MASCULINO,PRETA,SUPERIOR COMPLETO,-4,ADVOGADO,MOBILIZA
BA,Salvador,VEREADOR,NÃO ELEITO,FEMININO,PARDA,SUPERIOR COMPLETO,-4,ADVOGADO,MOBILIZA
BA,Salvador,VEREADOR,NÃO ELEITO,MASCULINO,PARDA,ENSINO FUNDAMENTAL INCOMPLETO,-4,MECÂNICO DE MANUTENÇÃO,MOBILIZA
BA,Salvador,VEREADOR,NÃO ELEITO,FEMININO,PARDA,ENSINO MÉDIO COMPLETO,-4,TÉCNICO DE LABORATÓRIO E RAIOS X,MOBILIZA
BA,Salvador,VEREADOR,NÃO ELEITO,MASCULINO,PRETA,ENSINO MÉDIO COMPLETO,-4,MÚSICO,MOBILIZA
BA,Salvador,VEREADOR,ELEITO POR QP,MASCULINO,PARDA,SUPERIOR COMPLETO,-4,ADMINISTRADOR,PSDB
BA,Salvador,VEREADOR,SUPLENTE,MASCULINO,PARDA,SUPERIOR COMPLETO,-4,SERVIDOR PÚBLICO ESTADUAL,PSDB
BA,Salvador,VEREADOR,SUPLENTE,FEMININO,PARDA,SUPERIOR COMPLETO,-4,OUTROS,PSDB
BA,Salvador,VEREADOR,SUPLENTE,MASCULINO,PRETA,ENSINO MÉDIO COMPLETO,-4,COMERCIANTE,PSDB
BA,Salvador,VEREADOR,SUPLENTE,MASCULINO,PARDA,ENSINO MÉDIO COMPLETO,-4,SERVIDOR PÚBLICO ESTADUAL,PSDB
BA,Salvador,VEREADOR,SUPLENTE,MASCULINO,BRANCA,ENSINO MÉDIO COMPLETO,-4,EMPRESÁRIO,PSDB
BA,Salvador,VEREADOR,NÃO ELEITO,MASCULINO,PARDA,ENSINO FUNDAMENTAL COMPLETO,-4,APOSENTADO (EXCETO SERVIDOR PÚBLICO),PP
BA,Salvador,VEREADOR,NÃO ELEITO,MASCULINO,PARDA,ENSINO MÉDIO COMPLETO,-4,OUTROS,PP
BA,Salvador,VEREADOR,NÃO ELEITO,FEMININO,PRETA,ENSINO FUNDAMENTAL INCOMPLETO,-4,OUTROS,PMB
BA,Salvador,VEREADOR,#NULO,FEMININO,PRETA,SUPERIOR COMPLETO,-4,PROFESSOR E INSTRUTOR DE FORMAÇÃO PROFISSIONAL,PSB
BA,Salvador,VEREADOR,#NULO,FEMININO,PRETA,SUPERIOR INCOMPLETO,-4,DONA DE CASA,NOVO
BA,Salvador,VEREADOR,NÃO ELEITO,MASCULINO,PARDA,SUPERIOR COMPLETO,-4,POLICIAL MILITAR,SOLIDARIEDADE
BA,Salvador,VEREADOR,NÃO ELEITO,MASCULINO,PRETA,SUPERIOR COMPLETO,-4,EMPRESÁRIO,SOLIDARIEDADE
BA,Salvador,VEREADOR,SUPLENTE,FEMININO,BRANCA,ENSINO MÉDIO COMPLETO,-4,ADMINISTRADOR,PRD
BA,Salvador,VEREADOR,SUPLENTE,MASCULINO,PARDA,ENSINO MÉDIO COMPLETO,-4,EMPRESÁRIO,PRD
BA,Salvador,VEREADOR,SUPLENTE,MASCULINO,PRETA,SUPERIOR COMPLETO,-4,MÉDICO,PRD
BA,Salvador,VEREADOR,SUPLENTE,MASCULINO,PRETA,ENSINO MÉDIO COMPLETO,-4,OUTROS,PRD
BA,Salvador,VEREADOR,SUPLENTE,MASCULINO,PRETA,ENSINO MÉDIO COMPLETO,-4,EMPRESÁRIO,PRD
BA,Salvador,VEREADOR,SUPLENTE,MASCULINO,PARDA,ENSINO MÉDIO COMPLETO,-4,DETETIVE PARTICULAR,PRD
BA,Salvador,VEREADOR,SUPLENTE,FEMININO,PRETA,SUPERIOR COMPLETO,-4,OUTROS,PRD
BA,Salvador,VEREADOR,SUPLENTE,FEMININO,PARDA,ENSINO MÉDIO COMPLETO,-4,AGENTE ADMINISTRATIVO,UNIÃO
BA,Salvador,VEREADOR,SUPLENTE,MASCULINO,PARDA,SUPERIOR COMPLETO,-4,POLICIAL MILITAR,UNIÃO
BA,Salvador,VEREADOR,SUPLENTE,FEMININO,PARDA,SUPERIOR COMPLETO,-4,POLICIAL CIVIL,UNIÃO
BA,Salvador,VEREADOR,SUPLENTE,MASCULINO,PARDA,SUPERIOR COMPLETO,-4,ADVOGADO,PDT
BA,Salvador,VEREADOR,SUPLENTE,FEMININO,PARDA,SUPERIOR COMPLETO,-4,ADVOGADO,PDT
BA,Salvador,VEREADOR,SUPLENTE,MASCULINO,PRETA,ENSINO MÉDIO INCOMPLETO,-4,MECÂNICO DE MANUTENÇÃO,PDT
BA,Salvador,VEREADOR,SUPLENTE,MASCULINO,PRETA,ENSINO MÉDIO COMPLETO,-4,COMERCIANTE,PDT
BA,Salvador,VEREADOR,SUPLENTE,FEMININO,PARDA,SUPERIOR COMPLETO,-4,OUTROS,PDT
BA,Salvador,VEREADOR,SUPLENTE,MASCULINO,PARDA,ENSINO MÉDIO COMPLETO,-4,TAXISTA,PDT
BA,Salvador,VEREADOR,SUPLENTE,MASCULINO,PARDA,SUPERIOR COMPLETO,-4,EMPRESÁRIO,MDB
BA,Salvador,VEREADOR,SUPLENTE,MASCULINO,PRETA,ENSINO MÉDIO COMPLETO,-4,OUTROS,MDB
BA,Salvador,VEREADOR,SUPLENTE,FEMININO,BRANCA,SUPERIOR COMPLETO,-4,ENGENHEIRO,MDB
BA,Salvador,VEREADOR,SUPLENTE,MASCULINO,PRETA,ENSINO FUNDAMENTAL COMPLETO,-4,COMERCIANTE,MDB
BA,Salvador,VEREADOR,SUPLENTE,FEMININO,PRETA,ENSINO MÉDIO COMPLETO,-4,OUTROS,MDB
BA,Salvador,VEREADOR,NÃO ELEITO,FEMININO,PRETA,ENSINO FUNDAMENTAL INCOMPLETO,-4,COZINHEIRO,PRTB
BA,Salvador,VEREADOR,NÃO ELEITO,MASCULINO,PARDA,ENSINO MÉDIO COMPLETO,-4,OUTROS,PRTB
BA,Salvador,VEREADOR,NÃO ELEITO,FEMININO,PARDA,SUPERIOR COMPLETO,-4,AGENTE ADMINISTRATIVO,PRTB
BA,Salvador,VEREADOR,SUPLENTE,MASCULINO,PARDA,SUPERIOR COMPLETO,-4,OUTROS,PV
BA,Salvador,VEREADOR,SUPLENTE,FEMININO,PRETA,SUPERIOR COMPLETO,-4,ENFERMEIRO,PT
BA,Salvador,VEREADOR,SUPLENTE,FEMININO,PRETA,SUPERIOR COMPLETO,-4,ASSISTENTE SOCIAL,PC do B
BA,Salvador,VEREADOR,SUPLENTE,MASCULINO,PARDA,ENSINO MÉDIO COMPLETO,-4,APOSENTADO (EXCETO SERVIDOR PÚBLICO),PT
BA,Salvador,VEREADOR,SUPLENTE,FEMININO,PRETA,SUPERIOR COMPLETO,-4,SERVIDOR PÚBLICO ESTADUAL,PV
BA,Salvador,VEREADOR,SUPLENTE,MASCULINO,PRETA,SUPERIOR COMPLETO,-4,PROFESSOR DE ENSINO MÉDIO,PC do B
BA,Salvador,VEREADOR,SUPLENTE,MASCULINO,PRETA,ENSINO MÉDIO COMPLETO,-4,OUTROS,DC
BA,Salvador,VEREADOR,SUPLENTE,FEMININO,PRETA,SUPERIOR COMPLETO,-4,PROFESSOR DE ENSINO FUNDAMENTAL,DC
BA,Salvador,VEREADOR,SUPLENTE,MASCULINO,PARDA,SUPERIOR COMPLETO,-4,VEREADOR,DC
BA,Salvador,VEREADOR,SUPLENTE,FEMININO,PARDA,SUPERIOR COMPLETO,-4,PROFESSOR DE ENSINO MÉDIO,DC
BA,Salvador,VEREADOR,SUPLENTE,MASCULINO,PRETA,SUPERIOR INCOMPLETO,-4,OUTROS,DC
BA,Salvador,VEREADOR,SUPLENTE,MASCULINO,BRANCA,SUPERIOR COMPLETO,-4,ENGENHEIRO,PSB
BA,Salvador,VEREADOR,SUPLENTE,MASCULINO,PARDA,ENSINO MÉDIO COMPLETO,-4,EMPRESÁRIO,PSB
BA,Salvador,VEREADOR,SUPLENTE,MASCULINO,PRETA,ENSINO FUNDAMENTAL INCOMPLETO,-4,OUTROS,PSB
BA,Salvador,VEREADOR,SUPLENTE,FEMININO,PARDA,ENSINO FUNDAMENTAL COMPLETO,-4,DONA DE CASA,PSOL
BA,Salvador,VEREADOR,SUPLENTE,MASCULINO,PRETA,SUPERIOR COMPLETO,-4,OUTROS,PSOL
BA,Salvador,VEREADOR,SUPLENTE,FEMININO,PARDA,ENSINO MÉDIO COMPLETO,-4,CABELEIREIRO E BARBEIRO,REDE
BA,Salvador,VEREADOR,SUPLENTE,MASCULINO,PARDA,ENSINO MÉDIO INCOMPLETO,-4,VIGILANTE,REDE
BA,Salvador,VEREADOR,SUPLENTE,FEMININO,BRANCA,SUPERIOR COMPLETO,-4,EMPRESÁRIO,PL
BA,Salvador,VEREADOR,SUPLENTE,MASCULINO,PARDA,SUPERIOR COMPLETO,-4,FARMACÊUTICO,PL
BA,Salvador,VEREADOR,SUPLENTE,MASCULINO,PARDA,ENSINO MÉDIO COMPLETO,-4,AGENTE DE SAÚDE E SANITARISTA,PL
BA,Salvador,VEREADOR,SUPLENTE,MASCULINO,BRANCA,SUPERIOR INCOMPLETO,-4,OUTROS,PL
BA,Salvador,VEREADOR,SUPLENTE,MASCULINO,BRANCA,SUPERIOR COMPLETO,-4,ADVOGADO,PSD
BA,Salvador,VEREADOR,SUPLENTE,FEMININO,PRETA,SUPERIOR INCOMPLETO,-4,"ESTUDANTE, BOLSISTA, ESTAGIÁRIO E ASSEMELHADOS",PSD
BA,Salvador,VEREADOR,SUPLENTE,MASCULINO,BRANCA,SUPERIOR COMPLETO,-4,EMPRESÁRIO,PSD
BA,Salvador,VEREADOR,NÃO ELEITO,MASCULINO,PARDA,SUPERIOR COMPLETO,-4,"TRABALHADOR DOS SERVIÇOS DE CONTABILIDADE, DE CAIXA E ASSEMELHADOS",NOVO
BA,Salvador,VEREADOR,NÃO ELEITO,MASCULINO,PARDA,ENSINO MÉDIO INCOMPLETO,-4,ADMINISTRADOR,NOVO
BA,Salvador,VEREADOR,NÃO ELEITO,FEMININO,PARDA,SUPERIOR COMPLETO,-4,EMPRESÁRIO,NOVO
BA,Salvador,VEREADOR,NÃO ELEITO,FEMININO,BRANCA,SUPERIOR COMPLETO,-4,ADMINISTRADOR,NOVO
BA,Salvador,VEREADOR,SUPLENTE,FEMININO,PARDA,SUPERIOR COMPLETO,-4,OUTROS,REPUBLICANOS
BA,Salvador,VEREADOR,SUPLENTE,FEMININO,PARDA,SUPERIOR COMPLETO,-4,EMPRESÁRIO,REPUBLICANOS
BA,Salvador,VEREADOR,SUPLENTE,FEMININO,PARDA,ENSINO MÉDIO COMPLETO,-4,ESTETICISTA,REPUBLICANOS
BA,Salvador,VEREADOR,SUPLENTE,MASCULINO,PRETA,ENSINO MÉDIO COMPLETO,-4,ADMINISTRADOR,REPUBLICANOS
BA,Salvador,VEREADOR,SUPLENTE,MASCULINO,PARDA,ENSINO MÉDIO COMPLETO,-4,APOSENTADO (EXCETO SERVIDOR PÚBLICO),REPUBLICANOS
BA,Salvador,VEREADOR,SUPLENTE,MASCULINO,PARDA,SUPERIOR COMPLETO,-4,OUTROS,REPUBLICANOS
BA,Salvador,VEREADOR,ELEITO POR QP,MASCULINO,PARDA,SUPERIOR COMPLETO,-4,VEREADOR,REPUBLICANOS
BA,Salvador,VEREADOR,NÃO ELEITO,MASCULINO,PRETA,ENSINO MÉDIO COMPLETO,-4,MOTORISTA DE VEÍCULOS DE TRANSPORTE COLETIVO DE PASSAGEIROS,AVANTE
BA,Salvador,VEREADOR,NÃO ELEITO,MASCULINO,PRETA,ENSINO MÉDIO COMPLETO,-4,OUTROS,AVANTE
BA,Salvador,VEREADOR,NÃO ELEITO,FEMININO,PRETA,ENSINO MÉDIO COMPLETO,-4,OUTROS,AVANTE
BA,Salvador,VEREADOR,NÃO ELEITO,FEMININO,PARDA,SUPERIOR COMPLETO,-4,APOSENTADO (EXCETO SERVIDOR PÚBLICO),AVANTE
BA,Salvador,VEREADOR,NÃO ELEITO,MASCULINO,BRANCA,SUPERIOR INCOMPLETO,-4,OUTROS,PMB
BA,Salvador,VEREADOR,NÃO ELEITO,FEMININO,BRANCA,SUPERIOR INCOMPLETO,-4,CABELEIREIRO E BARBEIRO,PMB
BA,Salvador,VEREADOR,NÃO ELEITO,MASCULINO,PARDA,ENSINO MÉDIO INCOMPLETO,-4,OUTROS,PMB
BA,Salvador,VEREADOR,NÃO ELEITO,MASCULINO,PARDA,ENSINO MÉDIO COMPLETO,-4,MOTORISTA PARTICULAR,PMB
BA,Salvador,VEREADOR,NÃO ELEITO,MASCULINO,PRETA,ENSINO MÉDIO COMPLETO,-4,MILITAR REFORMADO,PMB
BA,Salvador,VEREADOR,SUPLENTE,MASCULINO,PARDA,SUPERIOR INCOMPLETO,-4,APOSENTADO (EXCETO SERVIDOR PÚBLICO),PODE
BA,Salvador,VEREADOR,SUPLENTE,MASCULINO,PARDA,SUPERIOR COMPLETO,-4,PROFESSOR DE ENSINO SUPERIOR,PODE
BA,Salvador,VEREADOR,SUPLENTE,MASCULINO,BRANCA,SUPERIOR COMPLETO,-4,ENGENHEIRO,PODE
BA,Salvador,VEREADOR,SUPLENTE,MASCULINO,PRETA,SUPERIOR COMPLETO,-4,OUTROS,PODE
BA,Salvador,VEREADOR,NÃO ELEITO,MASCULINO,PARDA,ENSINO FUNDAMENTAL INCOMPLETO,-4,ADMINISTRADOR,MOBILIZA
BA,Salvador,VEREADOR,NÃO ELEITO,MASCULINO,PARDA,SUPERIOR COMPLETO,-4,OUTROS,MOBILIZA
BA,Salvador,VEREADOR,NÃO ELEITO,MASCULINO,PARDA,ENSINO MÉDIO COMPLETO,-4,BANCÁRIO E ECONOMIÁRIO,MOBILIZA
BA,Salvador,VEREADOR,NÃO ELEITO,FEMININO,PRETA,SUPERIOR COMPLETO,-4,"ESTUDANTE, BOLSISTA, ESTAGIÁRIO E ASSEMELHADOS",MOBILIZA
BA,Salvador,VEREADOR,NÃO ELEITO,MASCULINO,BRANCA,ENSINO MÉDIO COMPLETO,-4,"CORRETOR DE IMÓVEIS, SEGUROS, TÍTULOS E VALORES",MOBILIZA
BA,Salvador,VEREADOR,NÃO ELEITO,MASCULINO,PRETA,ENSINO MÉDIO COMPLETO,-4,OUTROS,MOBILIZA
BA,Salvador,VEREADOR,SUPLENTE,MASCULINO,PARDA,SUPERIOR COMPLETO,-4,MILITAR REFORMADO,PSDB
BA,Salvador,VEREADOR,SUPLENTE,MASCULINO,PRETA,ENSINO MÉDIO COMPLETO,-4,MOTORISTA PARTICULAR,PSDB
BA,Salvador,VICE-PREFEITO,NÃO ELEITO,FEMININO,PRETA,SUPERIOR INCOMPLETO,-4,"ESTUDANTE, BOLSISTA, ESTAGIÁRIO E ASSEMELHADOS",PCB
BA,Salvador,VEREADOR,NÃO ELEITO,FEMININO,PRETA,SUPERIOR INCOMPLETO,-4,OUTROS,SOLIDARIEDADE
BA,Salvador,VEREADOR,NÃO ELEITO,MASCULINO,PARDA,SUPERIOR COMPLETO,-4,ADMINISTRADOR,DC
BA,Salvador,VEREADOR,NÃO ELEITO,MASCULINO,PARDA,ENSINO MÉDIO COMPLETO,-4,AGENTE ADMINISTRATIVO,PRTB
BA,Salvador,VEREADOR,#NULO,MASCULINO,PARDA,SUPERIOR INCOMPLETO,-4,OUTROS,PRTB
BA,Salvador,VEREADOR,#NULO,MASCULINO,PARDA,SUPERIOR INCOMPLETO,-4,"CORRETOR DE IMÓVEIS, SEGUROS, TÍTULOS E VALORES",NOVO
BA,Salvador,VEREADOR,#NULO,MASCULINO,PARDA,SUPERIOR COMPLETO,-4,FARMACÊUTICO,NOVO
BA,Salvador,VEREADOR,#NULO,MASCULINO,PARDA,ENSINO MÉDIO COMPLETO,-4,COMERCIANTE,AVANTE
BA,Salvador,VEREADOR,#NULO,FEMININO,PRETA,ENSINO MÉDIO COMPLETO,-4,OUTROS,AVANTE
BA,Salvador,VEREADOR,#NULO,MASCULINO,PRETA,ENSINO MÉDIO INCOMPLETO,-4,COMERCIANTE,AVANTE
BA,Salvador,VEREADOR,#NULO,MASCULINO,PRETA,ENSINO FUNDAMENTAL COMPLETO,-4,COMERCIANTE,AVANTE
BA,Salvador,VEREADOR,#NULO,MASCULINO,PRETA,ENSINO FUNDAMENTAL COMPLETO,-4,MOTOBOY,PMB
BA,Salvador,PREFEITO,ELEITO,MASCULINO,BRANCA,SUPERIOR COMPLETO,-4,PREFEITO,UNIÃO
BA,Salvador,VEREADOR,NÃO ELEITO,FEMININO,PARDA,SUPERIOR COMPLETO,-4,ADVOGADO,SOLIDARIEDADE
BA,Salvador,VEREADOR,NÃO ELEITO,MASCULINO,BRANCA,SUPERIOR COMPLETO,-4,SERVIDOR PÚBLICO ESTADUAL,SOLIDARIEDADE
BA,Salvador,VEREADOR,NÃO ELEITO,MASCULINO,PRETA,SUPERIOR COMPLETO,-4,PROFESSOR DE ENSINO FUNDAMENTAL,SOLIDARIEDADE
BA,Salvador,VEREADOR,NÃO ELEITO,MASCULINO,PARDA,ENSINO MÉDIO COMPLETO,-4,OUTROS,SOLIDARIEDADE
BA,Salvador,VEREADOR,NÃO ELEITO,MASCULINO,PARDA,ENSINO MÉDIO COMPLETO,-4,EMPRESÁRIO,SOLIDARIEDADE
BA,Salvador,VEREADOR,SUPLENTE,MASCULINO,PRETA,ENSINO MÉDIO COMPLETO,-4,TÉCNICO DE LABORATÓRIO E RAIOS X,PRD
BA,Salvador,VEREADOR,SUPLENTE,MASCULINO,PRETA,SUPERIOR COMPLETO,-4,OUTROS,PRD
BA,Salvador,VEREADOR,SUPLENTE,FEMININO,PARDA,SUPERIOR COMPLETO,-4,VEREADOR,UNIÃO
BA,Salvador,VEREADOR,SUPLENTE,MASCULINO,PARDA,ENSINO MÉDIO COMPLETO,-4,COMERCIANTE,UNIÃO
BA,Salvador,VEREADOR,SUPLENTE,MASCULINO,PARDA,ENSINO MÉDIO COMPLETO,-4,PUBLICITÁRIO,UNIÃO
BA,Salvador,VEREADOR,SUPLENTE,FEMININO,PARDA,SUPERIOR INCOMPLETO,-4,RECEPCIONISTA,UNIÃO
BA,Salvador,VEREADOR,ELEITO POR MÉDIA,MASCULINO,BRANCA,SUPERIOR INCOMPLETO,-4,"ESTUDANTE, BOLSISTA, ESTAGIÁRIO E ASSEMELHADOS",UNIÃO
BA,Salvador,VEREADOR,SUPLENTE,MASCULINO,PARDA,ENSINO FUNDAMENTAL COMPLETO,-4,LOCUTOR E COMENTARISTA DE RÁDIO E TELEVISÃO E RADIALISTA,UNIÃO
BA,Salvador,VEREADOR,SUPLENTE,MASCULINO,PARDA,SUPERIOR COMPLETO,-4,ADMINISTRADOR,UNIÃO
BA,Salvador,VEREADOR,SUPLENTE,MASCULINO,PRETA,SUPERIOR COMPLETO,-4,PROFESSOR DE ENSINO SUPERIOR,PDT
BA,Salvador,VEREADOR,SUPLENTE,MASCULINO,BRANCA,SUPERIOR COMPLETO,-4,OUTROS,PDT
BA,Salvador,VEREADOR,SUPLENTE,MASCULINO,BRANCA,SUPERIOR COMPLETO,-4,SERVIDOR PÚBLICO FEDERAL,PDT
BA,Salvador,VEREADOR,SUPLENTE,FEMININO,PARDA,SUPERIOR COMPLETO,-4,APOSENTADO (EXCETO SERVIDOR PÚBLICO),PDT
BA,Salvador,VEREADOR,SUPLENTE,MASCULINO,PRETA,ENSINO MÉDIO COMPLETO,-4,APOSENTADO (EXCETO SERVIDOR PÚBLICO),MDB
BA,Salvador,VEREADOR,SUPLENTE,MASCULINO,PRETA,ENSINO MÉDIO COMPLETO,-4,ELETRICISTA E ASSEMELHADOS,MDB
BA,Salvador,VEREADOR,SUPLENTE,FEMININO,PRETA,SUPERIOR COMPLETO,-4,OUTROS,MDB
BA,Salvador,VEREADOR,NÃO ELEITO,MASCULINO,PARDA,ENSINO MÉDIO INCOMPLETO,-4,COMERCIANTE,PRTB
BA,Salvador,VEREADOR,NÃO ELEITO,FEMININO,PRETA,SUPERIOR COMPLETO,-4,BIOMÉDICO,PRTB
BA,Salvador,VEREADOR,SUPLENTE,FEMININO,PRETA,SUPERIOR INCOMPLETO,-4,OUTROS,PT
BA,Salvador,VEREADOR,SUPLENTE,MASCULINO,PARDA,SUPERIOR COMPLETO,-4,VEREADOR,PT
BA,Salvador,VEREADOR,SUPLENTE,MASCULINO,PARDA,ENSINO MÉDIO COMPLETO,-4,COBRADOR DE TRANSPORTE COLETIVO,PC do B
BA,Salvador,VEREADOR,SUPLENTE,FEMININO,PARDA,ENSINO MÉDIO INCOMPLETO,-4,OUTROS,PP
BA,Salvador,VEREADOR,ELEITO POR QP,MASCULINO,BRANCA,ENSINO MÉDIO COMPLETO,-4,COMERCIANTE,DC
BA,Salvador,VEREADOR,SUPLENTE,FEMININO,PARDA,ENSINO MÉDIO COMPLETO,-4,OUTROS,DC
BA,Salvador,VEREADOR,SUPLENTE,MASCULINO,PARDA,SUPERIOR COMPLETO,-4,EMPRESÁRIO,DC
BA,Salvador,VEREADOR,SUPLENTE,MASCULINO,PRETA,SUPERIOR COMPLETO,-4,OUTROS,DC
BA,Salvador,VEREADOR,ELEITO POR QP,MASCULINO,BRANCA,SUPERIOR COMPLETO,-4,VEREADOR,DC
BA,Salvador,VEREADOR,SUPLENTE,MASCULINO,PARDA,ENSINO MÉDIO COMPLETO,-4,EMPRESÁRIO,DC
BA,Salvador,VEREADOR,SUPLENTE,FEMININO,PRETA,ENSINO MÉDIO COMPLETO,-4,OUTROS,DC
BA,Salvador,VEREADOR,SUPLENTE,MASCULINO,PARDA,SUPERIOR INCOMPLETO,-4,OUTROS,PSB
BA,Salvador,VEREADOR,ELEITO POR QP,MASCULINO,PRETA,SUPERIOR COMPLETO,-4,VEREADOR,PSB
BA,Salvador,VEREADOR,SUPLENTE,FEMININO,PRETA,ENSINO MÉDIO COMPLETO,-4,COMERCIÁRIO,PSB
BA,Salvador,VEREADOR,SUPLENTE,MASCULINO,PARDA,ENSINO MÉDIO INCOMPLETO,-4,EMPRESÁRIO,PSB
BA,Salvador,VEREADOR,SUPLENTE,FEMININO,PRETA,SUPERIOR INCOMPLETO,-4,SECURITÁRIO,PSB
BA,Salvador,VEREADOR,SUPLENTE,FEMININO,PRETA,SUPERIOR COMPLETO,-4,APOSENTADO (EXCETO SERVIDOR PÚBLICO),PSB
BA,Salvador,VEREADOR,SUPLENTE,MASCULINO,PARDA,ENSINO MÉDIO COMPLETO,-4,MÚSICO,PSB
BA,Salvador,VEREADOR,SUPLENTE,MASCULINO,BRANCA,SUPERIOR COMPLETO,-4,ELETRICISTA E ASSEMELHADOS,PSOL
BA,Salvador,VEREADOR,SUPLENTE,MASCULINO,PRETA,SUPERIOR COMPLETO,-4,PROFESSOR E INSTRUTOR DE FORMAÇÃO PROFISSIONAL,PSOL
BA,Salvador,VEREADOR,SUPLENTE,MASCULINO,BRANCA,ENSINO FUNDAMENTAL COMPLETO,-4,MOTORISTA PARTICULAR,PSOL
BA,Salvador,VEREADOR,SUPLENTE,MASCULINO,BRANCA,ENSINO MÉDIO COMPLETO,-4,AGENTE DE SAÚDE E SANITARISTA,REDE
BA,Salvador,VEREADOR,SUPLENTE,FEMININO,PARDA,SUPERIOR COMPLETO,-4,DONA DE CASA,PSOL
BA,Salvador,VEREADOR,SUPLENTE,MASCULINO,BRANCA,SUPERIOR INCOMPLETO,-4,EMPRESÁRIO,PL
BA,Salvador,VEREADOR,SUPLENTE,FEMININO,PARDA,SUPERIOR INCOMPLETO,-4,OUTROS,PL
BA,Salvador,VEREADOR,SUPLENTE,FEMININO,PARDA,SUPERIOR COMPLETO,-4,COMERCIANTE,PL
BA,Salvador,VEREADOR,SUPLENTE,MASCULINO,BRANCA,ENSINO MÉDIO COMPLETO,-4,MILITAR REFORMADO,PL
BA,Salvador,VEREADOR,SUPLENTE,MASCULINO,PARDA,SUPERIOR COMPLETO,-4,OUTROS,PL
BA,Salvador,VEREADOR,SUPLENTE,MASCULINO,PARDA,SUPERIOR COMPLETO,-4,MOTORISTA PARTICULAR,PL
BA,Salvador,VEREADOR,SUPLENTE,MASCULINO,PARDA,ENSINO FUNDAMENTAL COMPLETO,-4,PROFESSOR E INSTRUTOR DE FORMAÇÃO PROFISSIONAL,PSD
BA,Salvador,VEREADOR,SUPLENTE,FEMININO,PRETA,SUPERIOR COMPLETO,-4,MASSAGISTA,PSD
BA,Salvador,VEREADOR,SUPLENTE,FEMININO,PRETA,ENSINO MÉDIO INCOMPLETO,-4,OUTROS,PSD
BA,Salvador,VEREADOR,SUPLENTE,MASCULINO,PRETA,SUPERIOR INCOMPLETO,-4,EMPRESÁRIO,PSD
BA,Salvador,VEREADOR,SUPLENTE,FEMININO,PRETA,ENSINO MÉDIO COMPLETO,-4,OUTROS,PSD
BA,Salvador,VEREADOR,SUPLENTE,MASCULINO,BRANCA,SUPERIOR COMPLETO,-4,ADMINISTRADOR,PSD
BA,Salvador,VEREADOR,NÃO ELEITO,MASCULINO,BRANCA,SUPERIOR COMPLETO,-4,SERVIDOR PÚBLICO FEDERAL,NOVO
BA,Salvador,VEREADOR,NÃO ELEITO,FEMININO,PARDA,SUPERIOR INCOMPLETO,-4,PEDAGOGO,NOVO
BA,Salvador,VEREADOR,NÃO ELEITO,MASCULINO,BRANCA,ENSINO MÉDIO COMPLETO,-4,MOTORISTA DE VEÍCULOS DE TRANSPORTE COLETIVO DE PASSAGEIROS,NOVO
BA,Salvador,VEREADOR,NÃO ELEITO,FEMININO,BRANCA,SUPERIOR COMPLETO,-4,PSICÓLOGO,NOVO
BA,Salvador,VEREADOR,NÃO ELEITO,MASCULINO,PARDA,SUPERIOR COMPLETO,-4,AGENTE ADMINISTRATIVO,NOVO
BA,Salvador,VEREADOR,SUPLENTE,FEMININO,PRETA,SUPERIOR COMPLETO,-4,OUTROS,REPUBLICANOS
BA,Salvador,VEREADOR,SUPLENTE,MASCULINO,PRETA,SUPERIOR COMPLETO,-4,COMERCIANTE,REPUBLICANOS
BA,Salvador,VEREADOR,SUPLENTE,FEMININO,PARDA,SUPERIOR INCOMPLETO,-4,EMPRESÁRIO,REPUBLICANOS
BA,Salvador,VEREADOR,SUPLENTE,FEMININO,PARDA,SUPERIOR INCOMPLETO,-4,OUTROS,REPUBLICANOS
BA,Salvador,VEREADOR,NÃO ELEITO,MASCULINO,PRETA,SUPERIOR COMPLETO,-4,REPRESENTANTE COMERCIAL,AVANTE
BA,Salvador,VEREADOR,NÃO ELEITO,FEMININO,PARDA,ENSINO FUNDAMENTAL INCOMPLETO,-4,AUXILIAR DE ESCRITÓRIO E ASSEMELHADOS,AVANTE
BA,Salvador,VEREADOR,NÃO ELEITO,MASCULINO,PARDA,SUPERIOR COMPLETO,-4,PROFESSOR DE ENSINO MÉDIO,AVANTE
BA,Salvador,VEREADOR,NÃO ELEITO,FEMININO,PRETA,SUPERIOR INCOMPLETO,-4,OUTROS,PMB
BA,Salvador,VEREADOR,NÃO ELEITO,MASCULINO,PARDA,SUPERIOR INCOMPLETO,-4,MÚSICO,PMB
BA,Salvador,VEREADOR,NÃO ELEITO,MASCULINO,PARDA,ENSINO FUNDAMENTAL COMPLETO,-4,OUTROS,PMB
BA,Salvador,VEREADOR,NÃO ELEITO,MASCULINO,BRANCA,SUPERIOR INCOMPLETO,-4,"ESTUDANTE, BOLSISTA, ESTAGIÁRIO E ASSEMELHADOS",PCB
BA,Salvador,VEREADOR,SUPLENTE,MASCULINO,BRANCA,SUPERIOR COMPLETO,-4,ADMINISTRADOR,PODE
BA,Salvador,VEREADOR,ELEITO POR MÉDIA,MASCULINO,BRANCA,SUPERIOR COMPLETO,-4,ADVOGADO,PODE
BA,Salvador,VEREADOR,SUPLENTE,MASCULINO,PRETA,SUPERIOR COMPLETO,-4,ADVOGADO,PODE
BA,Salvador,VEREADOR,SUPLENTE,MASCULINO,PRETA,SUPERIOR COMPLETO,-4,ENFERMEIRO,PODE
BA,Salvador,VEREADOR,NÃO ELEITO,MASCULINO,PARDA,ENSINO MÉDIO COMPLETO,-4,TÉCNICO DE ENFERMAGEM E ASSEMELHADOS (EXCETO ENFERMEIRO),MOBILIZA
BA,Salvador,VEREADOR,SUPLENTE,MASCULINO,PRETA,ENSINO MÉDIO COMPLETO,-4,OUTROS,PSDB
BA,Salvador,VEREADOR,SUPLENTE,MASCULINO,BRANCA,ENSINO MÉDIO COMPLETO,-4,OUTROS,PSDB
BA,Salvador,VEREADOR,SUPLENTE,FEMININO,PARDA,ENSINO MÉDIO COMPLETO,-4,COMERCIANTE,CIDADANIA
BA,Salvador,VEREADOR,SUPLENTE,MASCULINO,BRANCA,SUPERIOR COMPLETO,-4,OUTROS,PSDB
BA,Salvador,VEREADOR,SUPLENTE,MASCULINO,PARDA,ENSINO FUNDAMENTAL COMPLETO,-4,OUTROS,CIDADANIA
BA,Salvador,VEREADOR,SUPLENTE,MASCULINO,PRETA,SUPERIOR COMPLETO,-4,ADMINISTRADOR,PSDB
BA,Salvador,VEREADOR,SUPLENTE,FEMININO,PARDA,SUPERIOR COMPLETO,-4,PROFESSOR DE ENSINO FUNDAMENTAL,PSDB
BA,Salvador,VICE-PREFEITO,NÃO ELEITO,MASCULINO,PRETA,ENSINO MÉDIO COMPLETO,-4,APOSENTADO (EXCETO SERVIDOR PÚBLICO),PSTU
BA,Salvador,VEREADOR,#NULO,MASCULINO,PRETA,ENSINO MÉDIO COMPLETO,-4,OUTROS,SOLIDARIEDADE
BA,Salvador,VEREADOR,#NULO,FEMININO,PRETA,SUPERIOR COMPLETO,-4,SACERDOTE OU MEMBRO DE ORDEM OU SEITA RELIGIOSA,PP
BA,Salvador,VEREADOR,#NULO,MASCULINO,PARDA,SUPERIOR COMPLETO,-4,EMPRESÁRIO,NOVO
BA,Salvador,VEREADOR,#NULO,MASCULINO,PRETA,ENSINO FUNDAMENTAL INCOMPLETO,-4,VENDEDOR DE COMÉRCIO VAREJISTA E ATACADISTA,NOVO
BA,Salvador,VEREADOR,NÃO ELEITO,FEMININO,BRANCA,SUPERIOR COMPLETO,-4,ADVOGADO,SOLIDARIEDADE
BA,Salvador,VEREADOR,NÃO ELEITO,FEMININO,PRETA,SUPERIOR INCOMPLETO,-4,DONA DE CASA,SOLIDARIEDADE
BA,Salvador,VEREADOR,NÃO ELEITO,MASCULINO,PRETA,SUPERIOR INCOMPLETO,-4,COMERCIANTE,SOLIDARIEDADE
BA,Salvador,VEREADOR,NÃO ELEITO,MASCULINO,PRETA,ENSINO MÉDIO COMPLETO,-4,APOSENTADO (EXCETO SERVIDOR PÚBLICO),SOLIDARIEDADE
BA,Salvador,VEREADOR,SUPLENTE,MASCULINO,PARDA,ENSINO MÉDIO COMPLETO,-4,OUTROS,PRD
BA,Salvador,VEREADOR,SUPLENTE,FEMININO,PRETA,ENSINO MÉDIO COMPLETO,-4,OUTROS,PRD
BA,Salvador,VEREADOR,SUPLENTE,MASCULINO,PARDA,SUPERIOR COMPLETO,-4,ADVOGADO,UNIÃO
BA,Salvador,VEREADOR,SUPLENTE,FEMININO,PRETA,ENSINO FUNDAMENTAL INCOMPLETO,-4,APOSENTADO (EXCETO SERVIDOR PÚBLICO),UNIÃO
BA,Salvador,VEREADOR,ELEITO POR QP,MASCULINO,BRANCA,SUPERIOR COMPLETO,-4,VEREADOR,UNIÃO
BA,Salvador,VEREADOR,SUPLENTE,MASCULINO,PRETA,SUPERIOR COMPLETO,-4,POLICIAL CIVIL,UNIÃO
BA,Salvador,VEREADOR,ELEITO POR QP,MASCULINO,BRANCA,SUPERIOR COMPLETO,-4,ADMINISTRADOR,UNIÃO
BA,Salvador,VEREADOR,SUPLENTE,MASCULINO,PRETA,ENSINO MÉDIO INCOMPLETO,-4,OUTROS,UNIÃO
BA,Salvador,VEREADOR,SUPLENTE,MASCULINO,PARDA,SUPERIOR COMPLETO,-4,ENFERMEIRO,PDT
BA,Salvador,VEREADOR,SUPLENTE,MASCULINO,PARDA,ENSINO MÉDIO COMPLETO,-4,OUTROS,PDT
BA,Salvador,VEREADOR,SUPLENTE,MASCULINO,PRETA,ENSINO MÉDIO COMPLETO,-4,EMPRESÁRIO,MDB
BA,Salvador,VEREADOR,SUPLENTE,FEMININO,PARDA,SUPERIOR INCOMPLETO,-4,DONA DE CASA,MDB
BA,Salvador,VEREADOR,SUPLENTE,FEMININO,PRETA,SUPERIOR COMPLETO,-4,APOSENTADO (EXCETO SERVIDOR PÚBLICO),MDB
BA,Salvador,VEREADOR,SUPLENTE,MASCULINO,PARDA,ENSINO MÉDIO COMPLETO,-4,OUTROS,MDB
BA,Salvador,VEREADOR,NÃO ELEITO,FEMININO,PARDA,ENSINO MÉDIO COMPLETO,-4,DONA DE CASA,PRTB
BA,Salvador,VEREADOR,SUPLENTE,FEMININO,PRETA,SUPERIOR COMPLETO,-4,CONTADOR,PV
BA,Salvador,VEREADOR,SUPLENTE,MASCULINO,PARDA,SUPERIOR INCOMPLETO,-4,ATOR E DIRETOR DE ESPETÁCULOS PÚBLICOS,PT
BA,Salvador,VEREADOR,SUPLENTE,MASCULINO,PRETA,SUPERIOR COMPLETO,-4,VEREADOR,PT
BA,Salvador,VEREADOR,SUPLENTE,FEMININO,PARDA,SUPERIOR COMPLETO,-4,PROFESSOR DE ENSINO SUPERIOR,PT
BA,Salvador,VEREADOR,SUPLENTE,MASCULINO,PRETA,SUPERIOR INCOMPLETO,-4,ARTESÃO,PC do B
BA,Salvador,VEREADOR,SUPLENTE,FEMININO,PARDA,SUPERIOR COMPLETO,-4,AGENTE DE SAÚDE E SANITARISTA,PC do B
BA,Salvador,VEREADOR,SUPLENTE,MASCULINO,PARDA,SUPERIOR INCOMPLETO,-4,OUTROS,PP
BA,Salvador,VEREADOR,ELEITO POR QP,MASCULINO,PRETA,ENSINO MÉDIO COMPLETO,-4,OUTROS,PP
BA,Salvador,VEREADOR,SUPLENTE,MASCULINO,PARDA,SUPERIOR INCOMPLETO,-4,POLICIAL CIVIL,PP
BA,Salvador,VEREADOR,ELEITO POR MÉDIA,MASCULINO,PARDA,SUPERIOR COMPLETO,-4,VEREADOR,PP
BA,Salvador,VEREADOR,SUPLENTE,MASCULINO,PRETA,ENSINO MÉDIO COMPLETO,-4,APOSENTADO (EXCETO SERVIDOR PÚBLICO),PP
BA,Salvador,VEREADOR,SUPLENTE,MASCULINO,PARDA,SUPERIOR COMPLETO,-4,ENGENHEIRO,PP
BA,Salvador,VEREADOR,SUPLENTE,MASCULINO,PRETA,ENSINO MÉDIO INCOMPLETO,-4,EMPRESÁRIO,DC
BA,Salvador,VEREADOR,SUPLENTE,FEMININO,PARDA,SUPERIOR INCOMPLETO,-4,OUTROS,DC
BA,Salvador,VEREADOR,SUPLENTE,FEMININO,PRETA,SUPERIOR INCOMPLETO,-4,OUTROS,DC
BA,Salvador,VEREADOR,SUPLENTE,MASCULINO,PRETA,SUPERIOR COMPLETO,-4,ADVOGADO,DC
BA,Salvador,VEREADOR,SUPLENTE,MASCULINO,PRETA,SUPERIOR COMPLETO,-4,MOTORISTA PARTICULAR,PSB
BA,Salvador,VEREADOR,SUPLENTE,MASCULINO,PRETA,SUPERIOR INCOMPLETO,-4,EMPRESÁRIO,PSB
BA,Salvador,VEREADOR,SUPLENTE,MASCULINO,PRETA,SUPERIOR COMPLETO,-4,APOSENTADO (EXCETO SERVIDOR PÚBLICO),PSB
BA,Salvador,VEREADOR,SUPLENTE,MASCULINO,PARDA,ENSINO MÉDIO COMPLETO,-4,TÉCNICO DE ENFERMAGEM E ASSEMELHADOS (EXCETO ENFERMEIRO),PSB
BA,Salvador,VEREADOR,SUPLENTE,MASCULINO,PRETA,ENSINO MÉDIO COMPLETO,-4,OUTROS,PSOL
BA,Salvador,VEREADOR,ELEITO POR MÉDIA,MASCULINO,PRETA,SUPERIOR COMPLETO,-4,PEDAGOGO,PSOL
BA,Salvador,VEREADOR,SUPLENTE,FEMININO,PRETA,SUPERIOR COMPLETO,-4,ADVOGADO,PSOL
BA,Salvador,VEREADOR,SUPLENTE,MASCULINO,PARDA,SUPERIOR COMPLETO,-4,PROFESSOR DE ENSINO MÉDIO,REDE
BA,Salvador,VEREADOR,SUPLENTE,FEMININO,PRETA,SUPERIOR COMPLETO,-4,EMPRESÁRIO,PSOL
BA,Salvador,VEREADOR,SUPLENTE,MASCULINO,BRANCA,SUPERIOR COMPLETO,-4,ADVOGADO,PSOL
BA,Salvador,VEREADOR,SUPLENTE,FEMININO,PARDA,SUPERIOR INCOMPLETO,-4,OUTROS,PSOL
BA,Salvador,VEREADOR,SUPLENTE,MASCULINO,PRETA,ENSINO FUNDAMENTAL COMPLETO,-4,OUTROS,PSOL
BA,Salvador,VEREADOR,SUPLENTE,MASCULINO,PARDA,ENSINO FUNDAMENTAL INCOMPLETO,-4,MOTOBOY,PSOL
BA,Salvador,VEREADOR,SUPLENTE,MASCULINO,PRETA,ENSINO MÉDIO COMPLETO,-4,"VENDEDOR PRACISTA, REPRESENTANTE, CAIXEIRO-VIAJANTE E ASSEMELHADOS",REDE
BA,Salvador,VEREADOR,SUPLENTE,MASCULINO,BRANCA,SUPERIOR COMPLETO,-4,OUTROS,PL
BA,Salvador,VEREADOR,SUPLENTE,MASCULINO,PARDA,SUPERIOR INCOMPLETO,-4,APOSENTADO (EXCETO SERVIDOR PÚBLICO),PL
BA,Salvador,VEREADOR,SUPLENTE,MASCULINO,PRETA,SUPERIOR INCOMPLETO,-4,EMPRESÁRIO,PL
BA,Salvador,VEREADOR,SUPLENTE,MASCULINO,PARDA,SUPERIOR INCOMPLETO,-4,SERVIDOR PÚBLICO ESTADUAL,PL
BA,Salvador,VEREADOR,SUPLENTE,FEMININO,BRANCA,SUPERIOR COMPLETO,-4,MÉDICO,PSD
BA,Salvador,VEREADOR,SUPLENTE,MASCULINO,BRANCA,SUPERIOR COMPLETO,-4,TÉCNICO DE MECÂNICA,PSD
BA,Salvador,VEREADOR,SUPLENTE,MASCULINO,PRETA,ENSINO MÉDIO COMPLETO,-4,EMPRESÁRIO,PSD
BA,Salvador,VEREADOR,SUPLENTE,MASCULINO,PRETA,ENSINO MÉDIO INCOMPLETO,-4,EMPRESÁRIO,PSD
BA,Salvador,VEREADOR,SUPLENTE,MASCULINO,PARDA,ENSINO MÉDIO COMPLETO,-4,MILITAR REFORMADO,PSD
BA,Salvador,VEREADOR,SUPLENTE,MASCULINO,PRETA,ENSINO FUNDAMENTAL INCOMPLETO,-4,OUTROS,PSD
BA,Salvador,VEREADOR,SUPLENTE,FEMININO,PRETA,ENSINO FUNDAMENTAL COMPLETO,-4,OUTROS,PSD
BA,Salvador,VEREADOR,SUPLENTE,FEMININO,BRANCA,SUPERIOR COMPLETO,-4,EMPRESÁRIO,PSD
BA,Salvador,VEREADOR,SUPLENTE,FEMININO,BRANCA,ENSINO MÉDIO COMPLETO,-4,EMPRESÁRIO,PSD
BA,Salvador,VEREADOR,SUPLENTE,MASCULINO,PARDA,SUPERIOR INCOMPLETO,-4,"SECRETÁRIO,ESTENÓGRAFO,DATILÓGRAFO,RECEPCIONISTA,TELEFONISTA,TAQUÍGRAF",PSD
BA,Salvador,VEREADOR,NÃO ELEITO,MASCULINO,INDÍGENA,ENSINO MÉDIO INCOMPLETO,-4,VENDEDOR DE COMÉRCIO VAREJISTA E ATACADISTA,NOVO
BA,Salvador,VEREADOR,NÃO ELEITO,MASCULINO,BRANCA,SUPERIOR COMPLETO,-4,COMERCIANTE,NOVO
BA,Salvador,VEREADOR,NÃO ELEITO,FEMININO,PRETA,SUPERIOR INCOMPLETO,-4,ADMINISTRADOR,NOVO
BA,Salvador,VEREADOR,NÃO ELEITO,MASCULINO,PARDA,SUPERIOR COMPLETO,-4,BANCÁRIO E ECONOMIÁRIO,NOVO
BA,Salvador,VEREADOR,NÃO ELEITO,FEMININO,PARDA,SUPERIOR COMPLETO,-4,PSICÓLOGO,NOVO
BA,Salvador,VEREADOR,NÃO ELEITO,FEMININO,BRANCA,SUPERIOR COMPLETO,-4,QUÍMICO,NOVO
BA,Salvador,VEREADOR,NÃO ELEITO,FEMININO,BRANCA,SUPERIOR INCOMPLETO,-4,OUTROS,NOVO
BA,Salvador,VEREADOR,SUPLENTE,MASCULINO,PARDA,ENSINO FUNDAMENTAL COMPLETO,-4,OUTROS,REPUBLICANOS
BA,Salvador,VEREADOR,SUPLENTE,MASCULINO,BRANCA,SUPERIOR COMPLETO,-4,SERVIDOR PÚBLICO MUNICIPAL,REPUBLICANOS
BA,Salvador,VEREADOR,NÃO ELEITO,MASCULINO,PRETA,ENSINO FUNDAMENTAL COMPLETO,-4,"FEIRANTE, AMBULANTE E MASCATE",AVANTE
BA,Salvador,VEREADOR,NÃO ELEITO,FEMININO,PRETA,SUPERIOR COMPLETO,-4,POLICIAL MILITAR,AVANTE
BA,Salvador,VEREADOR,NÃO ELEITO,MASCULINO,PARDA,ENSINO MÉDIO COMPLETO,-4,OUTROS,AVANTE
BA,Salvador,VEREADOR,NÃO ELEITO,MASCULINO,PRETA,ENSINO MÉDIO COMPLETO,-4,COMERCIANTE,PMB
BA,Salvador,VEREADOR,NÃO ELEITO,MASCULINO,PARDA,SUPERIOR COMPLETO,-4,OUTROS,PMB
BA,Salvador,VEREADOR,NÃO ELEITO,MASCULINO,PRETA,ENSINO FUNDAMENTAL COMPLETO,-4,OUTROS,PMB
BA,Salvador,VEREADOR,NÃO ELEITO,MASCULINO,BRANCA,ENSINO FUNDAMENTAL COMPLETO,-4,VEREADOR,PMB
BA,Salvador,VEREADOR,SUPLENTE,FEMININO,PRETA,SUPERIOR COMPLETO,-4,PEDAGOGO,PODE
BA,Salvador,VEREADOR,SUPLENTE,MASCULINO,PRETA,ENSINO MÉDIO COMPLETO,-4,OUTROS,PODE
BA,Salvador,VEREADOR,SUPLENTE,MASCULINO,BRANCA,SUPERIOR COMPLETO,-4,PUBLICITÁRIO,PODE
BA,Salvador,VEREADOR,SUPLENTE,FEMININO,PRETA,SUPERIOR INCOMPLETO,-4,OUTROS,PODE
BA,Salvador,VEREADOR,SUPLENTE,FEMININO,PRETA,SUPERIOR COMPLETO,-4,ADVOGADO,PODE
BA,Salvador,VEREADOR,NÃO ELEITO,MASCULINO,PARDA,ENSINO MÉDIO COMPLETO,-4,"VENDEDOR PRACISTA, REPRESENTANTE, CAIXEIRO-VIAJANTE E ASSEMELHADOS",MOBILIZA
BA,Salvador,VEREADOR,SUPLENTE,FEMININO,PRETA,SUPERIOR COMPLETO,-4,OUTROS,PSDB
BA,Salvador,VEREADOR,ELEITO POR MÉDIA,MASCULINO,BRANCA,SUPERIOR COMPLETO,-4,OUTROS,PSDB
BA,Salvador,VEREADOR,SUPLENTE,MASCULINO,PARDA,SUPERIOR COMPLETO,-4,MÉDICO,PSDB
BA,Salvador,VEREADOR,ELEITO POR QP,FEMININO,PARDA,SUPERIOR INCOMPLETO,-4,GERENTE,CIDADANIA
BA,Salvador,VICE-PREFEITO,ELEITO,FEMININO,PARDA,SUPERIOR COMPLETO,-4,ADVOGADO,PDT
BA,Salvador,VICE-PREFEITO,NÃO ELEITO,FEMININO,PRETA,ENSINO MÉDIO COMPLETO,-4,"ESTUDANTE, BOLSISTA, ESTAGIÁRIO E ASSEMELHADOS",UP
BA,Salvador,VEREADOR,NÃO ELEITO,FEMININO,PARDA,SUPERIOR COMPLETO,-4,COMERCIANTE,PSB
BA,Salvador,VEREADOR,NÃO ELEITO,MASCULINO,PARDA,SUPERIOR COMPLETO,-4,ADVOGADO,PRTB
BA,Salvador,VEREADOR,#NULO,MASCULINO,PARDA,ENSINO MÉDIO COMPLETO,-4,PROFESSOR E INSTRUTOR DE FORMAÇÃO PROFISSIONAL,PRTB
BA,Salvador,VEREADOR,#NULO,MASCULINO,PRETA,SUPERIOR COMPLETO,-4,OUTROS,PV
BA,Salvador,VEREADOR,#NULO,MASCULINO,PARDA,ENSINO MÉDIO COMPLETO,-4,OUTROS,PP
BA,Salvador,VEREADOR,#NULO,MASCULINO,PRETA,SUPERIOR INCOMPLETO,-4,POLICIAL MILITAR,NOVO
BA,Salvador,VEREADOR,NÃO ELEITO,MASCULINO,PARDA,SUPERIOR COMPLETO,-4,"CORRETOR DE IMÓVEIS, SEGUROS, TÍTULOS E VALORES",SOLIDARIEDADE
BA,Salvador,VEREADOR,NÃO ELEITO,MASCULINO,PARDA,ENSINO MÉDIO COMPLETO,-4,SERVIDOR PÚBLICO ESTADUAL,SOLIDARIEDADE
BA,Salvador,VEREADOR,NÃO ELEITO,MASCULINO,BRANCA,SUPERIOR INCOMPLETO,-4,MECÂNICO DE MANUTENÇÃO,SOLIDARIEDADE
BA,Salvador,VEREADOR,NÃO ELEITO,FEMININO,PRETA,SUPERIOR COMPLETO,-4,OUTROS,SOLIDARIEDADE
BA,Salvador,VEREADOR,NÃO ELEITO,FEMININO,PRETA,ENSINO MÉDIO COMPLETO,-4,AGENTE DE SAÚDE E SANITARISTA,SOLIDARIEDADE
BA,Salvador,VEREADOR,SUPLENTE,FEMININO,PARDA,SUPERIOR COMPLETO,-4,AGENTE ADMINISTRATIVO,PRD
BA,Salvador,VEREADOR,SUPLENTE,MASCULINO,PARDA,SUPERIOR COMPLETO,-4,JORNALISTA E REDATOR,PRD
BA,Salvador,VEREADOR,SUPLENTE,MASCULINO,PRETA,ENSINO MÉDIO COMPLETO,-4,"CORRETOR DE IMÓVEIS, SEGUROS, TÍTULOS E VALORES",PRD
BA,Salvador,VEREADOR,SUPLENTE,FEMININO,PARDA,SUPERIOR COMPLETO,-4,OUTROS,PRD
BA,Salvador,VEREADOR,SUPLENTE,MASCULINO,PARDA,ENSINO FUNDAMENTAL INCOMPLETO,-4,MOTORISTA PARTICULAR,UNIÃO
BA,Salvador,VEREADOR,SUPLENTE,MASCULINO,BRANCA,ENSINO FUNDAMENTAL COMPLETO,-4,COBRADOR DE TRANSPORTE COLETIVO,UNIÃO
BA,Salvador,VEREADOR,SUPLENTE,FEMININO,BRANCA,SUPERIOR COMPLETO,-4,AGENTE ADMINISTRATIVO,UNIÃO
BA,Salvador,VEREADOR,SUPLENTE,MASCULINO,BRANCA,SUPERIOR COMPLETO,-4,EMPRESÁRIO,UNIÃO
BA,Salvador,VEREADOR,SUPLENTE,FEMININO,PARDA,SUPERIOR INCOMPLETO,-4,AGENTE ADMINISTRATIVO,UNIÃO
BA,Salvador,VEREADOR,SUPLENTE,FEMININO,BRANCA,SUPERIOR COMPLETO,-4,PROFESSOR DE ENSINO FUNDAMENTAL,UNIÃO
BA,Salvador,VEREADOR,SUPLENTE,MASCULINO,PARDA,ENSINO MÉDIO COMPLETO,-4,OUTROS,UNIÃO
BA,Salvador,VEREADOR,ELEITO POR QP,MASCULINO,PARDA,SUPERIOR COMPLETO,-4,VEREADOR,PDT
BA,Salvador,VEREADOR,ELEITO POR QP,MASCULINO,BRANCA,SUPERIOR COMPLETO,-4,ADMINISTRADOR,PDT
BA,Salvador,VEREADOR,SUPLENTE,MASCULINO,PRETA,ENSINO MÉDIO COMPLETO,-4,"TÉCNICO CONTABILIDADE, ESTATÍSTICA, ECONOMIA DOMÉSTICA E ADMINISTRAÇÃO",PDT
BA,Salvador,VEREADOR,ELEITO POR QP,FEMININO,BRANCA,SUPERIOR COMPLETO,-4,ADMINISTRADOR,PDT
BA,Salvador,VEREADOR,SUPLENTE,MASCULINO,PRETA,SUPERIOR COMPLETO,-4,ADVOGADO,PDT
BA,Salvador,VEREADOR,SUPLENTE,MASCULINO,PRETA,SUPERIOR INCOMPLETO,-4,MOTORISTA PARTICULAR,MDB
BA,Salvador,VEREADOR,SUPLENTE,FEMININO,BRANCA,SUPERIOR COMPLETO,-4,ADMINISTRADOR,MDB
BA,Salvador,VEREADOR,SUPLENTE,FEMININO,PRETA,ENSINO MÉDIO INCOMPLETO,-4,APOSENTADO (EXCETO SERVIDOR PÚBLICO),MDB
BA,Salvador,VEREADOR,SUPLENTE,MASCULINO,BRANCA,SUPERIOR COMPLETO,-4,SERVIDOR PÚBLICO ESTADUAL,MDB
BA,Salvador,VEREADOR,NÃO ELEITO,MASCULINO,PARDA,ENSINO MÉDIO COMPLETO,-4,LOCUTOR E COMENTARISTA DE RÁDIO E TELEVISÃO E RADIALISTA,PRTB
BA,Salvador,VEREADOR,NÃO ELEITO,MASCULINO,PARDA,ENSINO MÉDIO COMPLETO,-4,TÉCNICO DE MECÂNICA,PRTB
BA,Salvador,VEREADOR,NÃO ELEITO,MASCULINO,PRETA,ENSINO FUNDAMENTAL COMPLETO,-4,OUTROS,PRTB
BA,Salvador,VEREADOR,SUPLENTE,MASCULINO,PARDA,ENSINO MÉDIO COMPLETO,-4,MOTORISTA PARTICULAR,PC do B
BA,Salvador,VEREADOR,SUPLENTE,FEMININO,PRETA,SUPERIOR COMPLETO,-4,AUXILIAR DE ESCRITÓRIO E ASSEMELHADOS,PC do B
BA,Salvador,VEREADOR,SUPLENTE,FEMININO,PRETA,SUPERIOR COMPLETO,-4,ADVOGADO,PV
BA,Salvador,VEREADOR,SUPLENTE,MASCULINO,PRETA,SUPERIOR COMPLETO,-4,SERVIDOR PÚBLICO MUNICIPAL,PV
BA,Salvador,VEREADOR,SUPLENTE,MASCULINO,BRANCA,SUPERIOR COMPLETO,-4,ADVOGADO,PT
BA,Salvador,VEREADOR,SUPLENTE,FEMININO,PRETA,ENSINO MÉDIO COMPLETO,-4,SERVIDOR PÚBLICO MUNICIPAL,PT
BA,Salvador,VEREADOR,SUPLENTE,FEMININO,PARDA,ENSINO MÉDIO INCOMPLETO,-4,CABELEIREIRO E BARBEIRO,PP
BA,Salvador,VEREADOR,SUPLENTE,MASCULINO,PRETA,SUPERIOR COMPLETO,-4,ADVOGADO,PP
BA,Salvador,VEREADOR,SUPLENTE,FEMININO,BRANCA,SUPERIOR INCOMPLETO,-4,OUTROS,PP
BA,Salvador,VEREADOR,SUPLENTE,MASCULINO,PARDA,ENSINO MÉDIO INCOMPLETO,-4,"VENDEDOR PRACISTA, REPRESENTANTE, CAIXEIRO-VIAJANTE E ASSEMELHADOS",PP
BA,Salvador,VEREADOR,SUPLENTE,MASCULINO,PARDA,ENSINO MÉDIO COMPLETO,-4,APOSENTADO (EXCETO SERVIDOR PÚBLICO),PP
BA,Salvador,VEREADOR,ELEITO POR QP,MASCULINO,PARDA,ENSINO MÉDIO COMPLETO,-4,VEREADOR,PP
BA,Salvador,VEREADOR,SUPLENTE,MASCULINO,PARDA,ENSINO MÉDIO COMPLETO,-4,VEREADOR,PP
BA,Salvador,VEREADOR,SUPLENTE,MASCULINO,PARDA,ENSINO MÉDIO COMPLETO,-4,POLICIAL MILITAR,PP
BA,Salvador,VEREADOR,SUPLENTE,FEMININO,PRETA,SUPERIOR INCOMPLETO,-4,OUTROS,PP
BA,Salvador,VEREADOR,SUPLENTE,FEMININO,PARDA,SUPERIOR INCOMPLETO,-4,EMPRESÁRIO,DC
BA,Salvador,VEREADOR,SUPLENTE,FEMININO,PRETA,ENSINO MÉDIO INCOMPLETO,-4,CABELEIREIRO E BARBEIRO,DC
BA,Salvador,VEREADOR,SUPLENTE,MASCULINO,PARDA,ENSINO MÉDIO COMPLETO,-4,OUTROS,DC
BA,Salvador,VEREADOR,SUPLENTE,MASCULINO,PRETA,ENSINO MÉDIO COMPLETO,-4,OUTROS,PSB
BA,Salvador,VEREADOR,SUPLENTE,FEMININO,PRETA,SUPERIOR INCOMPLETO,-4,SERVIDOR PÚBLICO MUNICIPAL,PSB
BA,Salvador,VEREADOR,SUPLENTE,MASCULINO,PRETA,ENSINO MÉDIO COMPLETO,-4,"TÉCNICO DE ELETRICIDADE, ELETRÔNICA E TELECOMUNICAÇÕES",PSB
BA,Salvador,VEREADOR,SUPLENTE,MASCULINO,BRANCA,ENSINO MÉDIO COMPLETO,-4,EMPRESÁRIO,PSB
BA,Salvador,VEREADOR,SUPLENTE,FEMININO,PARDA,SUPERIOR COMPLETO,-4,"TÉCNICO CONTABILIDADE, ESTATÍSTICA, ECONOMIA DOMÉSTICA E ADMINISTRAÇÃO",PSB
BA,Salvador,VEREADOR,SUPLENTE,FEMININO,BRANCA,SUPERIOR COMPLETO,-4,ASSISTENTE SOCIAL,PSOL
BA,Salvador,VEREADOR,ELEITO POR QP,FEMININO,PRETA,ENSINO FUNDAMENTAL COMPLETO,-4,PESCADOR,PSOL
BA,Salvador,VEREADOR,SUPLENTE,FEMININO,PRETA,SUPERIOR INCOMPLETO,-4,"ESTUDANTE, BOLSISTA, ESTAGIÁRIO E ASSEMELHADOS",PSOL
BA,Salvador,VEREADOR,SUPLENTE,FEMININO,INDÍGENA,ENSINO FUNDAMENTAL INCOMPLETO,-4,COMERCIANTE,PSOL
BA,Salvador,VEREADOR,NÃO ELEITO,MASCULINO,PRETA,SUPERIOR INCOMPLETO,-4,VIGILANTE,PSTU
BA,Salvador,VEREADOR,SUPLENTE,FEMININO,PARDA,SUPERIOR COMPLETO,-4,ADVOGADO,PL
BA,Salvador,VEREADOR,SUPLENTE,FEMININO,PRETA,SUPERIOR COMPLETO,-4,ADVOGADO,PL
BA,Salvador,VEREADOR,ELEITO POR QP,MASCULINO,PARDA,SUPERIOR COMPLETO,-4,VEREADOR,PL
BA,Salvador,VEREADOR,ELEITO POR QP,MASCULINO,PARDA,SUPERIOR COMPLETO,-4,MÉDICO,PL
BA,Salvador,VEREADOR,SUPLENTE,FEMININO,PARDA,ENSINO MÉDIO COMPLETO,-4,COMERCIANTE,PL
BA,Salvador,VEREADOR,SUPLENTE,MASCULINO,PRETA,ENSINO FUNDAMENTAL COMPLETO,-4,OUTROS,PL
BA,Salvador,VEREADOR,SUPLENTE,FEMININO,PARDA,SUPERIOR COMPLETO,-4,OUTROS,PL
BA,Salvador,VEREADOR,SUPLENTE,FEMININO,PARDA,SUPERIOR INCOMPLETO,-4,RECEPCIONISTA,PSD
BA,Salvador,VEREADOR,SUPLENTE,MASCULINO,PRETA,SUPERIOR COMPLETO,-4,ADMINISTRADOR,PSD
BA,Salvador,VEREADOR,SUPLENTE,FEMININO,PRETA,SUPERIOR COMPLETO,-4,POLICIAL MILITAR,PSD
BA,Salvador,VEREADOR,NÃO ELEITO,MASCULINO,PRETA,SUPERIOR INCOMPLETO,-4,TRABALHADOR DE CONSTRUÇÃO CIVIL,NOVO
BA,Salvador,VEREADOR,NÃO ELEITO,MASCULINO,PRETA,SUPERIOR INCOMPLETO,-4,ATLETA PROFISSIONAL E TÉCNICO EM DESPORTOS,NOVO
BA,Salvador,VEREADOR,NÃO ELEITO,MASCULINO,PRETA,ENSINO MÉDIO COMPLETO,-4,VENDEDOR DE COMÉRCIO VAREJISTA E ATACADISTA,NOVO
BA,Salvador,VEREADOR,NÃO ELEITO,MASCULINO,PRETA,SUPERIOR COMPLETO,-4,"CARPINTEIRO, MARCENEIRO E ASSEMELHADOS",NOVO
BA,Salvador,VEREADOR,NÃO ELEITO,MASCULINO,PRETA,SUPERIOR COMPLETO,-4,ANALISTA DE SISTEMAS,NOVO
BA,Salvador,VEREADOR,SUPLENTE,MASCULINO,BRANCA,SUPERIOR COMPLETO,-4,ADMINISTRADOR,REPUBLICANOS
BA,Salvador,VEREADOR,SUPLENTE,MASCULINO,BRANCA,ENSINO MÉDIO COMPLETO,-4,APOSENTADO (EXCETO SERVIDOR PÚBLICO),REPUBLICANOS
BA,Salvador,VEREADOR,SUPLENTE,MASCULINO,PRETA,SUPERIOR COMPLETO,-4,OUTROS,REPUBLICANOS
BA,Salvador,VEREADOR,SUPLENTE,MASCULINO,BRANCA,SUPERIOR COMPLETO,-4,EMPRESÁRIO,REPUBLICANOS
BA,Salvador,VEREADOR,ELEITO POR MÉDIA,MASCULINO,PRETA,SUPERIOR COMPLETO,-4,OUTROS,REPUBLICANOS
BA,Salvador,VEREADOR,NÃO ELEITO,MASCULINO,PRETA,SUPERIOR COMPLETO,-4,PROFESSOR DE ENSINO MÉDIO,AVANTE
BA,Salvador,VEREADOR,NÃO ELEITO,FEMININO,PARDA,ENSINO MÉDIO COMPLETO,-4,DONA DE CASA,AVANTE
BA,Salvador,VEREADOR,NÃO ELEITO,MASCULINO,PRETA,ENSINO MÉDIO COMPLETO,-4,COMERCIANTE,AVANTE
BA,Salvador,VEREADOR,NÃO ELEITO,MASCULINO,PRETA,SUPERIOR COMPLETO,-4,SERVIDOR PÚBLICO FEDERAL,PMB
BA,Salvador,VEREADOR,NÃO ELEITO,FEMININO,PRETA,ENSINO MÉDIO COMPLETO,-4,AGENTE DE SAÚDE E SANITARISTA,PMB
BA,Salvador,VEREADOR,NÃO ELEITO,FEMININO,BRANCA,SUPERIOR COMPLETO,-4,ARQUITETO,PCB
BA,Salvador,VEREADOR,SUPLENTE,FEMININO,PRETA,ENSINO MÉDIO INCOMPLETO,-4,CABELEIREIRO E BARBEIRO,PODE
BA,Salvador,VEREADOR,SUPLENTE,FEMININO,PARDA,SUPERIOR INCOMPLETO,-4,ESTETICISTA,PODE
BA,Salvador,VEREADOR,SUPLENTE,MASCULINO,PARDA,ENSINO MÉDIO COMPLETO,-4,"CORRETOR DE IMÓVEIS, SEGUROS, TÍTULOS E VALORES",PODE
BA,Salvador,VEREADOR,SUPLENTE,MASCULINO,PRETA,SUPERIOR COMPLETO,-4,EMPRESÁRIO,PODE
BA,Salvador,VEREADOR,SUPLENTE,FEMININO,PRETA,SUPERIOR COMPLETO,-4,ENFERMEIRO,PODE
BA,Salvador,VEREADOR,SUPLENTE,MASCULINO,BRANCA,ENSINO MÉDIO COMPLETO,-4,OPERADOR DE APARELHOS DE PRODUÇÃO INDUSTRIAL,PODE
BA,Salvador,VEREADOR,SUPLENTE,MASCULINO,PRETA,SUPERIOR COMPLETO,-4,PROFESSOR DE ENSINO MÉDIO,PODE
BA,Salvador,VEREADOR,NÃO ELEITO,MASCULINO,PRETA,ENSINO MÉDIO COMPLETO,-4,EMPRESÁRIO,MOBILIZA
BA,Salvador,VEREADOR,NÃO ELEITO,MASCULINO,PARDA,SUPERIOR COMPLETO,-4,SERVIDOR PÚBLICO MUNICIPAL,MOBILIZA
BA,Salvador,VEREADOR,NÃO ELEITO,FEMININO,PARDA,ENSINO MÉDIO COMPLETO,-4,OUTROS,MOBILIZA
BA,Salvador,VEREADOR,SUPLENTE,MASCULINO,PRETA,SUPERIOR COMPLETO,-4,BIÓLOGO,PSDB
BA,Salvador,VEREADOR,SUPLENTE,FEMININO,PARDA,ENSINO MÉDIO COMPLETO,-4,COMERCIANTE,PSDB
BA,Salvador,VEREADOR,SUPLENTE,FEMININO,PRETA,ENSINO MÉDIO COMPLETO,-4,OUTROS,PSDB
BA,Salvador,VEREADOR,SUPLENTE,FEMININO,BRANCA,SUPERIOR COMPLETO,-4,APOSENTADO (EXCETO SERVIDOR PÚBLICO),PSDB
BA,Salvador,VEREADOR,SUPLENTE,FEMININO,PRETA,SUPERIOR COMPLETO,-4,MÉDICO,PSDB
BA,Salvador,VEREADOR,SUPLENTE,FEMININO,PARDA,SUPERIOR INCOMPLETO,-4,ADMINISTRADOR,PSDB
BA,Salvador,VEREADOR,SUPLENTE,MASCULINO,PARDA,SUPERIOR COMPLETO,-4,COBRADOR DE TRANSPORTE COLETIVO,PSDB
BA,Salvador,VEREADOR,SUPLENTE,MASCULINO,PARDA,ENSINO MÉDIO COMPLETO,-4,TAXISTA,PSDB
BA,Salvador,VEREADOR,SUPLENTE,FEMININO,BRANCA,SUPERIOR COMPLETO,-4,OUTROS,PSDB
BA,Salvador,VICE-PREFEITO,NÃO ELEITO,FEMININO,PRETA,SUPERIOR INCOMPLETO,-4,DONA DE CASA,PSOL
BA,Salvador,VICE-PREFEITO,NÃO ELEITO,FEMININO,PRETA,SUPERIOR COMPLETO,-4,PROFESSOR DE ENSINO SUPERIOR,PT
BA,Salvador,VEREADOR,#NULO,MASCULINO,PRETA,ENSINO FUNDAMENTAL COMPLETO,-4,CABELEIREIRO E BARBEIRO,PRTB
BA,Salvador,VEREADOR,#NULO,FEMININO,PRETA,ENSINO MÉDIO COMPLETO,-4,OUTROS,PSOL
BA,Salvador,VEREADOR,#NULO,MASCULINO,PRETA,ENSINO MÉDIO INCOMPLETO,-4,MOTORISTA PARTICULAR,PMB
BA,Salvador,PREFEITO,NÃO ELEITO,MASCULINO,PRETA,SUPERIOR COMPLETO,-4,SERVIDOR PÚBLICO ESTADUAL,PSOL
BA,Salvador,PREFEITO,NÃO ELEITO,MASCULINO,BRANCA,SUPERIOR COMPLETO,-4,"ESTUDANTE, BOLSISTA, ESTAGIÁRIO E ASSEMELHADOS",PSTU
BA,Salvador,PREFEITO,NÃO ELEITO,FEMININO,PRETA,SUPERIOR INCOMPLETO,-4,OUTROS,UP
BA,Salvador,VEREADOR,NÃO ELEITO,MASCULINO,PRETA,ENSINO MÉDIO COMPLETO,-4,POLICIAL MILITAR,SOLIDARIEDADE
BA,Salvador,VEREADOR,NÃO ELEITO,FEMININO,PRETA,SUPERIOR COMPLETO,-4,SERVIDOR PÚBLICO ESTADUAL,SOLIDARIEDADE
BA,Salvador,VEREADOR,NÃO ELEITO,FEMININO,BRANCA,SUPERIOR COMPLETO,-4,ENFERMEIRO,SOLIDARIEDADE
BA,Salvador,VEREADOR,NÃO ELEITO,MASCULINO,PARDA,ENSINO FUNDAMENTAL INCOMPLETO,-4,CABELEIREIRO E BARBEIRO,SOLIDARIEDADE
BA,Salvador,VEREADOR,SUPLENTE,MASCULINO,PARDA,SUPERIOR COMPLETO,-4,SERVIDOR PÚBLICO MUNICIPAL,PRD
BA,Salvador,VEREADOR,SUPLENTE,FEMININO,PARDA,ENSINO MÉDIO COMPLETO,-4,PEDAGOGO,PRD
BA,Salvador,VEREADOR,ELEITO POR QP,MASCULINO,BRANCA,ENSINO MÉDIO COMPLETO,-4,VEREADOR,PRD
BA,Salvador,VEREADOR,SUPLENTE,MASCULINO,BRANCA,ENSINO MÉDIO COMPLETO,-4,OUTROS,PRD
BA,Salvador,VEREADOR,SUPLENTE,FEMININO,PRETA,SUPERIOR COMPLETO,-4,ENFERMEIRO,PRD
BA,Salvador,VEREADOR,SUPLENTE,MASCULINO,PARDA,ENSINO MÉDIO COMPLETO,-4,TÉCNICO DE LABORATÓRIO E RAIOS X,UNIÃO
BA,Salvador,VEREADOR,SUPLENTE,MASCULINO,BRANCA,SUPERIOR COMPLETO,-4,SERVIDOR PÚBLICO ESTADUAL,UNIÃO
BA,Salvador,VEREADOR,ELEITO POR QP,FEMININO,BRANCA,SUPERIOR COMPLETO,-4,VEREADOR,UNIÃO
BA,Salvador,VEREADOR,SUPLENTE,MASCULINO,BRANCA,ENSINO MÉDIO COMPLETO,-4,OUTROS,PDT
BA,Salvador,VEREADOR,SUPLENTE,FEMININO,PARDA,SUPERIOR COMPLETO,-4,SERVIDOR PÚBLICO MUNICIPAL,PDT
BA,Salvador,VEREADOR,SUPLENTE,MASCULINO,BRANCA,ENSINO MÉDIO COMPLETO,-4,APOSENTADO (EXCETO SERVIDOR PÚBLICO),PDT
BA,Salvador,VEREADOR,SUPLENTE,MASCULINO,PARDA,ENSINO MÉDIO COMPLETO,-4,AGENTE ADMINISTRATIVO,PDT
BA,Salvador,VEREADOR,SUPLENTE,MASCULINO,PRETA,SUPERIOR COMPLETO,-4,MÉDICO,PDT
BA,Salvador,VEREADOR,SUPLENTE,FEMININO,PRETA,SUPERIOR COMPLETO,-4,OUTROS,PDT
BA,Salvador,VEREADOR,SUPLENTE,MASCULINO,PARDA,SUPERIOR INCOMPLETO,-4,EMPRESÁRIO,MDB
BA,Salvador,VEREADOR,SUPLENTE,FEMININO,PARDA,SUPERIOR COMPLETO,-4,COZINHEIRO,MDB
BA,Salvador,VEREADOR,SUPLENTE,MASCULINO,PRETA,ENSINO MÉDIO COMPLETO,-4,MOTORISTA DE VEÍCULOS DE TRANSPORTE COLETIVO DE PASSAGEIROS,MDB
BA,Salvador,VEREADOR,NÃO ELEITO,MASCULINO,PRETA,ENSINO FUNDAMENTAL COMPLETO,-4,POLICIAL MILITAR,PRTB
BA,Salvador,VEREADOR,NÃO ELEITO,FEMININO,PRETA,ENSINO MÉDIO COMPLETO,-4,AGENTE ADMINISTRATIVO,PRTB
BA,Salvador,VEREADOR,NÃO ELEITO,FEMININO,PARDA,SUPERIOR COMPLETO,-4,MÉDICO,PRTB
BA,Salvador,VEREADOR,ELEITO POR MÉDIA,FEMININO,PARDA,SUPERIOR COMPLETO,-4,ENFERMEIRO,PC do B
BA,Salvador,VEREADOR,SUPLENTE,MASCULINO,PARDA,SUPERIOR COMPLETO,-4,INDUSTRIAL,PT
BA,Salvador,VEREADOR,SUPLENTE,FEMININO,PARDA,SUPERIOR COMPLETO,-4,PEDAGOGO,PV
BA,Salvador,VEREADOR,SUPLENTE,FEMININO,NÃO INFORMADO,ENSINO MÉDIO COMPLETO,-4,COMERCIANTE,PP
BA,Salvador,VEREADOR,SUPLENTE,MASCULINO,PARDA,ENSINO MÉDIO COMPLETO,-4,COMERCIANTE,PP
BA,Salvador,VEREADOR,SUPLENTE,FEMININO,PARDA,ENSINO MÉDIO COMPLETO,-4,AUXILIAR DE ESCRITÓRIO E ASSEMELHADOS,PP
BA,Salvador,VEREADOR,SUPLENTE,FEMININO,PRETA,SUPERIOR COMPLETO,-4,OUTROS,PP
BA,Salvador,VEREADOR,SUPLENTE,FEMININO,BRANCA,SUPERIOR COMPLETO,-4,ECONOMISTA,PP
BA,Salvador,VEREADOR,ELEITO POR QP,MASCULINO,BRANCA,SUPERIOR COMPLETO,-4,VEREADOR,PP
BA,Salvador,VEREADOR,SUPLENTE,MASCULINO,PARDA,SUPERIOR COMPLETO,-4,MOTORISTA DE VEÍCULOS DE TRANSPORTE COLETIVO DE PASSAGEIROS,DC
BA,Salvador,VEREADOR,SUPLENTE,MASCULINO,PRETA,SUPERIOR COMPLETO,-4,ADMINISTRADOR,DC
BA,Salvador,VEREADOR,SUPLENTE,MASCULINO,PARDA,SUPERIOR COMPLETO,-4,ECONOMISTA,DC
BA,Salvador,VEREADOR,SUPLENTE,MASCULINO,PARDA,ENSINO FUNDAMENTAL COMPLETO,-4,MÚSICO,DC
BA,Salvador,VEREADOR,SUPLENTE,FEMININO,PARDA,SUPERIOR COMPLETO,-4,OUTROS,DC
BA,Salvador,VEREADOR,SUPLENTE,MASCULINO,PARDA,SUPERIOR COMPLETO,-4,SERVIDOR PÚBLICO FEDERAL,PSB
BA,Salvador,VEREADOR,SUPLENTE,MASCULINO,PARDA,SUPERIOR COMPLETO,-4,SERVIDOR PÚBLICO MUNICIPAL,PSB
BA,Salvador,VEREADOR,SUPLENTE,FEMININO,PRETA,ENSINO MÉDIO COMPLETO,-4,APOSENTADO (EXCETO SERVIDOR PÚBLICO),PSB
BA,Salvador,VEREADOR,SUPLENTE,FEMININO,PARDA,SUPERIOR COMPLETO,-4,ADVOGADO,PSB
BA,Salvador,VEREADOR,SUPLENTE,FEMININO,PRETA,SUPERIOR COMPLETO,-4,SERVIDOR PÚBLICO MUNICIPAL,PSB
BA,Salvador,VEREADOR,SUPLENTE,MASCULINO,PARDA,SUPERIOR COMPLETO,-4,PROFESSOR DE ENSINO FUNDAMENTAL,REDE
BA,Salvador,VEREADOR,SUPLENTE,MASCULINO,PARDA,ENSINO FUNDAMENTAL COMPLETO,-4,PESCADOR,PSOL
BA,Salvador,VEREADOR,SUPLENTE,FEMININO,PRETA,SUPERIOR COMPLETO,-4,AGENTE ADMINISTRATIVO,PSOL
BA,Salvador,VEREADOR,SUPLENTE,FEMININO,PRETA,SUPERIOR COMPLETO,-4,"ESTUDANTE, BOLSISTA, ESTAGIÁRIO E ASSEMELHADOS",PSOL
BA,Salvador,VEREADOR,SUPLENTE,MASCULINO,PRETA,SUPERIOR COMPLETO,-4,PROFESSOR DE ENSINO MÉDIO,REDE
BA,Salvador,VEREADOR,NÃO ELEITO,FEMININO,PARDA,SUPERIOR INCOMPLETO,-4,APOSENTADO (EXCETO SERVIDOR PÚBLICO),PSTU
BA,Salvador,VEREADOR,SUPLENTE,MASCULINO,PARDA,ENSINO FUNDAMENTAL INCOMPLETO,-4,EMPRESÁRIO,PL
BA,Salvador,VEREADOR,SUPLENTE,MASCULINO,PRETA,ENSINO MÉDIO INCOMPLETO,-4,APOSENTADO (EXCETO SERVIDOR PÚBLICO),PL
BA,Salvador,VEREADOR,SUPLENTE,MASCULINO,PARDA,ENSINO FUNDAMENTAL COMPLETO,-4,COMERCIANTE,PL
BA,Salvador,VEREADOR,SUPLENTE,FEMININO,PARDA,ENSINO MÉDIO COMPLETO,-4,OUTROS,PSD
BA,Salvador,VEREADOR,SUPLENTE,MASCULINO,PRETA,ENSINO MÉDIO COMPLETO,-4,PRODUTOR DE ESPETÁCULOS PÚBLICOS,PSD
BA,Salvador,VEREADOR,SUPLENTE,MASCULINO,BRANCA,SUPERIOR COMPLETO,-4,PROFESSOR DE ENSINO MÉDIO,PSD
BA,Salvador,VEREADOR,NÃO ELEITO,MASCULINO,BRANCA,SUPERIOR COMPLETO,-4,ADVOGADO,NOVO
BA,Salvador,VEREADOR,NÃO ELEITO,FEMININO,BRANCA,SUPERIOR INCOMPLETO,-4,BANCÁRIO E ECONOMIÁRIO,NOVO
BA,Salvador,VEREADOR,SUPLENTE,MASCULINO,PARDA,ENSINO MÉDIO COMPLETO,-4,OUTROS,REPUBLICANOS
BA,Salvador,VEREADOR,SUPLENTE,MASCULINO,PARDA,ENSINO MÉDIO COMPLETO,-4,VIGILANTE,REPUBLICANOS
BA,Salvador,VEREADOR,SUPLENTE,MASCULINO,PRETA,ENSINO MÉDIO COMPLETO,-4,VEREADOR,REPUBLICANOS
BA,Salvador,VEREADOR,NÃO ELEITO,MASCULINO,PARDA,ENSINO MÉDIO COMPLETO,-4,COMERCIANTE,AVANTE
BA,Salvador,VEREADOR,NÃO ELEITO,MASCULINO,PARDA,SUPERIOR INCOMPLETO,-4,OUTROS,AVANTE
BA,Salvador,VEREADOR,NÃO ELEITO,MASCULINO,PARDA,ENSINO MÉDIO INCOMPLETO,-4,COMERCIANTE,AVANTE
BA,Salvador,VEREADOR,NÃO ELEITO,MASCULINO,PARDA,ENSINO MÉDIO COMPLETO,-4,"FEIRANTE, AMBULANTE E MASCATE",AVANTE
BA,Salvador,VEREADOR,NÃO ELEITO,FEMININO,PARDA,ENSINO MÉDIO COMPLETO,-4,OUTROS,PMB
BA,Salvador,VEREADOR,NÃO ELEITO,MASCULINO,PARDA,ENSINO MÉDIO COMPLETO,-4,EMPRESÁRIO,PMB
BA,Salvador,VEREADOR,NÃO ELEITO,FEMININO,PRETA,SUPERIOR COMPLETO,-4,PEDAGOGO,PMB
BA,Salvador,VEREADOR,NÃO ELEITO,FEMININO,PARDA,SUPERIOR COMPLETO,-4,OUTROS,PMB
BA,Salvador,VEREADOR,SUPLENTE,FEMININO,PRETA,SUPERIOR COMPLETO,-4,JORNALISTA E REDATOR,PODE
BA,Salvador,VEREADOR,SUPLENTE,MASCULINO,PRETA,SUPERIOR INCOMPLETO,-4,GERENTE,PODE
BA,Salvador,VEREADOR,SUPLENTE,MASCULINO,PRETA,ENSINO MÉDIO COMPLETO,-4,EMPRESÁRIO,PODE
BA,Salvador,VEREADOR,SUPLENTE,FEMININO,BRANCA,SUPERIOR COMPLETO,-4,ENFERMEIRO,PODE
BA,Salvador,VEREADOR,SUPLENTE,MASCULINO,INDÍGENA,SUPERIOR COMPLETO,-4,PROFESSOR DE ENSINO MÉDIO,PODE
BA,Salvador,VEREADOR,SUPLENTE,MASCULINO,PRETA,SUPERIOR COMPLETO,-4,VIGILANTE,PODE
BA,Salvador,VEREADOR,SUPLENTE,MASCULINO,PARDA,ENSINO MÉDIO COMPLETO,-4,COMERCIANTE,PODE
BA,Salvador,VEREADOR,NÃO ELEITO,FEMININO,PARDA,SUPERIOR COMPLETO,-4,BIBLIOTECÁRIO,MOBILIZA
BA,Salvador,VEREADOR,NÃO ELEITO,FEMININO,BRANCA,ENSINO MÉDIO COMPLETO,-4,TÉCNICO EM INFORMÁTICA,MOBILIZA
BA,Salvador,VEREADOR,NÃO ELEITO,FEMININO,PARDA,ENSINO MÉDIO INCOMPLETO,-4,OUTROS,MOBILIZA
BA,Salvador,VEREADOR,NÃO ELEITO,MASCULINO,PARDA,ENSINO MÉDIO COMPLETO,-4,NUTRICIONISTA E ASSEMELHADOS,MOBILIZA
BA,Salvador,VEREADOR,NÃO ELEITO,MASCULINO,PRETA,ENSINO MÉDIO COMPLETO,-4,ADMINISTRADOR,MOBILIZA
BA,Salvador,VEREADOR,SUPLENTE,FEMININO,PARDA,ENSINO FUNDAMENTAL INCOMPLETO,-4,OUTROS,PSDB
BA,Salvador,VEREADOR,ELEITO POR QP,MASCULINO,BRANCA,SUPERIOR COMPLETO,-4,VEREADOR,PSDB
BA,Salvador,VEREADOR,SUPLENTE,MASCULINO,PRETA,SUPERIOR COMPLETO,-4,EMPRESÁRIO,CIDADANIA
BA,Salvador,VEREADOR,SUPLENTE,MASCULINO,PARDA,ENSINO MÉDIO COMPLETO,-4,OUTROS,CIDADANIA
BA,Salvador,VEREADOR,#NULO,MASCULINO,BRANCA,ENSINO FUNDAMENTAL INCOMPLETO,-4,EMPRESÁRIO,MDB
BA,Salvador,VEREADOR,#NULO,FEMININO,PARDA,ENSINO MÉDIO COMPLETO,-4,EMPREGADO DOMÉSTICO,NOVO
BA,Salvador,VEREADOR,#NULO,MASCULINO,PRETA,SUPERIOR INCOMPLETO,-4,ANALISTA DE SISTEMAS,NOVO
BA,Salvador,VEREADOR,#NULO,MASCULINO,PRETA,SUPERIOR COMPLETO,-4,PROFESSOR E INSTRUTOR DE FORMAÇÃO PROFISSIONAL,REPUBLICANOS
BA,Salvador,VEREADOR,#NULO,MASCULINO,PRETA,ENSINO MÉDIO COMPLETO,-4,OUTROS,AVANTE
BA,Salvador,VEREADOR,NÃO ELEITO,FEMININO,BRANCA,SUPERIOR COMPLETO,-4,MÉDICO,SOLIDARIEDADE
BA,Salvador,VEREADOR,SUPLENTE,MASCULINO,PARDA,ENSINO FUNDAMENTAL INCOMPLETO,-4,OUTROS,PRD
BA,Salvador,VEREADOR,SUPLENTE,MASCULINO,BRANCA,SUPERIOR COMPLETO,-4,MÉDICO,PRD
BA,Salvador,VEREADOR,SUPLENTE,FEMININO,PARDA,ENSINO MÉDIO COMPLETO,-4,AGENTE ADMINISTRATIVO,PRD
BA,Salvador,VEREADOR,SUPLENTE,FEMININO,PARDA,ENSINO MÉDIO COMPLETO,-4,PROFESSOR DE ENSINO FUNDAMENTAL,PRD
BA,Salvador,VEREADOR,SUPLENTE,MASCULINO,PRETA,SUPERIOR INCOMPLETO,-4,OUTROS,PRD
BA,Salvador,VEREADOR,SUPLENTE,MASCULINO,NÃO INFORMADO,SUPERIOR COMPLETO,-4,"OPERADOR DE EQUIPAMENTO DE RÁDIO, TELEVISÃO, SOM E CINEMA",PRD
BA,Salvador,VEREADOR,SUPLENTE,FEMININO,PRETA,SUPERIOR INCOMPLETO,-4,"ESTUDANTE, BOLSISTA, ESTAGIÁRIO E ASSEMELHADOS",UNIÃO
BA,Salvador,VEREADOR,SUPLENTE,MASCULINO,PARDA,SUPERIOR COMPLETO,-4,MÉDICO,UNIÃO
BA,Salvador,VEREADOR,SUPLENTE,MASCULINO,PARDA,SUPERIOR INCOMPLETO,-4,"TÉCNICO CONTABILIDADE, ESTATÍSTICA, ECONOMIA DOMÉSTICA E ADMINISTRAÇÃO",PDT
BA,Salvador,VEREADOR,SUPLENTE,MASCULINO,PRETA,SUPERIOR COMPLETO,-4,PROFESSOR DE ENSINO MÉDIO,PDT
BA,Salvador,VEREADOR,SUPLENTE,FEMININO,PRETA,SUPERIOR COMPLETO,-4,AUXILIAR DE ESCRITÓRIO E ASSEMELHADOS,PDT
BA,Salvador,VEREADOR,SUPLENTE,FEMININO,PARDA,SUPERIOR INCOMPLETO,-4,TÉCNICO DE ENFERMAGEM E ASSEMELHADOS (EXCETO ENFERMEIRO),PDT
BA,Salvador,VEREADOR,SUPLENTE,FEMININO,PRETA,SUPERIOR COMPLETO,-4,SERVIDOR PÚBLICO MUNICIPAL,PDT
BA,Salvador,VEREADOR,SUPLENTE,MASCULINO,PRETA,SUPERIOR COMPLETO,-4,SERVIDOR PÚBLICO MUNICIPAL,PDT
BA,Salvador,VEREADOR,SUPLENTE,FEMININO,PRETA,SUPERIOR COMPLETO,-4,ENFERMEIRO,PDT
BA,Salvador,VEREADOR,SUPLENTE,FEMININO,PRETA,SUPERIOR COMPLETO,-4,ADVOGADO,PDT
BA,Salvador,VEREADOR,SUPLENTE,MASCULINO,PARDA,SUPERIOR COMPLETO,-4,ADMINISTRADOR,MDB
BA,Salvador,VEREADOR,SUPLENTE,MASCULINO,PRETA,SUPERIOR COMPLETO,-4,OUTROS,MDB
BA,Salvador,VEREADOR,SUPLENTE,MASCULINO,PRETA,SUPERIOR COMPLETO,-4,VEREADOR,MDB
BA,Salvador,VEREADOR,SUPLENTE,MASCULINO,BRANCA,SUPERIOR COMPLETO,-4,MÉDICO,MDB
BA,Salvador,VEREADOR,NÃO ELEITO,MASCULINO,PARDA,SUPERIOR COMPLETO,-4,"SUPERVISOR, INSPETOR E AGENTE DE COMPRAS E VENDAS",PRTB
BA,Salvador,VEREADOR,SUPLENTE,MASCULINO,PRETA,SUPERIOR COMPLETO,-4,CONTADOR,PV
BA,Salvador,VEREADOR,SUPLENTE,MASCULINO,PARDA,SUPERIOR COMPLETO,-4,ADVOGADO,PV
BA,Salvador,VEREADOR,SUPLENTE,MASCULINO,PRETA,SUPERIOR COMPLETO,-4,SOCIÓLOGO,PT
BA,Salvador,VEREADOR,SUPLENTE,MASCULINO,PRETA,SUPERIOR INCOMPLETO,-4,MOTORISTA DE VEÍCULOS DE TRANSPORTE COLETIVO DE PASSAGEIROS,PT
BA,Salvador,VEREADOR,SUPLENTE,MASCULINO,PARDA,ENSINO MÉDIO COMPLETO,-4,OUTROS,PV
BA,Salvador,VEREADOR,SUPLENTE,FEMININO,PARDA,SUPERIOR COMPLETO,-4,ENGENHEIRO,PP
BA,Salvador,VEREADOR,SUPLENTE,MASCULINO,BRANCA,ENSINO MÉDIO COMPLETO,-4,OUTROS,PP
BA,Salvador,VEREADOR,SUPLENTE,MASCULINO,PRETA,SUPERIOR INCOMPLETO,-4,OUTROS,PP
BA,Salvador,VEREADOR,SUPLENTE,FEMININO,BRANCA,SUPERIOR COMPLETO,-4,OUTROS,PP
BA,Salvador,VEREADOR,SUPLENTE,MASCULINO,BRANCA,SUPERIOR COMPLETO,-4,DIRETOR DE EMPRESAS,PP
BA,Salvador,VEREADOR,SUPLENTE,MASCULINO,PARDA,ENSINO MÉDIO INCOMPLETO,-4,EMPRESÁRIO,DC
BA,Salvador,VEREADOR,SUPLENTE,MASCULINO,PARDA,ENSINO MÉDIO COMPLETO,-4,VEREADOR,DC
BA,Salvador,VEREADOR,SUPLENTE,FEMININO,BRANCA,SUPERIOR COMPLETO,-4,ASSISTENTE SOCIAL,DC
BA,Salvador,VEREADOR,SUPLENTE,MASCULINO,PARDA,ENSINO MÉDIO COMPLETO,-4,PROFESSOR E INSTRUTOR DE FORMAÇÃO PROFISSIONAL,PSB
BA,Salvador,VEREADOR,SUPLENTE,MASCULINO,PRETA,SUPERIOR COMPLETO,-4,EMPRESÁRIO,PSB
BA,Salvador,VEREADOR,SUPLENTE,MASCULINO,PRETA,ENSINO MÉDIO COMPLETO,-4,MECÂNICO DE MANUTENÇÃO,PSB
BA,Salvador,VEREADOR,SUPLENTE,FEMININO,PRETA,ENSINO FUNDAMENTAL INCOMPLETO,-4,OUTROS,PSB
BA,Salvador,VEREADOR,SUPLENTE,MASCULINO,PARDA,SUPERIOR COMPLETO,-4,ADVOGADO,REDE
BA,Salvador,VEREADOR,SUPLENTE,FEMININO,PARDA,SUPERIOR COMPLETO,-4,ADMINISTRADOR,REDE
BA,Salvador,VEREADOR,NÃO ELEITO,FEMININO,PARDA,SUPERIOR INCOMPLETO,-4,"ESTUDANTE, BOLSISTA, ESTAGIÁRIO E ASSEMELHADOS",UP
BA,Salvador,VEREADOR,NÃO ELEITO,MASCULINO,PRETA,SUPERIOR INCOMPLETO,-4,TÉCNICO DE MECÂNICA,UP
BA,Salvador,VEREADOR,SUPLENTE,FEMININO,PRETA,SUPERIOR COMPLETO,-4,OUTROS,PL
BA,Salvador,VEREADOR,SUPLENTE,FEMININO,PARDA,ENSINO MÉDIO COMPLETO,-4,CABELEIREIRO E BARBEIRO,PL
BA,Salvador,VEREADOR,SUPLENTE,MASCULINO,PRETA,ENSINO MÉDIO COMPLETO,-4,MOTORISTA PARTICULAR,PL
BA,Salvador,VEREADOR,SUPLENTE,MASCULINO,PARDA,ENSINO MÉDIO COMPLETO,-4,OUTROS,PL
BA,Salvador,VEREADOR,ELEITO POR QP,MASCULINO,PARDA,SUPERIOR COMPLETO,-4,TÉCNICO DE MECÂNICA,PSD
BA,Salvador,VEREADOR,SUPLENTE,MASCULINO,PARDA,ENSINO MÉDIO COMPLETO,-4,AUXILIAR DE ESCRITÓRIO E ASSEMELHADOS,PSD
BA,Salvador,VEREADOR,SUPLENTE,FEMININO,PARDA,SUPERIOR COMPLETO,-4,MÉDICO,PSD
BA,Salvador,VEREADOR,NÃO ELEITO,FEMININO,PARDA,SUPERIOR INCOMPLETO,-4,NUTRICIONISTA E ASSEMELHADOS,NOVO
BA,Salvador,VEREADOR,NÃO ELEITO,MASCULINO,PRETA,SUPERIOR COMPLETO,-4,PROFESSOR DE ENSINO MÉDIO,NOVO
BA,Salvador,VEREADOR,SUPLENTE,MASCULINO,PRETA,SUPERIOR COMPLETO,-4,PROFESSOR DE ENSINO MÉDIO,REPUBLICANOS
BA,Salvador,VEREADOR,NÃO ELEITO,MASCULINO,PRETA,SUPERIOR COMPLETO,-4,POLICIAL MILITAR,AVANTE
BA,Salvador,VEREADOR,NÃO ELEITO,MASCULINO,PARDA,ENSINO MÉDIO COMPLETO,-4,"TÉCNICO DE ELETRICIDADE, ELETRÔNICA E TELECOMUNICAÇÕES",AVANTE
BA,Salvador,VEREADOR,NÃO ELEITO,FEMININO,PARDA,SUPERIOR COMPLETO,-4,PROFESSOR DE ENSINO MÉDIO,AVANTE
BA,Salvador,VEREADOR,NÃO ELEITO,FEMININO,PARDA,ENSINO MÉDIO COMPLETO,-4,COZINHEIRO,AVANTE
BA,Salvador,VEREADOR,NÃO ELEITO,MASCULINO,PARDA,ENSINO FUNDAMENTAL COMPLETO,-4,VIGILANTE,AVANTE
BA,Salvador,VEREADOR,NÃO ELEITO,MASCULINO,PARDA,SUPERIOR COMPLETO,-4,OUTROS,AVANTE
BA,Salvador,VEREADOR,NÃO ELEITO,FEMININO,PRETA,ENSINO FUNDAMENTAL COMPLETO,-4,OUTROS,PMB
BA,Salvador,VEREADOR,NÃO ELEITO,FEMININO,PRETA,ENSINO MÉDIO COMPLETO,-4,OUTROS,PMB
BA,Salvador,VEREADOR,NÃO ELEITO,MASCULINO,PARDA,ENSINO MÉDIO COMPLETO,-4,COMERCIANTE,PMB
BA,Salvador,VEREADOR,NÃO ELEITO,MASCULINO,BRANCA,ENSINO MÉDIO COMPLETO,-4,AGENTE ADMINISTRATIVO,PMB
BA,Salvador,VEREADOR,SUPLENTE,MASCULINO,PRETA,SUPERIOR INCOMPLETO,-4,"ESTUDANTE, BOLSISTA, ESTAGIÁRIO E ASSEMELHADOS",PODE
BA,Salvador,VEREADOR,SUPLENTE,FEMININO,PRETA,SUPERIOR INCOMPLETO,-4,ADMINISTRADOR,PODE
BA,Salvador,VEREADOR,ELEITO POR QP,MASCULINO,BRANCA,SUPERIOR COMPLETO,-4,ADVOGADO,PODE
BA,Salvador,VEREADOR,SUPLENTE,MASCULINO,PRETA,ENSINO MÉDIO COMPLETO,-4,ELETRICISTA E ASSEMELHADOS,PODE
BA,Salvador,VEREADOR,NÃO ELEITO,MASCULINO,PARDA,SUPERIOR INCOMPLETO,-4,MÚSICO,MOBILIZA
BA,Salvador,VEREADOR,NÃO ELEITO,MASCULINO,PARDA,ENSINO MÉDIO COMPLETO,-4,COMERCIANTE,MOBILIZA
BA,Salvador,VEREADOR,NÃO ELEITO,FEMININO,PRETA,ENSINO FUNDAMENTAL COMPLETO,-4,OUTROS,MOBILIZA
BA,Salvador,VEREADOR,NÃO ELEITO,MASCULINO,PRETA,SUPERIOR COMPLETO,-4,AUXILIAR DE ESCRITÓRIO E ASSEMELHADOS,MOBILIZA
BA,Salvador,VEREADOR,NÃO ELEITO,MASCULINO,PARDA,ENSINO MÉDIO COMPLETO,-4,MOTORISTA DE VEÍCULOS DE TRANSPORTE COLETIVO DE PASSAGEIROS,MOBILIZA
BA,Salvador,VEREADOR,NÃO ELEITO,MASCULINO,PARDA,ENSINO MÉDIO INCOMPLETO,-4,EMPRESÁRIO,MOBILIZA
BA,Salvador,VEREADOR,NÃO ELEITO,MASCULINO,PARDA,ENSINO MÉDIO COMPLETO,-4,MILITAR REFORMADO,MOBILIZA
BA,Salvador,VEREADOR,SUPLENTE,MASCULINO,PRETA,SUPERIOR COMPLETO,-4,MILITAR REFORMADO,CIDADANIA
BA,Salvador,VEREADOR,SUPLENTE,MASCULINO,BRANCA,SUPERIOR COMPLETO,-4,MILITAR REFORMADO,PSDB
BA,Salvador,VEREADOR,SUPLENTE,MASCULINO,PARDA,ENSINO FUNDAMENTAL COMPLETO,-4,AUXILIAR DE ESCRITÓRIO E ASSEMELHADOS,CIDADANIA
BA,Salvador,VEREADOR,SUPLENTE,FEMININO,PARDA,ENSINO MÉDIO COMPLETO,-4,MOTORISTA DE VEÍCULOS DE TRANSPORTE COLETIVO DE PASSAGEIROS,CIDADANIA
BA,Salvador,VEREADOR,SUPLENTE,MASCULINO,PARDA,ENSINO MÉDIO COMPLETO,-4,EMPRESÁRIO,PSDB
BA,Salvador,VEREADOR,ELEITO POR QP,FEMININO,PRETA,SUPERIOR COMPLETO,-4,VEREADOR,PSDB
BA,Salvador,VICE-PREFEITO,NÃO ELEITO,MASCULINO,PARDA,ENSINO MÉDIO COMPLETO,-4,AGENTE ADMINISTRATIVO,PCO
BA,Salvador,VEREADOR,#NULO,MASCULINO,PRETA,ENSINO MÉDIO COMPLETO,-4,MOTORISTA PARTICULAR,PRTB
BA,Salvador,VEREADOR,#NULO,FEMININO,PRETA,ENSINO MÉDIO COMPLETO,-4,OUTROS,PP
BA,Salvador,VEREADOR,#NULO,MASCULINO,PARDA,ENSINO MÉDIO COMPLETO,-4,REPRESENTANTE COMERCIAL,NOVO
BA,Salvador,VEREADOR,#NULO,FEMININO,PARDA,SUPERIOR COMPLETO,-4,SERVIDOR PÚBLICO MUNICIPAL,PMB
BA,Salvador,VEREADOR,NÃO ELEITO,MASCULINO,PARDA,SUPERIOR COMPLETO,-4,EMPRESÁRIO,SOLIDARIEDADE
BA,Salvador,VEREADOR,NÃO ELEITO,MASCULINO,PARDA,SUPERIOR COMPLETO,-4,PROFESSOR DE ENSINO DE PRIMEIRO E SEGUNDO GRAUS,SOLIDARIEDADE
BA,Salvador,VEREADOR,ELEITO POR QP,MASCULINO,PARDA,ENSINO MÉDIO COMPLETO,-4,OUTROS,PRD
BA,Salvador,VEREADOR,SUPLENTE,MASCULINO,PRETA,SUPERIOR INCOMPLETO,-4,POLICIAL MILITAR,PRD
BA,Salvador,VEREADOR,SUPLENTE,MASCULINO,PARDA,SUPERIOR COMPLETO,-4,OUTROS,PRD
BA,Salvador,VEREADOR,SUPLENTE,MASCULINO,PARDA,ENSINO MÉDIO COMPLETO,-4,MOTORISTA DE VEÍCULOS DE TRANSPORTE COLETIVO DE PASSAGEIROS,PRD
BA,Salvador,VEREADOR,SUPLENTE,MASCULINO,PRETA,ENSINO FUNDAMENTAL INCOMPLETO,-4,OUTROS,UNIÃO
BA,Salvador,VEREADOR,SUPLENTE,FEMININO,PARDA,SUPERIOR COMPLETO,-4,SERVIDOR PÚBLICO ESTADUAL,UNIÃO
BA,Salvador,VEREADOR,SUPLENTE,MASCULINO,PARDA,SUPERIOR COMPLETO,-4,"ESTUDANTE, BOLSISTA, ESTAGIÁRIO E ASSEMELHADOS",UNIÃO
BA,Salvador,VEREADOR,SUPLENTE,FEMININO,PRETA,ENSINO MÉDIO COMPLETO,-4,CANTOR E COMPOSITOR,UNIÃO
BA,Salvador,VEREADOR,SUPLENTE,MASCULINO,PARDA,SUPERIOR COMPLETO,-4,MÉDICO,PDT
BA,Salvador,VEREADOR,SUPLENTE,FEMININO,PARDA,ENSINO MÉDIO COMPLETO,-4,EMPRESÁRIO,PDT
BA,Salvador,VEREADOR,SUPLENTE,MASCULINO,BRANCA,ENSINO MÉDIO COMPLETO,-4,EMPRESÁRIO,PDT
BA,Salvador,VEREADOR,SUPLENTE,FEMININO,PARDA,SUPERIOR COMPLETO,-4,PROFESSOR DE ENSINO MÉDIO,MDB
BA,Salvador,VEREADOR,SUPLENTE,MASCULINO,PARDA,ENSINO MÉDIO COMPLETO,-4,APOSENTADO (EXCETO SERVIDOR PÚBLICO),MDB
BA,Salvador,VEREADOR,SUPLENTE,MASCULINO,PARDA,SUPERIOR COMPLETO,-4,SERVIDOR PÚBLICO MUNICIPAL,MDB
BA,Salvador,VEREADOR,SUPLENTE,MASCULINO,PRETA,SUPERIOR INCOMPLETO,-4,PROFESSOR E INSTRUTOR DE FORMAÇÃO PROFISSIONAL,MDB
BA,Salvador,VEREADOR,SUPLENTE,MASCULINO,PRETA,ENSINO MÉDIO COMPLETO,-4,MOTORISTA PARTICULAR,MDB
BA,Salvador,VEREADOR,SUPLENTE,FEMININO,PARDA,SUPERIOR COMPLETO,-4,SERVIDOR PÚBLICO CIVIL APOSENTADO,MDB
BA,Salvador,VEREADOR,SUPLENTE,MASCULINO,PARDA,SUPERIOR COMPLETO,-4,SERVIDOR PÚBLICO ESTADUAL,MDB
BA,Salvador,VEREADOR,SUPLENTE,FEMININO,PARDA,ENSINO MÉDIO COMPLETO,-4,EMPRESÁRIO,MDB
BA,Salvador,VEREADOR,SUPLENTE,MASCULINO,PARDA,SUPERIOR COMPLETO,-4,APOSENTADO (EXCETO SERVIDOR PÚBLICO),MDB
BA,Salvador,VEREADOR,SUPLENTE,FEMININO,PRETA,SUPERIOR COMPLETO,-4,ASSISTENTE SOCIAL,MDB
BA,Salvador,VEREADOR,NÃO ELEITO,MASCULINO,PRETA,ENSINO MÉDIO COMPLETO,-4,DIRETOR DE EMPRESAS,PRTB
BA,Salvador,VEREADOR,SUPLENTE,FEMININO,PARDA,SUPERIOR COMPLETO,-4,CANTOR E COMPOSITOR,PC do B
BA,Salvador,VEREADOR,SUPLENTE,MASCULINO,PRETA,SUPERIOR INCOMPLETO,-4,SERVIDOR PÚBLICO ESTADUAL,PT
BA,Salvador,VEREADOR,SUPLENTE,MASCULINO,PRETA,SUPERIOR COMPLETO,-4,OUTROS,PV
BA,Salvador,VEREADOR,SUPLENTE,MASCULINO,PARDA,SUPERIOR COMPLETO,-4,PROFESSOR DE ENSINO MÉDIO,PT
BA,Salvador,VEREADOR,SUPLENTE,MASCULINO,PARDA,SUPERIOR COMPLETO,-4,OUTROS,PT
BA,Salvador,VEREADOR,SUPLENTE,MASCULINO,PARDA,SUPERIOR COMPLETO,-4,ENGENHEIRO,PV
BA,Salvador,VEREADOR,SUPLENTE,FEMININO,PRETA,ENSINO FUNDAMENTAL COMPLETO,-4,ASTRÓLOGO,PT
BA,Salvador,VEREADOR,ELEITO POR QP,MASCULINO,BRANCA,SUPERIOR COMPLETO,-4,VEREADOR,PV
BA,Salvador,VEREADOR,SUPLENTE,MASCULINO,PARDA,SUPERIOR COMPLETO,-4,ADVOGADO,PP
BA,Salvador,VEREADOR,ELEITO POR QP,MASCULINO,PARDA,ENSINO MÉDIO COMPLETO,-4,OUTROS,PP
BA,Salvador,VEREADOR,SUPLENTE,MASCULINO,BRANCA,SUPERIOR COMPLETO,-4,OUTROS,PP
BA,Salvador,VEREADOR,SUPLENTE,FEMININO,PARDA,SUPERIOR COMPLETO,-4,"SECRETÁRIO,ESTENÓGRAFO,DATILÓGRAFO,RECEPCIONISTA,TELEFONISTA,TAQUÍGRAF",PP
BA,Salvador,VEREADOR,SUPLENTE,MASCULINO,PRETA,ENSINO FUNDAMENTAL INCOMPLETO,-4,MÚSICO,DC
BA,Salvador,VEREADOR,SUPLENTE,FEMININO,PRETA,SUPERIOR COMPLETO,-4,ADVOGADO,DC
BA,Salvador,VEREADOR,SUPLENTE,MASCULINO,PRETA,ENSINO MÉDIO COMPLETO,-4,EMPRESÁRIO,DC
BA,Salvador,VEREADOR,SUPLENTE,MASCULINO,BRANCA,ENSINO MÉDIO COMPLETO,-4,COMERCIANTE,DC
BA,Salvador,VEREADOR,SUPLENTE,MASCULINO,PARDA,SUPERIOR COMPLETO,-4,SACERDOTE OU MEMBRO DE ORDEM OU SEITA RELIGIOSA,PSB
BA,Salvador,VEREADOR,SUPLENTE,MASCULINO,PARDA,ENSINO FUNDAMENTAL COMPLETO,-4,OUTROS,PSB
BA,Salvador,VEREADOR,SUPLENTE,MASCULINO,PARDA,SUPERIOR COMPLETO,-4,PROFESSOR DE ENSINO SUPERIOR,PSB
BA,Salvador,VEREADOR,SUPLENTE,FEMININO,PRETA,SUPERIOR COMPLETO,-4,SERVIDOR PÚBLICO ESTADUAL,PSB
BA,Salvador,VEREADOR,SUPLENTE,FEMININO,PRETA,SUPERIOR COMPLETO,-4,PEDAGOGO,REDE
BA,Salvador,VEREADOR,SUPLENTE,MASCULINO,PRETA,SUPERIOR COMPLETO,-4,BANCÁRIO E ECONOMIÁRIO,PSOL
BA,Salvador,VEREADOR,SUPLENTE,MASCULINO,PARDA,ENSINO MÉDIO COMPLETO,-4,ALMOXARIFE,PSOL
BA,Salvador,VEREADOR,SUPLENTE,MASCULINO,PARDA,ENSINO FUNDAMENTAL COMPLETO,-4,AUXILIAR DE ESCRITÓRIO E ASSEMELHADOS,PSOL
BA,Salvador,VEREADOR,SUPLENTE,MASCULINO,BRANCA,SUPERIOR COMPLETO,-4,EMPRESÁRIO,REDE
BA,Salvador,VEREADOR,SUPLENTE,FEMININO,PRETA,ENSINO FUNDAMENTAL COMPLETO,-4,AGENTE ADMINISTRATIVO,PSOL
BA,Salvador,VEREADOR,SUPLENTE,FEMININO,PARDA,SUPERIOR COMPLETO,-4,ADVOGADO,REDE
BA,Salvador,VEREADOR,SUPLENTE,MASCULINO,PRETA,SUPERIOR COMPLETO,-4,"SUPERVISOR, INSPETOR E AGENTE DE COMPRAS E VENDAS",REDE
BA,Salvador,VEREADOR,SUPLENTE,MASCULINO,BRANCA,SUPERIOR COMPLETO,-4,MÉDICO,PSD
BA,Salvador,VEREADOR,SUPLENTE,MASCULINO,PRETA,SUPERIOR INCOMPLETO,-4,PESCADOR,PSD
BA,Salvador,VEREADOR,SUPLENTE,MASCULINO,PRETA,ENSINO MÉDIO COMPLETO,-4,MÚSICO,PSD
BA,Salvador,VEREADOR,SUPLENTE,FEMININO,PRETA,SUPERIOR COMPLETO,-4,APOSENTADO (EXCETO SERVIDOR PÚBLICO),PSD
BA,Salvador,VEREADOR,SUPLENTE,MASCULINO,PARDA,SUPERIOR COMPLETO,-4,OUTROS,PSD
BA,Salvador,VEREADOR,SUPLENTE,MASCULINO,PRETA,ENSINO MÉDIO COMPLETO,-4,OUTROS,PSD
BA,Salvador,VEREADOR,NÃO ELEITO,FEMININO,PRETA,SUPERIOR COMPLETO,-4,ADVOGADO,NOVO
BA,Salvador,VEREADOR,NÃO ELEITO,FEMININO,PARDA,SUPERIOR COMPLETO,-4,SECRETÁRIO E DATILÓGRAFO,NOVO
BA,Salvador,VEREADOR,NÃO ELEITO,MASCULINO,PARDA,SUPERIOR COMPLETO,-4,PROFESSOR E INSTRUTOR DE FORMAÇÃO PROFISSIONAL,NOVO
BA,Salvador,VEREADOR,SUPLENTE,MASCULINO,PARDA,SUPERIOR COMPLETO,-4,ADVOGADO,REPUBLICANOS
BA,Salvador,VEREADOR,ELEITO POR QP,MASCULINO,PARDA,SUPERIOR INCOMPLETO,-4,COMERCIANTE,REPUBLICANOS
BA,Salvador,VEREADOR,NÃO ELEITO,MASCULINO,PARDA,ENSINO MÉDIO COMPLETO,-4,POLICIAL MILITAR,AVANTE
BA,Salvador,VEREADOR,NÃO ELEITO,FEMININO,PRETA,SUPERIOR COMPLETO,-4,OUTROS,AVANTE
BA,Salvador,VEREADOR,NÃO ELEITO,MASCULINO,BRANCA,ENSINO FUNDAMENTAL INCOMPLETO,-4,OUTROS,AVANTE
BA,Salvador,VEREADOR,SUPLENTE,FEMININO,INDÍGENA,SUPERIOR INCOMPLETO,-4,OUTROS,PODE
BA,Salvador,VEREADOR,SUPLENTE,FEMININO,PARDA,ENSINO MÉDIO COMPLETO,-4,TÉCNICO DE ENFERMAGEM E ASSEMELHADOS (EXCETO ENFERMEIRO),PODE
BA,Salvador,VEREADOR,SUPLENTE,MASCULINO,BRANCA,ENSINO MÉDIO INCOMPLETO,-4,EMPRESÁRIO,PODE
BA,Salvador,VEREADOR,SUPLENTE,MASCULINO,PARDA,SUPERIOR COMPLETO,-4,EMPRESÁRIO,PODE
BA,Salvador,VEREADOR,NÃO ELEITO,MASCULINO,PRETA,ENSINO FUNDAMENTAL INCOMPLETO,-4,COBRADOR DE TRANSPORTE COLETIVO,MOBILIZA
BA,Salvador,VEREADOR,NÃO ELEITO,MASCULINO,BRANCA,ENSINO MÉDIO INCOMPLETO,-4,OUTROS,MOBILIZA
BA,Salvador,VEREADOR,NÃO ELEITO,FEMININO,BRANCA,ENSINO MÉDIO COMPLETO,-4,GERENTE,MOBILIZA
BA,Salvador,VEREADOR,NÃO ELEITO,FEMININO,PARDA,SUPERIOR COMPLETO,-4,ENFERMEIRO,MOBILIZA
BA,Salvador,VEREADOR,NÃO ELEITO,FEMININO,PRETA,ENSINO FUNDAMENTAL INCOMPLETO,-4,OUTROS,MOBILIZA
BA,Salvador,VEREADOR,SUPLENTE,MASCULINO,BRANCA,SUPERIOR COMPLETO,-4,MÉDICO,PSDB
BA,Salvador,VEREADOR,SUPLENTE,MASCULINO,PRETA,ENSINO MÉDIO COMPLETO,-4,EMPRESÁRIO,CIDADANIA
